QNAME,ERROR,CHEMSC,CLASS,LENGTH,DB,NAME,SPECIE,MASS,PREC:mE504_POS_01.raw,PREC:mE504_POS_02.raw,PREC:mE504_POS_03.raw,PREC:mE504_POS_04.raw,PREC:mE504_POS_05.raw,SUMFA:mE504_POS_01.raw,SUMFA:mE504_POS_02.raw,SUMFA:mE504_POS_03.raw,SUMFA:mE504_POS_04.raw,SUMFA:mE504_POS_05.raw,MASSFRAG1,FRAG1:mE504_POS_01.raw,FRAG1:mE504_POS_02.raw,FRAG1:mE504_POS_03.raw,FRAG1:mE504_POS_04.raw,FRAG1:mE504_POS_05.raw,OH,MASSFRAG2,FRAG2:mE504_POS_01.raw,FRAG2:mE504_POS_02.raw,FRAG2:mE504_POS_03.raw,FRAG2:mE504_POS_04.raw,FRAG2:mE504_POS_05.raw,POS
POS,,,,,,,,,,,,,,,,,,,,,,,,,,,,,,,,
###,ISCEPOSMS2,,,,,,,,,,,,,,,,,,,,,,,,,,,,,,,
ISCEPOSMS2,-0.07ppm,H71 C42 D7 O2 N1 ,CE,15,0,isCE 15:0,Keine,635.6466,3302604.7,2919669.1,2148665.2,984475.6,7454085.1,1147173.6,1114891.8,687598.3,440639.3,3143701.7,376.3958,1147173.6,1114891.8,687598.3,440639.3,3143701.7,None, None, None, None, None, None, None,
,,,,,,,,,,,,,,,,,,,,,,,,,,,,,,,,
,,,,,,,,,,,,,,,,,,,,,,,,,,,,,,,,
###,ISHexCerPosMS2,,,,,,,,,,,,,,,,,,,,,,,,,,,,,,,
ISHexCerPosMS2,0.01ppm,H70 C36 O8 N1 ,HexCer,30,1,isHexCer 30:1;2,,644.5096,8703758.7,5985000.1,9562036.8,7189309,23614166.1,6271291,4591499.5,6512949.1,4496112.2,15132736.8,264.2687,5718293.7,4207521.1,5951323.6,4112918.3,13839585.2,2,282.2791,552997.3,383978.4,561625.5,383193.8,1293151.6,
,,,,,,,,,,,,,,,,,,,,,,,,,,,,,,,,
,,,,,,,,,,,,,,,,,,,,,,,,,,,,,,,,
###,ISPCPosMS2,,,,,,,,,,,,,,,,,,,,,,,,,,,,,,,
ISPCPosMS2,0.14ppm,H89 C44 P1 O6 N1 ,PC,36,2,isPC 36:2,Keine,758.6423,19986323.4,4182142.3,22698080,20178845.3,39807048.5,402221583.7,395263934.9,444224936.8,502112580.1,4624562.4,184.0736,402221583.7,395263934.9,444224936.8,502112580.1,4624562.4,None, None, None, None, None, None, None,
,,,,,,,,,,,,,,,,,,,,,,,,,,,,,,,,
,,,,,,,,,,,,,,,,,,,,,,,,,,,,,,,,
###,ISPCPosMS2O,,,,,,,,,,,,,,,,,,,,,,,,,,,,,,,
ISPCPosMS2O,0.14ppm,H89 C44 P1 O6 N1 ,PC,36,2,isPCO- 36:2,Keine,758.6423,19986323.4,4182142.3,22698080,20178845.3,39807048.5,402221583.7,395263934.9,444224936.8,502112580.1,4624562.4,184.0736,402221583.7,395263934.9,444224936.8,502112580.1,4624562.4,None, None, None, None, None, None, None,
,,,,,,,,,,,,,,,,,,,,,,,,,,,,,,,,
,,,,,,,,,,,,,,,,,,,,,,,,,,,,,,,,
###,ISSMPosMS2,,,,,,,,,,,,,,,,,,,,,,,,,,,,,,,
ISSMPosMS2,0.20ppm,H72 C35 P1 O6 N2 ,SM,30,1,isSM 30:1;2,None,647.5124,13882679.5,8107865.9,15262952.3,13215228.7,24980959.3,16323594.2,11967245.8,17715368.5,15079984.5,31241229.3,184.0735,16323594.2,11967245.8,17715368.5,15079984.5,31241229.3,2,None, None, None, None, None, None,
,,,,,,,,,,,,,,,,,,,,,,,,,,,,,,,,
,,,,,,,,,,,,,,,,,,,,,,,,,,,,,,,,
###,CholEsterPosMS1MS2,,,,,,,,,,,,,,,,,,,,,,,,,,,,,,,
CholEsterPosMS1MS2,-0.47ppm,H72 C39 O2 N1 ,CE,12,0,CE 12:0,Keine,586.5555,0,0,0,0,74680.5,2950.2,0,3563.7,3457.6,0,369.3522,2950.2,0,3563.7,3457.6,0,None, None, None, None, None, None, None,
CholEsterPosMS1MS2,5.31ppm,H62 C41 O2 N1 ,CE,14,7,CE 14:7,Keine,600.4807,0,0,0,0,16387.1,0,0,0,5004.9,0,369.3543,0,0,0,5004.9,0,None, None, None, None, None, None, None,
CholEsterPosMS1MS2,1.17ppm,H76 C41 O2 N1 ,CE,14,0,CE 14:0,Keine,614.5878,0,0,30586.5,9830,0,21599.3,22815.4,89824.2,69142.2,3959.7,369.3517,21599.3,22815.4,89824.2,69142.2,3959.7,None, None, None, None, None, None, None,
CholEsterPosMS1MS2,1.54ppm,H74 C43 O2 N1 ,CE,16,3,CE 16:3,Keine,636.5724,0,0,0,9266,0,4924,4512.6,23511,22913,0,369.3528,4924,4512.6,23511,22913,0,None, None, None, None, None, None, None,
CholEsterPosMS1MS2,1.02ppm,H76 C43 O2 N1 ,CE,16,2,CE 16:2,Keine,638.5877,0,0,8123.8,0,0,10419.6,12446.1,47649.4,49709.1,0,369.3513,10419.6,12446.1,47649.4,49709.1,0,None, None, None, None, None, None, None,
CholEsterPosMS1MS2,-0.38ppm,H78 C43 O2 N1 ,CE,16,1,CE 16:1,Keine,640.6025,2888121.7,2763237.5,10814969.4,11147078.3,7052738,707480.7,750168.5,3461463.7,3268318.8,23344.3,369.352,707480.7,750168.5,3461463.7,3268318.8,23344.3,None, None, None, None, None, None, None,
CholEsterPosMS1MS2,0.60ppm,H80 C43 O2 N1 ,CE,16,0,CE 16:0,Keine,642.6187,926042.2,1378130.4,7517812.6,7137356.5,0,523297.7,573612.1,2745451.9,2268679.1,8764.2,369.3515,523297.7,573612.1,2745451.9,2268679.1,8764.2,None, None, None, None, None, None, None,
CholEsterPosMS1MS2,0.77ppm,H78 C45 O2 N1 ,CE,18,3,CE 18:3,Keine,664.6032,61549.5,132420.7,3186723.6,3613987.5,0,248361.6,259636.3,1341909.8,1484922.7,0,369.3519,248361.6,259636.3,1341909.8,1484922.7,0,None, None, None, None, None, None, None,
CholEsterPosMS1MS2,0.03ppm,H80 C45 O2 N1 ,CE,18,2,CE 18:2,Keine,666.6184,29181292.6,28196885.2,171044279.8,176900473.6,0,11045652,12702911.8,71012793.4,53741243.9,0,369.3518,11045652,12702911.8,71012793.4,53741243.9,0,None, None, None, None, None, None, None,
CholEsterPosMS1MS2,1.44ppm,H82 C45 O2 N1 ,CE,18,1,CE 18:1,Keine,668.635,7539501.4,7245368.6,42886859.7,41274443.3,3514,3330627.3,3421063.6,17602673.1,13684068.6,28931.1,369.3516,3330627.3,3421063.6,17602673.1,13684068.6,28931.1,None, None, None, None, None, None, None,
CholEsterPosMS1MS2,-0.59ppm,H76 C47 O2 N1 ,CE,20,6,CE 20:6,Keine,686.5867,22173.9,563.2,0,0,0,5860.6,4232.9,40520.8,44905.7,0,369.3523,5860.6,4232.9,40520.8,44905.7,0,None, None, None, None, None, None, None,
CholEsterPosMS1MS2,-0.48ppm,H78 C47 O2 N1 ,CE,20,5,CE 20:5,Keine,688.6024,143934.1,92528.6,1920469.4,2239888.9,0,139697.2,160706.7,565992.4,739290.9,22707.6,369.3518,139697.2,160706.7,565992.4,739290.9,22707.6,None, None, None, None, None, None, None,
CholEsterPosMS1MS2,0.07ppm,H80 C47 O2 N1 ,CE,20,4,CE 20:4,Keine,690.6184,49950209.3,44728519.3,326136514.2,326471008.7,0,22696441.8,19562541,142019981.1,105196259.6,2141.1,369.3514,22696441.8,19562541,142019981.1,105196259.6,2141.1,None, None, None, None, None, None, None,
CholEsterPosMS1MS2,5.15ppm,H82 C47 O2 N1 ,CE,20,3,CE 20:3,Keine,692.6376,0,0,0,28000.9,0,-1.6,6535.5,-1.6,95963.3,0,369.3518,-1.6,6535.5,-1.6,95963.3,0,None, None, None, None, None, None, None,
CholEsterPosMS1MS2,1.80ppm,H84 C47 O2 N1 ,CE,20,2,CE 20:2,Keine,694.6509,0,0,341481.1,484450.1,0,35397.6,42043.9,195429.5,230211.1,0,369.3516,35397.6,42043.9,195429.5,230211.1,0,None, None, None, None, None, None, None,
CholEsterPosMS1MS2,0.23ppm,H86 C47 O2 N1 ,CE,20,1,CE 20:1,Keine,696.6655,0,0,369.2,-1.7,0,69631.6,64888.5,333708.2,177026.7,0,369.3517,69631.6,64888.5,333708.2,177026.7,0,None, None, None, None, None, None, None,
CholEsterPosMS1MS2,0.18ppm,H80 C49 O2 N1 ,CE,22,6,CE 22:6,Keine,714.6185,5427136.3,5324580,39554548.2,44247367.2,0,2375990,2544949.6,17164620.6,17565605.7,3359.1,369.3521,2375990,2544949.6,17164620.6,17565605.7,3359.1,None, None, None, None, None, None, None,
CholEsterPosMS1MS2,3.28ppm,H82 C49 O2 N1 ,CE,22,5,CE 22:5,Keine,716.6364,0,0,420598.9,343654.9,0,-1.6,-1.6,-1.6,-1.6,14168.3,369.3516,-1.6,-1.6,-1.6,-1.6,14168.3,None, None, None, None, None, None, None,
CholEsterPosMS1MS2,0.70ppm,H84 C49 O2 N1 ,CE,22,4,CE 22:4,Keine,718.6502,28191.2,31258.3,2432370.9,2622395.1,0,13192.8,30514.2,187200.4,155473.7,0,369.3519,13192.8,30514.2,187200.4,155473.7,0,None, None, None, None, None, None, None,
CholEsterPosMS1MS2,-0.53ppm,H88 C49 O2 N1 ,CE,22,2,CE 22:2,Keine,722.6806,0,0,333577.1,315213.2,0,55990.5,48742.8,62094.1,63094.3,0,369.352,55990.5,48742.8,62094.1,63094.3,0,None, None, None, None, None, None, None,
CholEsterPosMS1MS2,-4.73ppm,H90 C49 O2 N1 ,CE,22,1,CE 22:1,Keine,724.6932,0,9081.9,0,0,0,0,11378.9,51447.3,41997.5,0,369.3516,0,11378.9,51447.3,41997.5,0,None, None, None, None, None, None, None,
CholEsterPosMS1MS2,4.69ppm,H84 C51 O2 N1 ,CE,24,6,CE 24:6,Keine,742.6531,0,10092.8,0,0,0,0,0,24784.8,24235.8,0,369.3518,0,0,24784.8,24235.8,0,None, None, None, None, None, None, None,
CholEsterPosMS1MS2,-1.59ppm,H86 C51 O2 N1 ,CE,24,5,CE 24:5,Keine,744.6641,0,0,0,0,3781,0,0,20538.9,17381.8,0,369.3527,0,0,20538.9,17381.8,0,None, None, None, None, None, None, None,
CholEsterPosMS1MS2,0.39ppm,H88 C51 O2 N1 ,CE,24,4,CE 24:4,Keine,746.6812,0,21851.6,1910405.2,1916700.7,0,0,18804,26435.6,26126.9,0,369.3512,0,18804,26435.6,26126.9,0,None, None, None, None, None, None, None,
CholEsterPosMS1MS2,1.78ppm,H90 C51 O2 N1 ,CE,24,3,CE 24:3,Keine,748.6979,0,1405,0,0,0,31415.9,15974.1,129427.7,107263,0,369.3521,31415.9,15974.1,129427.7,107263,0,None, None, None, None, None, None, None,
CholEsterPosMS1MS2,5.80ppm,H88 C53 O2 N1 ,CE,26,6,CE 26:6,Keine,770.6854,0,0,0,0,3642,0,0,9801.4,6524.8,0,369.3513,0,0,9801.4,6524.8,0,None, None, None, None, None, None, None,
CholEsterPosMS1MS2,0.53ppm,H90 C53 O2 N1 ,CE,26,5,CE 26:5,Keine,772.697,0,0,26147.2,60029.9,0,0,0,45499.5,31717.4,0,369.3513,0,0,45499.5,31717.4,0,None, None, None, None, None, None, None,
CholEsterPosMS1MS2,4.70ppm,H98 C59 O2 N1 ,CE,32,7,CE 32:7,Keine,852.7632,0,0,0,0,11324.2,0,0,6700.2,4644.6,0,369.3534,0,0,6700.2,4644.6,0,None, None, None, None, None, None, None,
,,,,,,,,,,,,,,,,,,,,,,,,,,,,,,,,
,,,,,,,,,,,,,,,,,,,,,,,,,,,,,,,,
###,HexCer2OHPosMS1MS2,,,,,,,,,,,,,,,,,,,,,,,,,,,,,,,
HexCer2OHPosMS1MS2,3.13ppm,H72 C38 O8 N1 ,HexCer,32,2,HexCer 32:2;2,HexCer 18:1/14:1,670.5273,0,0,0,0,3222.2,2546.4,0,8001.8,0,8928.8,264.2683,2546.4,0,3907.7,0,8928.8,2,282.2812,0,0,4094.1,0,0,
HexCer2OHPosMS1MS2,-1.29ppm,H74 C38 O8 N1 ,HexCer,32,1,HexCer 32:1;2,HexCer 18:1/14:0,672.54,0,0,0,0,37288.2,6415.7,7200.7,0,0,14085.9,264.2682,6415.7,7200.7,0,0,11014.3,2,282.2793,0,0,0,0,3071.5,
HexCer2OHPosMS1MS2,1.01ppm,H76 C40 O8 N1 ,HexCer,34,2,HexCer 34:2;2,HexCer 18:1/16:1,698.5573,10587.5,0,0,0,0,30553.3,25141.1,52733.7,51789.4,3983.3,264.2683,26959.2,25141.1,49299.8,48012.7,3983.3,2,282.2786,3594.1,0,3434,3776.8,0,
HexCer2OHPosMS1MS2,-0.52ppm,H78 C40 O8 N1 ,HexCer,34,1,HexCer 34:1;2,HexCer 18:1/16:0,700.5718,0,23531,150919.5,191824.4,76299.7,115972.5,115892,350589.7,415953.3,4975.7,264.2689,105797.3,105436.9,320310,379012.8,4975.7,2,282.2793,10175.2,10455.1,30279.6,36940.5,0,
HexCer2OHPosMS1MS2,0.67ppm,H80 C40 O8 N1 ,HexCer,34,0,HexCer 34:0;2,HexCer 18:1/16:0,702.5883,0,0,0,0,17414.5,5290.5,5586.8,-1.6,450.6,5038.9,264.2686,5290.5,-1.6,-1.6,-1.6,5038.9,2,282.2791,0,5588.4,0,452.2,0,
HexCer2OHPosMS1MS2,0.67ppm,H80 C40 O8 N1 ,HexCer,34,0,HexCer 34:0;2,HexCer 18:0/16:0,702.5883,0,0,0,0,17414.5,99216.7,84467.6,0,0,0,266.2842,82790.4,74631.4,0,0,0,2,284.2944,16426.4,9836.1,0,0,0,
HexCer2OHPosMS1MS2,-0.27ppm,H82 C42 O8 N1 ,HexCer,36,1,HexCer 36:1;2,HexCer 18:1/18:0,728.6033,0,0,48610.7,15942.8,68934.6,83909.6,63538.5,380903.7,276387.3,2440.8,264.2688,79499.4,58878.4,347037.7,251018,2440.8,2,282.2792,4410.2,4660.1,33866.1,25369.4,0,
HexCer2OHPosMS1MS2,-1.27ppm,H82 C44 O8 N1 ,HexCer,38,3,HexCer 38:3;2,HexCer 18:2/20:1,752.6025,0,0,0,0,15959.9,18951.3,0,11552.6,7977.7,0,262.2534,0,0,11552.6,7977.7,0,2,280.2668,18951.3,0,0,0,0,
HexCer2OHPosMS1MS2,-1.27ppm,H82 C44 O8 N1 ,HexCer,38,3,HexCer 38:3;2,HexCer 18:1/20:2,752.6025,0,0,0,0,15959.9,0,20951.4,239783.3,231899,5045.7,264.2685,0,20951.4,231608.7,217846.5,5045.7,2,282.2794,0,0,8174.6,14052.5,0,
HexCer2OHPosMS1MS2,-1.27ppm,H82 C44 O8 N1 ,HexCer,38,3,HexCer 38:3;2,HexCer 18:0/20:3,752.6025,0,0,0,0,15959.9,252104.1,193231.5,4053.1,5105,0,266.2842,225646.4,171879.3,4053.1,5105,0,2,284.2949,26457.7,21352.2,0,0,0,
HexCer2OHPosMS1MS2,-1.27ppm,H82 C44 O8 N1 ,HexCer,38,3,HexCer 38:3;2,HexCer 20:0/18:3,752.6025,0,0,0,0,15959.9,198392.5,171955.9,15376.7,15784.9,0,294.3159,198392.5,154687.2,15376.7,15784.9,0,2,312.3269,0,17268.7,0,0,0,
HexCer2OHPosMS1MS2,0.04ppm,H90 C46 O8 N1 ,HexCer,40,1,HexCer 40:1;2,HexCer 18:1/22:0,784.6661,95750.9,23736.5,42609.5,0,13759.9,278629.4,245965.2,174132.7,235377.8,5297.3,264.2684,278629.4,227747.2,174132.7,235377.8,5297.3,2,282.2815,0,18218,0,0,0,
HexCer2OHPosMS1MS2,0.23ppm,H94 C48 O8 N1 ,HexCer,42,1,HexCer 42:1;2,HexCer 18:1/24:0,812.6976,447153.1,474611.7,31107.6,0,3751.8,987574.4,743041,157048.5,138790,0,264.2686,929052.1,667183.2,157048.5,138790,0,2,282.2803,58522.2,75857.7,0,0,0,
HexCer2OHPosMS1MS2,-1.87ppm,H100 C50 O8 N1 ,HexCer,44,0,HexCer 44:0;2,HexCer 18:1/26:0,842.7428,0,0,11518.9,0,3251.5,-1.8,-1.8,24921.3,0,3805.5,264.2692,-1.8,-1.8,22698.8,0,3805.5,2,282.2805,0,0,2222.5,0,0,
,,,,,,,,,,,,,,,,,,,,,,,,,,,,,,,,
,,,,,,,,,,,,,,,,,,,,,,,,,,,,,,,,
###,PCOPosMS1MS2,,,,,,,,,,,,,,,,,,,,,,,,,,,,,,,
PCOPosMS1MS2,-5.70ppm,H71 C38 N1 O7 P1 ,PCO-,30,4,PCO- 30:4,Keine,684.4924,8800.4,513.3,0,0,141942,78275.5,67745.2,43740.9,37272.7,3740.1,184.0735,78275.5,67745.2,43740.9,37272.7,3740.1,None, None, None, None, None, None, None,
PCOPosMS1MS2,-1.85ppm,H69 C40 N1 O7 P1 ,PCO-,32,7,PCO- 32:7,Keine,706.4793,0,7104.2,0,0,0,8305848.9,7618168.4,1848021.3,2046403.3,5556,184.0736,8305848.9,7618168.4,1848021.3,2046403.3,5556,None, None, None, None, None, None, None,
PCOPosMS1MS2,0.59ppm,H81 C40 N1 O7 P1 ,PCO-,32,1,PCO- 32:1,Keine,718.5749,3037979.5,2314926.2,155821.4,347686.7,0,4246135.6,3948316.5,1707405.2,1647545.1,751503,184.0735,4246135.6,3948316.5,1707405.2,1647545.1,751503,None, None, None, None, None, None, None,
PCOPosMS1MS2,0.56ppm,H83 C40 N1 O7 P1 ,PCO-,32,0,PCO- 32:0,Keine,720.5906,10363626.4,8687306.7,389949.2,705340.5,0,17143627.9,15533285.5,1633779.6,1882299.7,-1.6,184.0735,17143627.9,15533285.5,1633779.6,1882299.7,-1.6,None, None, None, None, None, None, None,
PCOPosMS1MS2,-2.48ppm,H67 C42 N1 O7 P1 ,PCO-,34,10,PCO- 34:10,Keine,728.4632,0,0,0,0,29999.8,256447.3,192461.1,363539.7,328249.9,0,184.0734,256447.3,192461.1,363539.7,328249.9,0,None, None, None, None, None, None, None,
PCOPosMS1MS2,-3.44ppm,H69 C42 N1 O7 P1 ,PCO-,34,9,PCO- 34:9,Keine,730.4781,10734.3,42976.5,0,0,0,2432550.8,2037767.5,2423318.5,2715379.4,3371.4,184.0734,2432550.8,2037767.5,2423318.5,2715379.4,3371.4,None, None, None, None, None, None, None,
PCOPosMS1MS2,4.27ppm,H71 C42 N1 O7 P1 ,PCO-,34,8,PCO- 34:8,Keine,732.4994,0,2286.4,0,0,0,29031502.6,23545922.6,11098561,11517934.4,16029.7,184.0736,29031502.6,23545922.6,11098561,11517934.4,16029.7,None, None, None, None, None, None, None,
PCOPosMS1MS2,-3.32ppm,H81 C42 N1 O7 P1 ,PCO-,34,3,PCO- 34:3,Keine,742.572,1418416.6,818087.1,137116,325553.7,57542.5,678837.6,555803.3,914011.5,894720.9,9974.4,184.0734,678837.6,555803.3,914011.5,894720.9,9974.4,None, None, None, None, None, None, None,
PCOPosMS1MS2,0.07ppm,H83 C42 N1 O7 P1 ,PCO-,34,2,PCO- 34:2,Keine,744.5902,2657802,2191881.6,899062.5,1329901.6,0,3760352.6,3957129.7,2672571,3031966.8,10997.7,184.0735,3760352.6,3957129.7,2672571,3031966.8,10997.7,None, None, None, None, None, None, None,
PCOPosMS1MS2,-0.09ppm,H85 C42 N1 O7 P1 ,PCO-,34,1,PCO- 34:1,Keine,746.6057,13791646,11311064.7,3172629.2,4079702.2,0,18206445.6,17789784.5,5068936.9,5687590.1,5534.3,184.0735,18206445.6,17789784.5,5068936.9,5687590.1,5534.3,None, None, None, None, None, None, None,
PCOPosMS1MS2,0.75ppm,H87 C42 N1 O7 P1 ,PCO-,34,0,PCO- 34:0,Keine,748.622,946474.6,846802.4,13138.1,0,0,3729399.5,7963179.5,-1.7,-1.7,2583.9,184.0735,3729399.5,7963179.5,-1.7,-1.7,2583.9,None, None, None, None, None, None, None,
PCOPosMS1MS2,-2.81ppm,H69 C44 N1 O7 P1 ,PCO-,36,11,PCO- 36:11,Keine,754.4785,170457.3,279941.2,0,0,0,648592.8,605530.4,979969.7,956000,2155.1,184.0735,648592.8,605530.4,979969.7,956000,2155.1,None, None, None, None, None, None, None,
PCOPosMS1MS2,-2.57ppm,H71 C44 N1 O7 P1 ,PCO-,36,10,PCO- 36:10,Keine,756.4943,1555697,1295075.6,0,0,0,8362598.8,7983657.2,18166747.9,19703006.7,6061.2,184.0734,8362598.8,7983657.2,18166747.9,19703006.7,6061.2,None, None, None, None, None, None, None,
PCOPosMS1MS2,-3.28ppm,H75 C44 N1 O7 P1 ,PCO-,36,8,PCO- 36:8,Keine,760.5251,0,0,0,0,113645.8,329051632.2,269528593.5,181125544.9,141769380.9,-1.7,184.0736,329051632.2,269528593.5,181125544.9,141769380.9,-1.7,None, None, None, None, None, None, None,
PCOPosMS1MS2,0.74ppm,H79 C44 N1 O7 P1 ,PCO-,36,6,PCO- 36:6,Keine,764.5594,38065.4,62415.1,25668.3,12042.5,0,-1.7,-1.7,529281.2,678008.8,4428.6,184.0733,-1.7,-1.7,529281.2,678008.8,4428.6,None, None, None, None, None, None, None,
PCOPosMS1MS2,1.47ppm,H81 C44 N1 O7 P1 ,PCO-,36,5,PCO- 36:5,Keine,766.5756,2494752.2,1866947.5,3284401.2,4002185.5,377139.1,2131952.9,1469556.1,3025973.2,2897751.5,0,184.0735,2131952.9,1469556.1,3025973.2,2897751.5,0,None, None, None, None, None, None, None,
PCOPosMS1MS2,-0.56ppm,H83 C44 N1 O7 P1 ,PCO-,36,4,PCO- 36:4,Keine,768.5897,7156230.9,5562864,5005057.5,6194026.9,0,6796588.4,6378621.2,5419098.8,6074400.3,5294.9,184.0735,6796588.4,6378621.2,5419098.8,6074400.3,5294.9,None, None, None, None, None, None, None,
PCOPosMS1MS2,-1.24ppm,H85 C44 N1 O7 P1 ,PCO-,36,3,PCO- 36:3,Keine,770.6049,166506.1,268654.6,44442,64632.7,0,1230573.7,1070429.4,1402533.8,1947273.5,2298.6,184.0734,1230573.7,1070429.4,1402533.8,1947273.5,2298.6,None, None, None, None, None, None, None,
PCOPosMS1MS2,0.03ppm,H87 C44 N1 O7 P1 ,PCO-,36,2,PCO- 36:2,Keine,772.6215,1472536.3,1200809.8,683039.8,842345.3,44874,9707180.4,7499653.6,7125330.3,8660770.8,32600.1,184.0735,9707180.4,7499653.6,7125330.3,8660770.8,32600.1,None, None, None, None, None, None, None,
PCOPosMS1MS2,0.41ppm,H89 C44 N1 O7 P1 ,PCO-,36,1,PCO- 36:1,Keine,774.6374,-1.7,-1.7,-1.7,-1.7,0,4484019.7,3994327.3,553305.3,185761.7,2098,184.0735,4484019.7,3994327.3,553305.3,185761.7,2098,None, None, None, None, None, None, None,
PCOPosMS1MS2,0.06ppm,H91 C44 N1 O7 P1 ,PCO-,36,0,PCO- 36:0,Keine,776.6528,-1.7,-1.7,0,0,0,2054257.4,1736448.9,941228.3,961844.4,0,184.0735,2054257.4,1736448.9,941228.3,961844.4,0,None, None, None, None, None, None, None,
PCOPosMS1MS2,-1.77ppm,H71 C46 N1 O7 P1 ,PCO-,38,12,PCO- 38:12,Keine,780.4949,571211.3,530068.3,0,0,0,5301430.5,4512194.6,10146009.8,10831704.6,5587.5,184.0735,5301430.5,4512194.6,10146009.8,10831704.6,5587.5,None, None, None, None, None, None, None,
PCOPosMS1MS2,-4.26ppm,H73 C46 N1 O7 P1 ,PCO-,38,11,PCO- 38:11,Keine,782.5086,0,0,0,0,185677.4,223699639,183691828.4,415827206.4,464430207.3,3470.2,184.0736,223699639,183691828.4,415827206.4,464430207.3,3470.2,None, None, None, None, None, None, None,
PCOPosMS1MS2,3.61ppm,H75 C46 N1 O7 P1 ,PCO-,38,10,PCO- 38:10,Keine,784.5304,0,0,0,0,5390.3,39287080.6,41628180.9,43446161.8,50552323.5,4987.7,184.0736,39287080.6,41628180.9,43446161.8,50552323.5,4987.7,None, None, None, None, None, None, None,
PCOPosMS1MS2,-5.04ppm,H79 C46 N1 O7 P1 ,PCO-,38,8,PCO- 38:8,Keine,788.5549,0,0,566156.2,575578,1225083.4,77064540.2,71131207.3,20596022.9,23864000.1,26758.1,184.0736,77064540.2,71131207.3,20596022.9,23864000.1,26758.1,None, None, None, None, None, None, None,
PCOPosMS1MS2,-1.51ppm,H81 C46 N1 O7 P1 ,PCO-,38,7,PCO- 38:7,Keine,790.5733,109460.4,98812.8,1723989.7,2032883.9,0,-1.7,-1.7,-1.7,-1.7,22411.4,184.0734,-1.7,-1.7,-1.7,-1.7,22411.4,None, None, None, None, None, None, None,
PCOPosMS1MS2,-0.17ppm,H83 C46 N1 O7 P1 ,PCO-,38,6,PCO- 38:6,Keine,792.59,996466.7,1391078.6,2248127.2,2832598,0,3032079.8,2782282.3,3357607.3,3459829.3,9.6,184.0736,3032079.8,2782282.3,3357607.3,3459829.3,9.6,None, None, None, None, None, None, None,
PCOPosMS1MS2,-0.48ppm,H85 C46 N1 O7 P1 ,PCO-,38,5,PCO- 38:5,Keine,794.6054,7981583.8,6243706.6,5888845.4,7228764.4,0,8753634.6,7471356.6,7685566,8618696.7,4849.3,184.0735,8753634.6,7471356.6,7685566,8618696.7,4849.3,None, None, None, None, None, None, None,
PCOPosMS1MS2,-3.28ppm,H87 C46 N1 O7 P1 ,PCO-,38,4,PCO- 38:4,Keine,796.6189,1893587.2,-1.7,1736808.4,1990969.9,15650.9,7239270.5,6404480.6,9706886.8,10056852.8,0,184.0735,7239270.5,6404480.6,9706886.8,10056852.8,0,None, None, None, None, None, None, None,
PCOPosMS1MS2,-2.98ppm,H89 C46 N1 O7 P1 ,PCO-,38,3,PCO- 38:3,Keine,798.6347,14740.5,0,0,12899.6,0,2531366.4,1758595.2,-1.7,220300.8,0,184.0735,2531366.4,1758595.2,-1.7,220300.8,0,None, None, None, None, None, None, None,
PCOPosMS1MS2,0.32ppm,H91 C46 N1 O7 P1 ,PCO-,38,2,PCO- 38:2,Keine,800.653,9209.6,3963.8,31891.3,80216.6,0,7770723,6114890.3,7018258.2,7906072.3,4469.1,184.0736,7770723,6114890.3,7018258.2,7906072.3,4469.1,None, None, None, None, None, None, None,
PCOPosMS1MS2,1.45ppm,H93 C46 N1 O7 P1 ,PCO-,38,1,PCO- 38:1,Keine,802.6696,0,-1.7,-1.7,-1.7,0,6916880.4,5460655.4,3165066,3632477.1,2565.4,184.0736,6916880.4,5460655.4,3165066,3632477.1,2565.4,None, None, None, None, None, None, None,
PCOPosMS1MS2,2.72ppm,H95 C46 N1 O7 P1 ,PCO-,38,0,PCO- 38:0,Keine,804.6863,0,0,145487.4,112489.5,0,699457.4,798700.3,4085515.4,4375087.1,12047.5,184.0734,699457.4,798700.3,4085515.4,4375087.1,12047.5,None, None, None, None, None, None, None,
PCOPosMS1MS2,5.16ppm,H75 C48 N1 O7 P1 ,PCO-,40,12,PCO- 40:12,Keine,808.5317,0,23881,0,0,0,54852953,41647301.9,98223017.3,116075501.5,-1.7,184.0735,54852953,41647301.9,98223017.3,116075501.5,-1.7,None, None, None, None, None, None, None,
PCOPosMS1MS2,-2.40ppm,H79 C48 N1 O7 P1 ,PCO-,40,10,PCO- 40:10,Keine,812.5569,0,555.5,19366.4,13787.7,1439471.4,12182523.6,3198006.5,-1.7,-1.7,1290.3,184.0735,12182523.6,3198006.5,-1.7,-1.7,1290.3,None, None, None, None, None, None, None,
PCOPosMS1MS2,-2.00ppm,H81 C48 N1 O7 P1 ,PCO-,40,9,PCO- 40:9,Keine,814.5729,0,0,141128.5,129526.5,0,89662826.5,68710596.4,37135150.2,46351837.8,4639.3,184.0735,89662826.5,68710596.4,37135150.2,46351837.8,4639.3,None, None, None, None, None, None, None,
PCOPosMS1MS2,-1.32ppm,H83 C48 N1 O7 P1 ,PCO-,40,8,PCO- 40:8,Keine,816.5891,310825.4,163539.9,1238964.9,1561390,0,19218655.5,12496871,-1.8,-1.8,6406.6,184.0735,19218655.5,12496871,-1.8,-1.8,6406.6,None, None, None, None, None, None, None,
PCOPosMS1MS2,0.19ppm,H85 C48 N1 O7 P1 ,PCO-,40,7,PCO- 40:7,Keine,818.606,1023962.7,936502.9,1604782,2148259.5,0,-1.8,-1.8,3048667.5,3461585.9,955.6,184.0736,-1.8,-1.8,3048667.5,3461585.9,955.6,None, None, None, None, None, None, None,
PCOPosMS1MS2,-0.45ppm,H87 C48 N1 O7 P1 ,PCO-,40,6,PCO- 40:6,Keine,820.6211,504894.8,335047.9,901540.1,934191.2,10265.8,3220387.9,2613397.7,4152245.9,3457841.3,4290,184.0735,3220387.9,2613397.7,4152245.9,3457841.3,4290,None, None, None, None, None, None, None,
PCOPosMS1MS2,0.81ppm,H89 C48 N1 O7 P1 ,PCO-,40,5,PCO- 40:5,Keine,822.6378,332637.9,565113.1,460495,809894.2,3810.6,3086457.2,2513558.3,2655556,3106878.1,5227,184.0735,3086457.2,2513558.3,2655556,3106878.1,5227,None, None, None, None, None, None, None,
PCOPosMS1MS2,-0.62ppm,H91 C48 N1 O7 P1 ,PCO-,40,4,PCO- 40:4,Keine,824.6523,333673.3,360587.3,746910.1,704227,0,3982726,3207995.5,4015575.8,3572819.3,379255.8,184.0734,3982726,3207995.5,4015575.8,3572819.3,379255.8,None, None, None, None, None, None, None,
PCOPosMS1MS2,-0.47ppm,H93 C48 N1 O7 P1 ,PCO-,40,3,PCO- 40:3,Keine,826.668,0,0,0,0,5088.4,1455995.8,906868.9,-1.8,-1.8,-1.8,184.0735,1455995.8,906868.9,-1.8,-1.8,-1.8,None, None, None, None, None, None, None,
PCOPosMS1MS2,5.57ppm,H97 C48 N1 O7 P1 ,PCO-,40,1,PCO- 40:1,Keine,830.7043,0,0,8316.7,0,0,6339424.8,5037910.9,6403726.3,6693803,7909.2,184.0734,6339424.8,5037910.9,6403726.3,6693803,7909.2,None, None, None, None, None, None, None,
PCOPosMS1MS2,3.69ppm,H79 C50 N1 O7 P1 ,PCO-,42,12,PCO- 42:12,Keine,836.562,19021.3,0,8940,0,0,10866331.8,8269059.9,17731568,18085676.1,5816.5,184.0736,10866331.8,8269059.9,17731568,18085676.1,5816.5,None, None, None, None, None, None, None,
PCOPosMS1MS2,-0.80ppm,H83 C50 N1 O7 P1 ,PCO-,42,10,PCO- 42:10,Keine,840.5895,0,0,42414.7,45289.5,0,2337994,1924601.6,1692931.7,1703944.3,5277.4,184.0736,2337994,1924601.6,1692931.7,1703944.3,5277.4,None, None, None, None, None, None, None,
PCOPosMS1MS2,2.49ppm,H85 C50 N1 O7 P1 ,PCO-,42,9,PCO- 42:9,Keine,842.6079,0,0,0,0,3571.7,2620557.9,2116730.3,286393.8,206542.5,596.3,184.0734,2620557.9,2116730.3,286393.8,206542.5,596.3,None, None, None, None, None, None, None,
PCOPosMS1MS2,-2.58ppm,H87 C50 N1 O7 P1 ,PCO-,42,8,PCO- 42:8,Keine,844.6193,0,0,38973.7,39181.8,0,1401683.3,1167511.6,579742.6,674374.2,0,184.0735,1401683.3,1167511.6,579742.6,674374.2,0,None, None, None, None, None, None, None,
PCOPosMS1MS2,-0.89ppm,H89 C50 N1 O7 P1 ,PCO-,42,7,PCO- 42:7,Keine,846.6364,0,1508,119170.1,111372.5,0,1840751.5,1545018.1,965208.9,1154987.4,5095.8,184.0735,1840751.5,1545018.1,965208.9,1154987.4,5095.8,None, None, None, None, None, None, None,
PCOPosMS1MS2,-1.14ppm,H91 C50 N1 O7 P1 ,PCO-,42,6,PCO- 42:6,Keine,848.6518,0,0,171677.9,141054.1,0,524820.3,474203.4,1639700.7,1238834.8,0,184.0734,524820.3,474203.4,1639700.7,1238834.8,0,None, None, None, None, None, None, None,
PCOPosMS1MS2,3.02ppm,H93 C50 N1 O7 P1 ,PCO-,42,5,PCO- 42:5,Keine,850.671,0,0,120455,0,0,1127413.2,816694.6,754351.8,700808.1,0,184.0734,1127413.2,816694.6,754351.8,700808.1,0,None, None, None, None, None, None, None,
PCOPosMS1MS2,0.23ppm,H95 C50 N1 O7 P1 ,PCO-,42,4,PCO- 42:4,Keine,852.6843,11475.7,0,0,0,0,453916.7,451171.1,470686.3,395472.2,5130.8,184.0735,453916.7,451171.1,470686.3,395472.2,5130.8,None, None, None, None, None, None, None,
PCOPosMS1MS2,0.64ppm,H101 C50 N1 O7 P1 ,PCO-,42,1,PCO- 42:1,Keine,858.7316,0,0,0,0,5344.1,1735839.9,1247779.1,2396613.4,2363894.5,7919.8,184.0734,1735839.9,1247779.1,2396613.4,2363894.5,7919.8,None, None, None, None, None, None, None,
PCOPosMS1MS2,0.19ppm,H83 C52 N1 O7 P1 ,PCO-,44,12,PCO- 44:12,Keine,864.5903,0,0,14924.6,0,0,1314693.3,1055233.6,739531.9,775983.3,3104.5,184.0735,1314693.3,1055233.6,739531.9,775983.3,3104.5,None, None, None, None, None, None, None,
PCOPosMS1MS2,-3.73ppm,H85 C52 N1 O7 P1 ,PCO-,44,11,PCO- 44:11,Keine,866.6026,0,0,10772.6,0,94901,1201017.7,971650.4,642096.4,561231.3,0,184.0734,1201017.7,971650.4,642096.4,561231.3,0,None, None, None, None, None, None, None,
PCOPosMS1MS2,-0.22ppm,H87 C52 N1 O7 P1 ,PCO-,44,10,PCO- 44:10,Keine,868.6213,0,0,0,0,4364.2,691860.8,484889.8,398898.4,400896.6,6854.4,184.0735,691860.8,484889.8,398898.4,400896.6,6854.4,None, None, None, None, None, None, None,
PCOPosMS1MS2,5.26ppm,H101 C52 N1 O7 P1 ,PCO-,44,3,PCO- 44:3,Keine,882.7357,0,0,0,0,4224.3,239566.7,160836.4,462720.2,376213.4,5183.9,184.0735,239566.7,160836.4,462720.2,376213.4,5183.9,None, None, None, None, None, None, None,
PCOPosMS1MS2,1.62ppm,H89 C54 N1 O7 P1 ,PCO-,46,11,PCO- 46:11,Keine,894.6386,0,0,0,0,27023.2,1017596.9,789738.3,290366,265524.7,31912.4,184.0734,1017596.9,789738.3,290366,265524.7,31912.4,None, None, None, None, None, None, None,
PCOPosMS1MS2,2.97ppm,H97 C54 N1 O7 P1 ,PCO-,46,7,PCO- 46:7,Keine,902.7024,0,0,0,12164.1,0,357467.4,214795.1,264988.9,337585.7,4952.7,184.0735,357467.4,214795.1,264988.9,337585.7,4952.7,None, None, None, None, None, None, None,
PCOPosMS1MS2,-2.25ppm,H91 C56 N1 O7 P1 ,PCO-,48,12,PCO- 48:12,Keine,920.6507,0,9948.3,0,0,0,440241.1,338211.1,219637,205430.9,0,184.0735,440241.1,338211.1,219637,205430.9,0,None, None, None, None, None, None, None,
PCOPosMS1MS2,0.25ppm,H93 C56 N1 O7 P1 ,PCO-,48,11,PCO- 48:11,Keine,922.6686,18848.1,1650.2,68184.9,83610,787020.1,345268.3,249424.4,110988.9,150583.5,0,184.0735,345268.3,249424.4,110988.9,150583.5,0,None, None, None, None, None, None, None,
PCOPosMS1MS2,-3.21ppm,H101 C56 N1 O7 P1 ,PCO-,48,7,PCO- 48:7,Keine,930.728,0,0,0,0,8719.7,199116.3,129019.4,161558.3,175530,0,184.0734,199116.3,129019.4,161558.3,175530,0,None, None, None, None, None, None, None,
PCOPosMS1MS2,-2.81ppm,H95 C58 N1 O7 P1 ,PCO-,50,12,PCO- 50:12,Keine,948.6814,0,0,0,0,4416.4,259951.3,169979,164277.3,146300.3,8085.5,184.0734,259951.3,169979,164277.3,146300.3,8085.5,None, None, None, None, None, None, None,
PCOPosMS1MS2,-4.26ppm,H97 C58 N1 O7 P1 ,PCO-,50,11,PCO- 50:11,Keine,950.6957,0,0,0,17973.9,427308.8,185675.1,122249,102740.6,111699.8,0,184.0735,185675.1,122249,102740.6,111699.8,0,None, None, None, None, None, None, None,
PCOPosMS1MS2,1.86ppm,H109 C58 N1 O7 P1 ,PCO-,50,5,PCO- 50:5,Keine,962.7954,0,0,0,0,3973.3,256981.5,142055.8,127229.3,146842.1,0,184.0735,256981.5,142055.8,127229.3,146842.1,0,None, None, None, None, None, None, None,
,,,,,,,,,,,,,,,,,,,,,,,,,,,,,,,,
,,,,,,,,,,,,,,,,,,,,,,,,,,,,,,,,
###,PCPosMS1MS2,,,,,,,,,,,,,,,,,,,,,,,,,,,,,,,
PCPosMS1MS2,3.77ppm,H67 C34 N1 O8 P1 ,PC,26,1,PC 26:1,Keine,648.4623,8063272.2,3601631.8,7554094.8,5741835.7,1333160.3,5572338.2,3887302,5451898.7,4800455.6,10118069.6,184.0735,5572338.2,3887302,5451898.7,4800455.6,10118069.6,None, None, None, None, None, None, None,
PCPosMS1MS2,3.16ppm,H73 C36 N1 O8 P1 ,PC,28,0,PC 28:0,Keine,678.509,0,0,8118.9,0,0,355417.3,352634.5,391015.4,259557,10167.4,184.0734,355417.3,352634.5,391015.4,259557,10167.4,None, None, None, None, None, None, None,
PCPosMS1MS2,-0.18ppm,H77 C38 N1 O8 P1 ,PC,30,0,PC 30:0,Keine,706.538,5048053.6,3804141.1,98278.6,188415.3,0,8305848.9,7618168.4,1848021.3,2046403.3,5556,184.0736,8305848.9,7618168.4,1848021.3,2046403.3,5556,None, None, None, None, None, None, None,
PCPosMS1MS2,1.94ppm,H69 C40 N1 O8 P1 ,PC,32,6,PC 32:6,Keine,722.4769,0,0,12608.2,12444.1,0,-1.6,-1.6,125402.2,79817.8,0,184.0735,-1.6,-1.6,125402.2,79817.8,0,None, None, None, None, None, None, None,
PCPosMS1MS2,-1.35ppm,H71 C40 N1 O8 P1 ,PC,32,5,PC 32:5,Keine,724.4902,55530.2,28969.6,51639.2,50326.3,2970.6,77034.8,59620.1,47037.9,49189.8,0,184.0734,77034.8,59620.1,47037.9,49189.8,0,None, None, None, None, None, None, None,
PCPosMS1MS2,0.72ppm,H73 C40 N1 O8 P1 ,PC,32,4,PC 32:4,Keine,726.5074,10525.6,9739.4,0,0,0,89658,74511.1,183278.1,150120.5,0,184.0734,89658,74511.1,183278.1,150120.5,0,None, None, None, None, None, None, None,
PCPosMS1MS2,-4.07ppm,H75 C40 N1 O8 P1 ,PC,32,3,PC 32:3,Keine,728.5195,336908.4,203576.1,0,13061.3,0,256447.3,192461.1,363539.7,328249.9,0,184.0734,256447.3,192461.1,363539.7,328249.9,0,None, None, None, None, None, None, None,
PCPosMS1MS2,-0.32ppm,H77 C40 N1 O8 P1 ,PC,32,2,PC 32:2,Keine,730.5379,634746.6,653590.6,968849.3,1232873.9,0,2432550.8,2037767.5,2423318.5,2715379.4,3371.4,184.0734,2432550.8,2037767.5,2423318.5,2715379.4,3371.4,None, None, None, None, None, None, None,
PCPosMS1MS2,0.72ppm,H79 C40 N1 O8 P1 ,PC,32,1,PC 32:1,Keine,732.5543,16826061.3,12296011.9,7181018.4,8515317.5,0,29031502.6,23545922.6,11098561,11517934.4,16029.7,184.0736,29031502.6,23545922.6,11098561,11517934.4,16029.7,None, None, None, None, None, None, None,
PCPosMS1MS2,0.41ppm,H81 C40 N1 O8 P1 ,PC,32,0,PC 32:0,Keine,734.5697,633677942.5,479358308,18433364.8,22565778.1,0,676536837.5,573528864.3,19456661.1,20691984.9,29237.4,184.0736,676536837.5,573528864.3,19456661.1,20691984.9,29237.4,None, None, None, None, None, None, None,
PCPosMS1MS2,5.25ppm,H71 C42 N1 O8 P1 ,PC,34,7,PC 34:7,Keine,748.4951,10181,18961.9,0,12514.4,18862.1,3729399.5,7963179.5,-1.7,-1.7,2583.9,184.0735,3729399.5,7963179.5,-1.7,-1.7,2583.9,None, None, None, None, None, None, None,
PCPosMS1MS2,1.72ppm,H73 C42 N1 O8 P1 ,PC,34,6,PC 34:6,Keine,750.5081,0,10937.7,0,0,0,-1.7,-1.7,215782.7,191171,0,184.0734,-1.7,-1.7,215782.7,191171,0,None, None, None, None, None, None, None,
PCPosMS1MS2,-3.18ppm,H75 C42 N1 O8 P1 ,PC,34,5,PC 34:5,Keine,752.5201,108067.6,255281,129902.1,103906.2,284941.6,164391,94614.1,128756.8,126180.4,4140.7,184.0733,164391,94614.1,128756.8,126180.4,4140.7,None, None, None, None, None, None, None,
PCPosMS1MS2,-2.49ppm,H77 C42 N1 O8 P1 ,PC,34,4,PC 34:4,Keine,754.5362,2800665.4,1999576.9,2832414.6,3079523.1,0,648592.8,605530.4,979969.7,956000,2155.1,184.0735,648592.8,605530.4,979969.7,956000,2155.1,None, None, None, None, None, None, None,
PCPosMS1MS2,-3.39ppm,H79 C42 N1 O8 P1 ,PC,34,3,PC 34:3,Keine,756.5512,91027104.8,19566297.6,22957907.4,28190516.4,2947.3,8362598.8,7983657.2,18166747.9,19703006.7,6061.2,184.0734,8362598.8,7983657.2,18166747.9,19703006.7,6061.2,None, None, None, None, None, None, None,
PCPosMS1MS2,0.45ppm,H81 C42 N1 O8 P1 ,PC,34,2,PC 34:2,Keine,758.5698,442444893.3,362337838.6,482435350,618337305.7,0,402221583.7,395263934.9,444224936.8,502112580.1,4624562.4,184.0736,402221583.7,395263934.9,444224936.8,502112580.1,4624562.4,None, None, None, None, None, None, None,
PCPosMS1MS2,1.35ppm,H83 C42 N1 O8 P1 ,PC,34,1,PC 34:1,Keine,760.5861,352375545.4,256488556.2,226025787.2,272847816.1,0,329051632.2,269528593.5,181125544.9,141769380.9,-1.7,184.0736,329051632.2,269528593.5,181125544.9,141769380.9,-1.7,None, None, None, None, None, None, None,
PCPosMS1MS2,1.67ppm,H85 C42 N1 O8 P1 ,PC,34,0,PC 34:0,Keine,762.602,136395905.5,112970098.7,0,0,0,102184761.9,119819558.9,-1.7,-1.7,13536.2,184.0736,102184761.9,119819558.9,-1.7,-1.7,13536.2,None, None, None, None, None, None, None,
PCPosMS1MS2,-2.56ppm,H71 C44 N1 O8 P1 ,PC,36,9,PC 36:9,Keine,772.4892,0,0,21136,0,27426.8,9707180.4,7499653.6,7125330.3,8660770.8,32600.1,184.0735,9707180.4,7499653.6,7125330.3,8660770.8,32600.1,None, None, None, None, None, None, None,
PCPosMS1MS2,-2.11ppm,H73 C44 N1 O8 P1 ,PC,36,8,PC 36:8,Keine,774.5052,0,0,20450.1,0,0,4484019.7,3994327.3,553305.3,185761.7,2098,184.0735,4484019.7,3994327.3,553305.3,185761.7,2098,None, None, None, None, None, None, None,
PCPosMS1MS2,-2.89ppm,H75 C44 N1 O8 P1 ,PC,36,7,PC 36:7,Keine,776.5202,0,0,28293.6,56643.4,0,2054257.4,1736448.9,941228.3,961844.4,0,184.0735,2054257.4,1736448.9,941228.3,961844.4,0,None, None, None, None, None, None, None,
PCPosMS1MS2,-4.59ppm,H77 C44 N1 O8 P1 ,PC,36,6,PC 36:6,Keine,778.5346,492699.2,612334.8,5457579.9,6077453.8,7907.8,74486.2,118549.8,217781.1,269067.2,0,184.0735,74486.2,118549.8,217781.1,269067.2,0,None, None, None, None, None, None, None,
PCPosMS1MS2,-4.11ppm,H79 C44 N1 O8 P1 ,PC,36,5,PC 36:5,Keine,780.5506,66827951.4,44624561.9,141653368.6,161388176.1,991011.5,5301430.5,4512194.6,10146009.8,10831704.6,5587.5,184.0735,5301430.5,4512194.6,10146009.8,10831704.6,5587.5,None, None, None, None, None, None, None,
PCPosMS1MS2,0.01ppm,H81 C44 N1 O8 P1 ,PC,36,4,PC 36:4,Keine,782.5694,270079439.2,200967435,460224039.7,522158547.1,0,223699639,183691828.4,415827206.4,464430207.3,3470.2,184.0736,223699639,183691828.4,415827206.4,464430207.3,3470.2,None, None, None, None, None, None, None,
PCPosMS1MS2,0.58ppm,H83 C44 N1 O8 P1 ,PC,36,3,PC 36:3,Keine,784.5855,97817612.1,78462468.4,109964229.6,169575707.2,0,39287080.6,41628180.9,43446161.8,50552323.5,4987.7,184.0736,39287080.6,41628180.9,43446161.8,50552323.5,4987.7,None, None, None, None, None, None, None,
PCPosMS1MS2,0.36ppm,H85 C44 N1 O8 P1 ,PC,36,2,PC 36:2,Keine,786.601,185139474.6,145586041.7,301688067.7,403346742.2,0,184900572,150753089.4,279554877.5,318986526.5,20087.6,184.0736,184900572,150753089.4,279554877.5,318986526.5,20087.6,None, None, None, None, None, None, None,
PCPosMS1MS2,0.75ppm,H87 C44 N1 O8 P1 ,PC,36,1,PC 36:1,Keine,788.617,65357000.9,49799294.8,34013261.4,40947819.2,0,77064540.2,71131207.3,20596022.9,23864000.1,26758.1,184.0736,77064540.2,71131207.3,20596022.9,23864000.1,26758.1,None, None, None, None, None, None, None,
PCPosMS1MS2,0.78ppm,H89 C44 N1 O8 P1 ,PC,36,0,PC 36:0,Keine,790.6326,85825.8,54227.3,0,0,0,-1.7,-1.7,-1.7,-1.7,22411.4,184.0734,-1.7,-1.7,-1.7,-1.7,22411.4,None, None, None, None, None, None, None,
PCPosMS1MS2,-4.01ppm,H73 C46 N1 O8 P1 ,PC,38,10,PC 38:10,Keine,798.5036,11319,8551.6,0,0,15143.4,2531366.4,1758595.2,-1.7,220300.8,0,184.0735,2531366.4,1758595.2,-1.7,220300.8,0,None, None, None, None, None, None, None,
PCPosMS1MS2,-3.77ppm,H77 C46 N1 O8 P1 ,PC,38,8,PC 38:8,Keine,802.5351,42348.5,23928.5,2486223.1,2682752.7,3910.2,6916880.4,5460655.4,3165066,3632477.1,2565.4,184.0736,6916880.4,5460655.4,3165066,3632477.1,2565.4,None, None, None, None, None, None, None,
PCPosMS1MS2,-3.13ppm,H79 C46 N1 O8 P1 ,PC,38,7,PC 38:7,Keine,804.5513,33771653.4,21041555.6,122937641.5,125169294.6,0,699457.4,798700.3,4085515.4,4375087.1,12047.5,184.0734,699457.4,798700.3,4085515.4,4375087.1,12047.5,None, None, None, None, None, None, None,
PCPosMS1MS2,0.00ppm,H81 C46 N1 O8 P1 ,PC,38,6,PC 38:6,Keine,806.5694,100552068.2,79863936.7,231390167.4,272281341.2,0,95698185.5,82373816.5,234194520.5,223995054,588238.8,184.0735,95698185.5,82373816.5,234194520.5,223995054,588238.8,None, None, None, None, None, None, None,
PCPosMS1MS2,-0.28ppm,H83 C46 N1 O8 P1 ,PC,38,5,PC 38:5,Keine,808.5849,62515296.3,46088741.5,150348096.7,189310491.6,0,54852953,41647301.9,98223017.3,116075501.5,-1.7,184.0735,54852953,41647301.9,98223017.3,116075501.5,-1.7,None, None, None, None, None, None, None,
PCPosMS1MS2,0.91ppm,H85 C46 N1 O8 P1 ,PC,38,4,PC 38:4,Keine,810.6015,201961199.9,158942286.1,395010175.1,412370319.8,2361.5,185368613.8,170070219.5,367761791.3,388091240.7,18113.4,184.0737,185368613.8,170070219.5,367761791.3,388091240.7,18113.4,None, None, None, None, None, None, None,
PCPosMS1MS2,-0.79ppm,H89 C46 N1 O8 P1 ,PC,38,2,PC 38:2,Keine,814.6314,3927155.4,3357398.9,3092619.3,4886806.2,0,89662826.5,68710596.4,37135150.2,46351837.8,4639.3,184.0735,89662826.5,68710596.4,37135150.2,46351837.8,4639.3,None, None, None, None, None, None, None,
PCPosMS1MS2,0.04ppm,H91 C46 N1 O8 P1 ,PC,38,1,PC 38:1,Keine,816.6477,2437637.6,1937465.2,201539.1,446685.4,0,19218655.5,12496871,-1.8,-1.8,6406.6,184.0735,19218655.5,12496871,-1.8,-1.8,6406.6,None, None, None, None, None, None, None,
PCPosMS1MS2,0.36ppm,H93 C46 N1 O8 P1 ,PC,38,0,PC 38:0,Keine,818.6636,0,54516.6,0,0,0,-1.8,-1.8,3048667.5,3461585.9,955.6,184.0736,-1.8,-1.8,3048667.5,3461585.9,955.6,None, None, None, None, None, None, None,
PCPosMS1MS2,-1.07ppm,H73 C48 N1 O8 P1 ,PC,40,12,PC 40:12,Keine,822.5059,23229.6,0,0,0,0,3086457.2,2513558.3,2655556,3106878.1,5227,184.0735,3086457.2,2513558.3,2655556,3106878.1,5227,None, None, None, None, None, None, None,
PCPosMS1MS2,3.83ppm,H75 C48 N1 O8 P1 ,PC,40,11,PC 40:11,Keine,824.5256,14457,0,0,0,0,3982726,3207995.5,4015575.8,3572819.3,379255.8,184.0734,3982726,3207995.5,4015575.8,3572819.3,379255.8,None, None, None, None, None, None, None,
PCPosMS1MS2,-4.47ppm,H77 C48 N1 O8 P1 ,PC,40,10,PC 40:10,Keine,826.5344,0,89740,546566.4,610595.8,163743.7,1455995.8,906868.9,-1.8,-1.8,-1.8,184.0735,1455995.8,906868.9,-1.8,-1.8,-1.8,None, None, None, None, None, None, None,
PCPosMS1MS2,-2.96ppm,H79 C48 N1 O8 P1 ,PC,40,9,PC 40:9,Keine,828.5513,12360493.6,2754065.8,57138843.3,58664736.8,0,2622580.8,2181087.1,1519296.1,1477316.7,54806.3,184.0734,2622580.8,2181087.1,1519296.1,1477316.7,54806.3,None, None, None, None, None, None, None,
PCPosMS1MS2,-0.71ppm,H81 C48 N1 O8 P1 ,PC,40,8,PC 40:8,Keine,830.5688,8336525.9,7302290.9,24040735.3,29115176.2,306003.3,6339424.8,5037910.9,6403726.3,6693803,7909.2,184.0734,6339424.8,5037910.9,6403726.3,6693803,7909.2,None, None, None, None, None, None, None,
PCPosMS1MS2,-2.19ppm,H83 C48 N1 O8 P1 ,PC,40,7,PC 40:7,Keine,832.5833,36793258,25856621,135001248.4,137608681.6,0,10494914.4,9110132.7,30427537.1,38495487,7102.2,184.0735,10494914.4,9110132.7,30427537.1,38495487,7102.2,None, None, None, None, None, None, None,
PCPosMS1MS2,0.76ppm,H85 C48 N1 O8 P1 ,PC,40,6,PC 40:6,Keine,834.6014,21597132.3,17740227.3,66268008.5,78022359.3,0,26638227,23715112.9,90757407,84989876.1,4343.1,184.0735,26638227,23715112.9,90757407,84989876.1,4343.1,None, None, None, None, None, None, None,
PCPosMS1MS2,1.09ppm,H87 C48 N1 O8 P1 ,PC,40,5,PC 40:5,Keine,836.6173,5907873.5,4292279.1,4724514.9,5380831.7,30205.1,10866331.8,8269059.9,17731568,18085676.1,5816.5,184.0736,10866331.8,8269059.9,17731568,18085676.1,5816.5,None, None, None, None, None, None, None,
PCPosMS1MS2,1.11ppm,H89 C48 N1 O8 P1 ,PC,40,4,PC 40:4,Keine,838.633,6945146.5,5217548.9,4432412.4,5599993.4,0,3997093.9,3225798.9,-1.8,-1.8,2828.1,184.0734,3997093.9,3225798.9,-1.8,-1.8,2828.1,None, None, None, None, None, None, None,
PCPosMS1MS2,-2.31ppm,H91 C48 N1 O8 P1 ,PC,40,3,PC 40:3,Keine,840.6457,651104.4,577376.7,25116.5,57762.2,0,2337994,1924601.6,1692931.7,1703944.3,5277.4,184.0736,2337994,1924601.6,1692931.7,1703944.3,5277.4,None, None, None, None, None, None, None,
PCPosMS1MS2,1.23ppm,H93 C48 N1 O8 P1 ,PC,40,2,PC 40:2,Keine,842.6644,299789.5,237769.8,0,4409.7,0,2620557.9,2116730.3,286393.8,206542.5,596.3,184.0734,2620557.9,2116730.3,286393.8,206542.5,596.3,None, None, None, None, None, None, None,
PCPosMS1MS2,-0.26ppm,H95 C48 N1 O8 P1 ,PC,40,1,PC 40:1,Keine,844.6788,395157.4,412571,0,0,0,1401683.3,1167511.6,579742.6,674374.2,0,184.0735,1401683.3,1167511.6,579742.6,674374.2,0,None, None, None, None, None, None, None,
PCPosMS1MS2,0.28ppm,H97 C48 N1 O8 P1 ,PC,40,0,PC 40:0,Keine,846.6949,494304.8,516613.8,0,0,0,1840751.5,1545018.1,965208.9,1154987.4,5095.8,184.0735,1840751.5,1545018.1,965208.9,1154987.4,5095.8,None, None, None, None, None, None, None,
PCPosMS1MS2,-1.92ppm,H77 C50 N1 O8 P1 ,PC,42,12,PC 42:12,Keine,850.5365,0,0,0,0,3830.8,1127413.2,816694.6,754351.8,700808.1,0,184.0734,1127413.2,816694.6,754351.8,700808.1,0,None, None, None, None, None, None, None,
PCPosMS1MS2,2.42ppm,H79 C50 N1 O8 P1 ,PC,42,11,PC 42:11,Keine,852.5558,198988.1,227992.7,290730,414141.2,0,453916.7,451171.1,470686.3,395472.2,5130.8,184.0735,453916.7,451171.1,470686.3,395472.2,5130.8,None, None, None, None, None, None, None,
PCPosMS1MS2,-1.67ppm,H81 C50 N1 O8 P1 ,PC,42,10,PC 42:10,Keine,854.568,2153415.1,1868070.6,8685526.2,10378144.2,0,1626493,1342227.7,1893688.6,1865505.9,30673.4,184.0735,1626493,1342227.7,1893688.6,1865505.9,30673.4,None, None, None, None, None, None, None,
PCPosMS1MS2,-0.60ppm,H83 C50 N1 O8 P1 ,PC,42,9,PC 42:9,Keine,856.5846,3481264.2,2395616.2,21620899.4,21279570.5,1034480.9,1395196.2,1089217,1336885,1257935.6,7882.2,184.0735,1395196.2,1089217,1336885,1257935.6,7882.2,None, None, None, None, None, None, None,
PCPosMS1MS2,-3.54ppm,H85 C50 N1 O8 P1 ,PC,42,8,PC 42:8,Keine,858.5977,1031886.7,673891.5,4170597.4,1631234.9,0,1735839.9,1247779.1,2396613.4,2363894.5,7919.8,184.0734,1735839.9,1247779.1,2396613.4,2363894.5,7919.8,None, None, None, None, None, None, None,
PCPosMS1MS2,-2.23ppm,H87 C50 N1 O8 P1 ,PC,42,7,PC 42:7,Keine,860.6145,492696.7,418926.7,1303038.4,2939687.1,3694.2,740122.3,617163.5,1367332.9,1803660.1,9377.1,184.0735,740122.3,617163.5,1367332.9,1803660.1,9377.1,None, None, None, None, None, None, None,
PCPosMS1MS2,-1.38ppm,H91 C50 N1 O8 P1 ,PC,42,5,PC 42:5,Keine,864.6465,412857.7,349015.2,12970,63481.7,0,1314693.3,1055233.6,739531.9,775983.3,3104.5,184.0735,1314693.3,1055233.6,739531.9,775983.3,3104.5,None, None, None, None, None, None, None,
PCPosMS1MS2,-1.76ppm,H93 C50 N1 O8 P1 ,PC,42,4,PC 42:4,Keine,866.6618,412294.1,381574.5,0,3006.6,0,1201017.7,971650.4,642096.4,561231.3,0,184.0734,1201017.7,971650.4,642096.4,561231.3,0,None, None, None, None, None, None, None,
PCPosMS1MS2,-2.28ppm,H95 C50 N1 O8 P1 ,PC,42,3,PC 42:3,Keine,868.677,0,-1.8,0,0,0,691860.8,484889.8,398898.4,400896.6,6854.4,184.0735,691860.8,484889.8,398898.4,400896.6,6854.4,None, None, None, None, None, None, None,
PCPosMS1MS2,3.82ppm,H97 C50 N1 O8 P1 ,PC,42,2,PC 42:2,Keine,870.698,208854.9,121316.8,1710888.4,2005887.8,0,1105826.7,958030.9,459224.2,442701,6613.6,184.0734,1105826.7,958030.9,459224.2,442701,6613.6,None, None, None, None, None, None, None,
PCPosMS1MS2,0.03ppm,H99 C50 N1 O8 P1 ,PC,42,1,PC 42:1,Keine,872.7103,285546,268645.2,0,0,0,1215018.7,988916.9,603025,544912.3,36066.1,184.0734,1215018.7,988916.9,603025,544912.3,36066.1,None, None, None, None, None, None, None,
PCPosMS1MS2,0.19ppm,H101 C50 N1 O8 P1 ,PC,42,0,PC 42:0,Keine,874.7261,130159.1,354944.9,0,0,0,1076376.2,1020944.7,502901.9,527986.5,1901.1,184.0734,1076376.2,1020944.7,502901.9,527986.5,1901.1,None, None, None, None, None, None, None,
PCPosMS1MS2,-0.79ppm,H81 C52 N1 O8 P1 ,PC,44,12,PC 44:12,Keine,878.5687,46147.2,39206.3,33304.7,63706.9,0,398591.9,451342,606873.1,613490.1,5583.9,184.0735,398591.9,451342,606873.1,613490.1,5583.9,None, None, None, None, None, None, None,
PCPosMS1MS2,5.70ppm,H83 C52 N1 O8 P1 ,PC,44,11,PC 44:11,Keine,880.5901,87648.5,18552.6,181675.9,0,0,450695.4,361919,422871.1,373846.1,0,184.0734,450695.4,361919,422871.1,373846.1,0,None, None, None, None, None, None, None,
PCPosMS1MS2,-3.32ppm,H85 C52 N1 O8 P1 ,PC,44,10,PC 44:10,Keine,882.5978,0,0,-1.9,66597.1,0,239566.7,160836.4,462720.2,376213.4,5183.9,184.0735,239566.7,160836.4,462720.2,376213.4,5183.9,None, None, None, None, None, None, None,
PCPosMS1MS2,-2.18ppm,H87 C52 N1 O8 P1 ,PC,44,9,PC 44:9,Keine,884.6144,0,1222.1,0,0,4653.5,397644.6,273748.7,389979,336675.8,0,184.0734,397644.6,273748.7,389979,336675.8,0,None, None, None, None, None, None, None,
PCPosMS1MS2,-1.20ppm,H91 C52 N1 O8 P1 ,PC,44,7,PC 44:7,Keine,888.6466,0,17718.9,0,0,0,550121.7,327617.2,415099,395493.7,5456.8,184.0733,550121.7,327617.2,415099,395493.7,5456.8,None, None, None, None, None, None, None,
PCPosMS1MS2,4.86ppm,H93 C52 N1 O8 P1 ,PC,44,6,PC 44:6,Keine,890.6677,0,0,0,12176.9,0,611989,405714.9,443794.7,440486.2,193497.2,184.0734,611989,405714.9,443794.7,440486.2,193497.2,None, None, None, None, None, None, None,
PCPosMS1MS2,-2.01ppm,H95 C52 N1 O8 P1 ,PC,44,5,PC 44:5,Keine,892.6772,0,34459.7,0,0,0,814497.6,528507.3,354256.1,332503.9,85657.7,184.0734,814497.6,528507.3,354256.1,332503.9,85657.7,None, None, None, None, None, None, None,
PCPosMS1MS2,-2.56ppm,H85 C54 N1 O8 P1 ,PC,46,12,PC 46:12,Keine,906.5984,1751336,1173651.2,3489005.4,3479131.2,4622.3,247923.7,174655.4,227853.6,260034.9,6474.4,184.0733,247923.7,174655.4,227853.6,260034.9,6474.4,None, None, None, None, None, None, None,
PCPosMS1MS2,2.57ppm,H87 C54 N1 O8 P1 ,PC,46,11,PC 46:11,Keine,908.6187,0,0,-1.9,0,0,217073.8,166771.7,235394.4,183119.9,0,184.0735,217073.8,166771.7,235394.4,183119.9,0,None, None, None, None, None, None, None,
PCPosMS1MS2,-1.01ppm,H91 C56 N1 O8 P1 ,PC,48,11,PC 48:11,Keine,936.6467,0,0,0,0,332537.4,183811.7,123298.4,175810.9,168842.3,0,184.0734,183811.7,123298.4,175810.9,168842.3,0,None, None, None, None, None, None, None,
PCPosMS1MS2,-2.70ppm,H93 C56 N1 O8 P1 ,PC,48,10,PC 48:10,Keine,938.6608,13569.2,0,0,0,-1.9,111861.3,67373.8,107784.4,141745.1,0,184.0734,111861.3,67373.8,107784.4,141745.1,0,None, None, None, None, None, None, None,
PCPosMS1MS2,-1.35ppm,H97 C56 N1 O8 P1 ,PC,48,8,PC 48:8,Keine,942.6934,0,0,0,0,6013.7,274443.6,211343.4,207013.9,255098.6,5529.7,184.0734,274443.6,211343.4,207013.9,255098.6,5529.7,None, None, None, None, None, None, None,
PCPosMS1MS2,5.23ppm,H107 C56 N1 O8 P1 ,PC,48,3,PC 48:3,Keine,952.7779,0,11588.6,0,0,3958.4,139106.1,88584.8,88339.5,84650.2,0,184.0734,139106.1,88584.8,88339.5,84650.2,0,None, None, None, None, None, None, None,
PCPosMS1MS2,-2.00ppm,H97 C58 N1 O8 P1 ,PC,50,10,PC 50:10,Keine,966.6927,0,3492.8,0,0,155918.5,185164.7,117614.2,157902.7,159609.4,0,184.0734,185164.7,117614.2,157902.7,159609.4,0,None, None, None, None, None, None, None,
PCPosMS1MS2,-5.75ppm,H99 C58 N1 O8 P1 ,PC,50,9,PC 50:9,Keine,968.7047,0,0,0,0,-2,206605.2,115308.4,124629.7,127860.4,0,184.0734,206605.2,115308.4,124629.7,127860.4,0,None, None, None, None, None, None, None,
,,,,,,,,,,,,,,,,,,,,,,,,,,,,,,,,
,,,,,,,,,,,,,,,,,,,,,,,,,,,,,,,,
###,SMPos2OHMS1MS2,,,,,,,,,,,,,,,,,,,,,,,,,,,,,,,
SMPos2OHMS1MS2,-0.90ppm,H68 C37 N2 O6 P1 ,SM,32,5,SM 32:5;2,None,667.4804,10886.6,15659.7,9361.1,0,26361.9,177091.7,110549,80879.5,67291.5,5794.3,184.0734,177091.7,110549,80879.5,67291.5,5794.3,2,None, None, None, None, None, None,
SMPos2OHMS1MS2,-3.93ppm,H70 C37 N2 O6 P1 ,SM,32,4,SM 32:4;2,None,669.494,1793611.4,617871.6,4444572.9,3257614.2,5845214.3,45460.5,31114.9,18470.2,16016,5995.8,184.0732,45460.5,31114.9,18470.2,16016,5995.8,2,None, None, None, None, None, None,
SMPos2OHMS1MS2,4.40ppm,H72 C37 N2 O6 P1 ,SM,32,3,SM 32:3;2,None,671.5152,8230.8,0,0,0,31520.5,63214,50226.3,41143.5,29156,0,184.0734,63214,50226.3,41143.5,29156,0,2,None, None, None, None, None, None,
SMPos2OHMS1MS2,1.37ppm,H74 C37 N2 O6 P1 ,SM,32,2,SM 32:2;2,None,673.5288,226213.2,51210,115521.4,138778,693160.4,176506.5,144697.6,167593.9,153806.7,0,184.0735,176506.5,144697.6,167593.9,153806.7,0,2,None, None, None, None, None, None,
SMPos2OHMS1MS2,0.88ppm,H76 C37 N2 O6 P1 ,SM,32,1,SM 32:1;2,None,675.5441,739222,453589.9,264294.4,415831.4,0,1788609.7,1396982.9,1030875.8,1264687.3,33915.9,184.0734,1788609.7,1396982.9,1030875.8,1264687.3,33915.9,2,None, None, None, None, None, None,
SMPos2OHMS1MS2,2.26ppm,H70 C39 N2 O6 P1 ,SM,34,6,SM 34:6;2,None,693.4982,10537.2,0,0,0,401298.9,225715.4,183776.9,137135.4,117212.5,3199,184.0735,225715.4,183776.9,137135.4,117212.5,3199,2,None, None, None, None, None, None,
SMPos2OHMS1MS2,-1.86ppm,H74 C39 N2 O6 P1 ,SM,34,4,SM 34:4;2,None,697.5266,896100.4,35873.2,10948,0,34574.7,85335.7,72833.2,42207.6,36026,36371.3,184.0736,85335.7,72833.2,42207.6,36026,36371.3,2,None, None, None, None, None, None,
SMPos2OHMS1MS2,1.70ppm,H76 C39 N2 O6 P1 ,SM,34,3,SM 34:3;2,None,699.5447,22674.6,0,0,0,4410.7,121744.9,100526.8,152573,127985.3,37579.1,184.0735,121744.9,100526.8,152573,127985.3,37579.1,2,None, None, None, None, None, None,
SMPos2OHMS1MS2,-0.41ppm,H78 C39 N2 O6 P1 ,SM,34,2,SM 34:2;2,None,701.5589,6002789,4107924.2,5596070,6553832.1,3633.3,6885701.7,5330647.1,6018969,6892455.6,13462.3,184.0735,6885701.7,5330647.1,6018969,6892455.6,13462.3,2,None, None, None, None, None, None,
SMPos2OHMS1MS2,0.03ppm,H80 C39 N2 O6 P1 ,SM,34,1,SM 34:1;2,None,703.5749,87775515.4,65946061.7,42430500.3,58719853.6,0,114111302.3,95398686.5,56337777,66973261.1,21772.8,184.0736,114111302.3,95398686.5,56337777,66973261.1,21772.8,2,None, None, None, None, None, None,
SMPos2OHMS1MS2,3.36ppm,H82 C39 N2 O6 P1 ,SM,34,0,SM 34:0;2,None,705.5929,1412831.1,1109569,13018.6,0,0,6895362,5754835.3,1743139.6,1834659.5,15645.8,184.0735,6895362,5754835.3,1743139.6,1834659.5,15645.8,2,None, None, None, None, None, None,
SMPos2OHMS1MS2,-2.77ppm,H76 C41 N2 O6 P1 ,SM,36,5,SM 36:5;2,None,723.5415,357429,118656.2,953834.3,1029271.9,0,339704.7,287363.2,130698.7,119621.9,0,184.0734,339704.7,287363.2,130698.7,119621.9,0,2,None, None, None, None, None, None,
SMPos2OHMS1MS2,-3.58ppm,H78 C41 N2 O6 P1 ,SM,36,4,SM 36:4;2,None,725.5566,11489324.1,7495982.8,11549405.1,13931221.3,0,81750,64505,116367,124883.6,4531.6,184.0734,81750,64505,116367,124883.6,4531.6,2,None, None, None, None, None, None,
SMPos2OHMS1MS2,1.02ppm,H80 C41 N2 O6 P1 ,SM,36,3,SM 36:3;2,None,727.5756,26662.1,22089.3,0,17864.7,0,274581.9,240623.8,487210.5,527666.1,2486.1,184.0736,274581.9,240623.8,487210.5,527666.1,2486.1,2,None, None, None, None, None, None,
SMPos2OHMS1MS2,0.59ppm,H82 C41 N2 O6 P1 ,SM,36,2,SM 36:2;2,None,729.5909,2599520.3,1713809.7,2437241,3127312.7,0,3633943.6,2631768.9,3454199.5,3685475.4,3997.6,184.0736,3633943.6,2631768.9,3454199.5,3685475.4,3997.6,2,None, None, None, None, None, None,
SMPos2OHMS1MS2,0.07ppm,H84 C41 N2 O6 P1 ,SM,36,1,SM 36:1;2,None,731.6062,21146682.7,15966076.7,8716248.1,9452937.3,0,31521178.8,24538882.1,13080040.7,13103197.9,5444.5,184.0736,31521178.8,24538882.1,13080040.7,13103197.9,5444.5,2,None, None, None, None, None, None,
SMPos2OHMS1MS2,3.04ppm,H86 C41 N2 O6 P1 ,SM,36,0,SM 36:0;2,None,733.624,1544907.8,1280399.5,3237663.6,3425378.7,0,8812872.2,7908819.6,2877227.5,2980255.4,5408.3,184.0735,8812872.2,7908819.6,2877227.5,2980255.4,5408.3,2,None, None, None, None, None, None,
SMPos2OHMS1MS2,-1.21ppm,H80 C43 N2 O6 P1 ,SM,38,5,SM 38:5;2,None,751.5739,12412.2,0,50955.3,26665.2,0,389392.2,350148.7,131512.3,134354.9,0,184.0734,389392.2,350148.7,131512.3,134354.9,0,2,None, None, None, None, None, None,
SMPos2OHMS1MS2,-1.83ppm,H82 C43 N2 O6 P1 ,SM,38,4,SM 38:4;2,None,753.5891,2574058.8,1662523.1,1571433.5,1556943.5,0,121627.8,123445.1,222102,237441.9,4320.1,184.0734,121627.8,123445.1,222102,237441.9,4320.1,2,None, None, None, None, None, None,
SMPos2OHMS1MS2,-0.61ppm,H84 C43 N2 O6 P1 ,SM,38,3,SM 38:3;2,None,755.6057,34065.6,59018.4,21952.6,12499.3,0,544297.1,456731.3,766506.4,949734.7,2642.2,184.0736,544297.1,456731.3,766506.4,949734.7,2642.2,2,None, None, None, None, None, None,
SMPos2OHMS1MS2,0.13ppm,H86 C43 N2 O6 P1 ,SM,38,2,SM 38:2;2,None,757.6219,1982781,1643209.5,704407.8,1640766.2,0,6524938.7,6663078.3,8548784.1,9967122.8,6536.1,184.0735,6524938.7,6663078.3,8548784.1,9967122.8,6536.1,2,None, None, None, None, None, None,
SMPos2OHMS1MS2,1.11ppm,H88 C43 N2 O6 P1 ,SM,38,1,SM 38:1;2,None,759.6383,7020123.9,5628075,0,0,0,177955183.3,169499889.6,177137444.9,204133213.2,2062592.5,184.0736,177955183.3,169499889.6,177137444.9,204133213.2,2062592.5,2,None, None, None, None, None, None,
SMPos2OHMS1MS2,-1.51ppm,H90 C43 N2 O6 P1 ,SM,38,0,SM 38:0;2,None,761.6519,-1.7,0,0,0,-1.7,140903710.8,114778164.4,83551675.1,84453781.3,-1.7,184.0736,140903710.8,114778164.4,83551675.1,84453781.3,-1.7,2,None, None, None, None, None, None,
SMPos2OHMS1MS2,-1.58ppm,H84 C45 N2 O6 P1 ,SM,40,5,SM 40:5;2,None,779.6049,13360.2,0,34548.1,111109.8,0,519893,408284.7,463105.5,510715.7,3301.3,184.0735,519893,408284.7,463105.5,510715.7,3301.3,2,None, None, None, None, None, None,
SMPos2OHMS1MS2,3.27ppm,H86 C45 N2 O6 P1 ,SM,40,4,SM 40:4;2,None,781.6244,763384.7,361785,2161303.5,1333303,3515372.6,3398061.9,2722384.3,5572948.9,6442694.7,0,184.0734,3398061.9,2722384.3,5572948.9,6442694.7,0,2,None, None, None, None, None, None,
SMPos2OHMS1MS2,-0.69ppm,H88 C45 N2 O6 P1 ,SM,40,3,SM 40:3;2,None,783.6369,1552173.3,940387.3,-1.7,-1.7,-1.7,102875024.5,82835884.8,171824479.5,132101265.5,6695.5,184.0737,102875024.5,82835884.8,171824479.5,132101265.5,6695.5,2,None, None, None, None, None, None,
SMPos2OHMS1MS2,-0.63ppm,H90 C45 N2 O6 P1 ,SM,40,2,SM 40:2;2,None,785.6526,25342672.1,18892082.7,3713952.9,5038993,0,60833312.3,55840771.8,43001950.8,66846856.5,2978.8,184.0735,60833312.3,55840771.8,43001950.8,66846856.5,2978.8,2,None, None, None, None, None, None,
SMPos2OHMS1MS2,-0.07ppm,H92 C45 N2 O6 P1 ,SM,40,1,SM 40:1;2,None,787.6687,47873971,35323240.6,6268119.2,7922350.2,0,150833343.6,124948277.4,148010283.3,168268752.8,14328.8,184.0736,150833343.6,124948277.4,148010283.3,168268752.8,14328.8,2,None, None, None, None, None, None,
SMPos2OHMS1MS2,5.55ppm,H94 C45 N2 O6 P1 ,SM,40,0,SM 40:0;2,None,789.6888,0,12180.7,0,0,0,29639905.7,21912894.2,8366297,8960892.7,67032.2,184.0735,29639905.7,21912894.2,8366297,8960892.7,67032.2,2,None, None, None, None, None, None,
SMPos2OHMS1MS2,-0.51ppm,H86 C47 N2 O6 P1 ,SM,42,6,SM 42:6;2,None,805.6214,219576.4,260646.6,1879671.9,3229763.7,0,2980863.4,2424677.6,5806695.2,6810070.3,11614.4,184.0734,2980863.4,2424677.6,5806695.2,6810070.3,11614.4,2,None, None, None, None, None, None,
SMPos2OHMS1MS2,-1.93ppm,H88 C47 N2 O6 P1 ,SM,42,5,SM 42:5;2,None,807.6359,4530558.6,3117398.7,4216906.9,6495263,0,43992791.2,36991784.5,103582032.5,102319001.9,283207.8,184.0735,43992791.2,36991784.5,103582032.5,102319001.9,283207.8,2,None, None, None, None, None, None,
SMPos2OHMS1MS2,-2.48ppm,H90 C47 N2 O6 P1 ,SM,42,4,SM 42:4;2,None,809.6511,11965894.5,7996457.5,2168444,2524999.7,4645.6,32161617,24671609.2,44252956.2,53098834.7,-1.8,184.0735,32161617,24671609.2,44252956.2,53098834.7,-1.8,2,None, None, None, None, None, None,
SMPos2OHMS1MS2,-0.49ppm,H92 C47 N2 O6 P1 ,SM,42,3,SM 42:3;2,None,811.6684,61127079.7,44218980.3,11342079.2,15197006.4,0,166620092,133403384.1,182612699.4,194996344.9,8569.5,184.0735,166620092,133403384.1,182612699.4,194996344.9,8569.5,2,None, None, None, None, None, None,
SMPos2OHMS1MS2,-0.02ppm,H94 C47 N2 O6 P1 ,SM,42,2,SM 42:2;2,None,813.6844,132822033.3,96343533.1,39806088.8,52392349.7,0,173552252.2,133862264.5,61014242.2,81262405.5,5579.5,184.0736,173552252.2,133862264.5,61014242.2,81262405.5,5579.5,2,None, None, None, None, None, None,
SMPos2OHMS1MS2,0.96ppm,H96 C47 N2 O6 P1 ,SM,42,1,SM 42:1;2,None,815.7008,62346224.2,46336231.6,5234865.8,6261550.8,0,94976627,70474160.7,11491820.1,13749168.1,9171.5,184.0736,94976627,70474160.7,11491820.1,13749168.1,9171.5,2,None, None, None, None, None, None,
SMPos2OHMS1MS2,-2.86ppm,H90 C49 N2 O6 P1 ,SM,44,6,SM 44:6;2,None,833.6507,8498230.1,5286707.1,3125280.9,3703758,0,6171791.8,5335299.9,16976348,20806358.7,4278,184.0734,6171791.8,5335299.9,16976348,20806358.7,4278,2,None, None, None, None, None, None,
SMPos2OHMS1MS2,-2.76ppm,H92 C49 N2 O6 P1 ,SM,44,5,SM 44:5;2,None,835.6664,18007167.8,11213162.4,11217797.5,12839448.5,0,13851773.2,11126114.4,42550241.1,42629718,4263.2,184.0735,13851773.2,11126114.4,42550241.1,42629718,4263.2,2,None, None, None, None, None, None,
SMPos2OHMS1MS2,0.86ppm,H96 C49 N2 O6 P1 ,SM,44,3,SM 44:3;2,None,839.7008,1127642.9,731271.2,0,0,0,6398447.4,4931959.3,2905867.4,3171749.4,4516.7,184.0737,6398447.4,4931959.3,2905867.4,3171749.4,4516.7,2,None, None, None, None, None, None,
SMPos2OHMS1MS2,0.03ppm,H98 C49 N2 O6 P1 ,SM,44,2,SM 44:2;2,None,841.7157,2165584.2,1261908.1,0,0,0,3739478.7,3015545,639275.7,596440.2,5844.8,184.0734,3739478.7,3015545,639275.7,596440.2,5844.8,2,None, None, None, None, None, None,
SMPos2OHMS1MS2,-2.13ppm,H100 C49 N2 O6 P1 ,SM,44,1,SM 44:1;2,None,843.7296,538059.6,526463.2,13304.7,0,0,3434970.6,2633369.8,657644.2,638390.9,3884,184.0739,3434970.6,2633369.8,657644.2,638390.9,3884,2,None, None, None, None, None, None,
SMPos2OHMS1MS2,-4.16ppm,H98 C51 N2 O6 P1 ,SM,46,4,SM 46:4;2,None,865.7121,12049.1,0,0,0,0,871803.4,697789.2,484497.4,487573.9,0,184.0734,871803.4,697789.2,484497.4,487573.9,0,2,None, None, None, None, None, None,
SMPos2OHMS1MS2,-4.05ppm,H102 C51 N2 O6 P1 ,SM,46,2,SM 46:2;2,None,869.7435,12059.4,0,943481.3,618525,42315,530986.1,434315.6,379744.9,351303.2,4044.1,184.0736,530986.1,434315.6,379744.9,351303.2,4044.1,2,None, None, None, None, None, None,
SMPos2OHMS1MS2,-4.72ppm,H106 C51 N2 O6 P1 ,SM,46,0,SM 46:0;2,None,873.7742,4929766.6,3257165.5,52232837.3,44568940.5,91039.4,822519.4,660334.7,346872.4,407087.6,19534.1,184.0735,822519.4,660334.7,346872.4,407087.6,19534.1,2,None, None, None, None, None, None,
SMPos2OHMS1MS2,1.20ppm,H98 C53 N2 O6 P1 ,SM,48,6,SM 48:6;2,None,889.7168,0,17246.6,44414.6,46438.6,1601366.5,330616.5,214454.7,312412.5,338810.5,0,184.0734,330616.5,214454.7,312412.5,338810.5,0,2,None, None, None, None, None, None,
SMPos2OHMS1MS2,-0.10ppm,H100 C53 N2 O6 P1 ,SM,48,5,SM 48:5;2,None,891.7313,0,0,0,0,4737.4,421815.7,287671.4,291325.6,311736.8,52979,184.0734,421815.7,287671.4,291325.6,311736.8,52979,2,None, None, None, None, None, None,
SMPos2OHMS1MS2,-5.93ppm,H102 C53 N2 O6 P1 ,SM,48,4,SM 48:4;2,None,893.7417,0,0,113366.4,53013.3,0,423073.9,325672.5,216520.2,189853.7,39037,184.0734,423073.9,325672.5,216520.2,189853.7,39037,2,None, None, None, None, None, None,
SMPos2OHMS1MS2,-5.35ppm,H104 C53 N2 O6 P1 ,SM,48,3,SM 48:3;2,None,895.7579,29864.8,92525,4527914,6276815.7,0,675764.8,485609.7,342829.9,319071.3,25721,184.0735,675764.8,485609.7,342829.9,319071.3,25721,2,None, None, None, None, None, None,
SMPos2OHMS1MS2,-5.00ppm,H106 C53 N2 O6 P1 ,SM,48,2,SM 48:2;2,None,897.7738,1401547.4,1704639.3,17815250.4,25036941.7,20210.7,171386,146643,201571.6,131014.2,15384.5,184.0735,171386,146643,201571.6,131014.2,15384.5,2,None, None, None, None, None, None,
SMPos2OHMS1MS2,-4.97ppm,H108 C53 N2 O6 P1 ,SM,48,1,SM 48:1;2,None,899.7895,2989797.3,2542482.1,29111630,33138619.5,0,373683.3,265789.6,307891.5,374274,4959.8,184.0733,373683.3,265789.6,307891.5,374274,4959.8,2,None, None, None, None, None, None,
SMPos2OHMS1MS2,-5.15ppm,H110 C53 N2 O6 P1 ,SM,48,0,SM 48:0;2,None,901.805,3519030.5,2711403.3,33160911,32132779,61792.1,324530.8,202499.7,183973.4,208731.8,3918.7,184.0734,324530.8,202499.7,183973.4,208731.8,3918.7,2,None, None, None, None, None, None,
