NAME,ERROR,MASS,SPECIE,MODE,LENGTH,DB,OH,PREC_01,PREC_02,PREC_03,PREC_04,PREC_05,MASSFRAG1,FRAG1_01,FRAG1_02,FRAG1_03,FRAG1_04,FRAG1_05,MASSFRAG2,FRAG2_01,FRAG2_02,FRAG2_03,FRAG2_04,FRAG2_05,FA1INTENS_01,FA1INTENS_02,FA1INTENS_03,FA1INTENS_04,FA1INTENS_05,FA2INTENS_01,FA2INTENS_02,FA2INTENS_03,FA2INTENS_04,FA2INTENS_05,MASSNLS,NLS_01,NLS_02,NLS_03,NLS_04,NLS_05,FAOINTENS_01,FAOINTENS_02,FAOINTENS_03,FAOINTENS_04,FAOINTENS_05,QUAN_SCAN,SPECIE.GLOBAL,SPECIE.ALL
PA 32:0,1.2,647.4665,PA 16:0-16:0,NEG,32,0,0,115138.7,40216,0,0,0,152.995,90957.6,58712.6,25239.8,21044.5,8584.6,0,0,0,0,0,0,174044,111105.7,42806.9,36138.7,29024.6,174044,111105.7,42806.9,36138.7,29024.6,0,0,0,0,0,0,0,0,0,0,0,PREC,none,PA 16:0-16:0|PA 14:0-18:0
PA 34:2,0.6,671.4661,PA 16:1-18:1,NEG,34,2,0,25400.9,12913.5,0,7042.7,0,152.9949,53661.6,35044.5,6136.1,9752.7,1407.5,0,0,0,0,0,0,20022,9763.7,53165.8,10399.4,0,18024.6,14100.4,15390.4,11517.5,0,0,0,0,0,0,0,0,0,0,0,0,PREC,none,PA 16:1-18:1|PA 16:0-18:2
PA 34:1,0.5,673.4817,PA 16:1-18:0,NEG,34,1,0,871737.6,524983.9,1635.1,0,0,152.995,2221.6,-1.6,480.6,-1.6,0,0,0,0,0,0,0,-1.6,-1.6,36689.3,8191.7,0,2286.6,-1.6,13370.7,11892.1,14751,0,0,0,0,0,0,0,0,0,0,0,PREC,none,PA 16:1-18:0|PA 16:0-18:1
PA 34:0,-3.1,675.4949,PA 16:0-18:0,NEG,34,0,0,21790.6,0,0,0,0,152.995,45543.4,45035.6,9615.9,14904.8,4370.6,0,0,0,0,0,0,108255.3,65158.7,207530.2,67297.7,19133,43856.1,35038.2,21918.1,18383.4,24284.3,0,0,0,0,0,0,0,0,0,0,0,PREC,none,PA 16:0-18:0
PA 36:4,2.2,695.4673,PA 18:2-18:2,NEG,36,4,0,34371.1,13805.1,8597,393.6,0,152.9948,87547.2,96753.2,58050.2,47752.2,3136,0,0,0,0,0,0,21892.6,14494.9,55977.6,23529.5,0,21892.6,14494.9,55977.6,23529.5,0,0,0,0,0,0,0,0,0,0,0,0,PREC,none,PA 18:2-18:2|PA 16:0-20:4|PA 18:1-18:3
PA 36:3,1.5,697.4824,PA 18:2-18:1,NEG,36,3,0,410470.6,208358.6,231245.1,216845.1,0,152.9949,23556.8,20268.5,5501.4,6455.9,0,0,0,0,0,0,0,277428.2,201011.5,214375,121699.1,0,39749.8,29772.6,88143.4,38547.8,2788.3,0,0,0,0,0,0,0,0,0,0,0,PREC,none,PA 18:2-18:1|PA 20:3-16:0|PA 18:0-18:3
PA 36:2,-0.8,699.4965,PA 18:0-18:2,NEG,36,2,0,345303.8,180921.1,5248.9,55559.8,0,152.995,11684.2,12701.4,11416.3,15171.2,2993.4,0,0,0,0,0,0,143931.3,150302.5,118799.1,79400.4,50565.8,4750,6130.2,58898.4,23016.4,0,0,0,0,0,0,0,0,0,0,0,0,PREC,none,PA 18:0-18:2|PA 18:1-18:1
PA 36:1,3,701.5148,PA 18:0-18:1,NEG,36,1,0,-1.6,-1.6,0,0,0,152.9949,48873.9,47432,47054.3,54404.1,8453.4,0,0,0,0,0,0,142010.7,83080.9,166415,47759.3,19067.2,-1.6,-1.6,108533.5,26232,8.3,0,0,0,0,0,0,0,0,0,0,0,PREC,none,PA 18:0-18:1
PA 38:6,1.6,719.4669,PA 16:0-22:6,NEG,38,6,0,12992,0,0,0,0,152.9951,58019.6,50229.3,14990.9,16002,3626.3,0,0,0,0,0,0,-1.6,-1.6,67903.5,25879.4,16639.7,-1.6,0,0,0,0,0,0,0,0,0,0,0,0,0,0,0,PREC,none,PA 16:0-22:6|PA 20:4-18:2
PA 38:5,1.8,721.4827,PA 20:3-18:2,NEG,38,5,0,121566.3,69706.7,136859.8,79897.3,0,152.9949,68351.5,59885,11419.9,13883.6,2701.1,0,0,0,0,0,0,4162.3,0,0,0,0,16964.3,15770.6,41836.5,21906,0,0,0,0,0,0,0,0,0,0,0,0,PREC,none,PA 20:3-18:2|PA 20:5-18:0|PA 18:1-20:4
PA 38:4,1.2,723.4979,PA 20:3-18:1,NEG,38,4,0,118942.4,134492.7,13987.9,23893,0,152.995,98827.3,102137.3,23094.1,19726.6,0,0,0,0,0,0,0,16319,11701.9,9324.5,4612.9,0,39959.4,34136.9,46701.8,24428.5,0,0,0,0,0,0,0,0,0,0,0,0,PREC,none,PA 20:3-18:1|PA 16:0-22:4|PA 20:1-18:3|PA 18:0-20:4
PA 38:3,3.6,725.5153,PA 14:3-24:0,NEG,38,3,0,4842.5,-1.6,38513.9,21213.8,0,152.9949,51764.5,48342.5,13299.6,4549,2004.6,0,0,0,0,0,0,13465,0,2914.5,0,0,536.1,-1.5,0,0,4534.1,0,0,0,0,0,0,0,0,0,0,0,PREC,none,PA 14:3-24:0|PA 20:3-18:0|PA 20:0-18:3|PA 20:2-18:1
PA 38:2,2.6,727.5302,PA 20:1-18:1,NEG,38,2,0,-1.6,0,0,0,0,152.9949,38878.8,38866.6,25680.4,21179.6,3639.8,0,0,0,0,0,0,4288,3548.9,0,0,0,-1.6,-1.6,71394.8,38468.3,0,0,0,0,0,0,0,0,0,0,0,0,PREC,none,PA 20:1-18:1|PA 18:0-20:2|PA 20:0-18:2
PA 40:8,-0.3,743.4655,PA 20:4-20:4,NEG,40,8,0,52272.2,13123.1,0,0,1096.9,152.995,84864.5,63427.5,7898.5,4169.3,3251.8,0,0,0,0,0,0,45530.9,32911.3,2629.4,0,0,45530.9,32911.3,2629.4,0,0,0,0,0,0,0,0,0,0,0,0,0,PREC,none,PA 20:4-20:4
PA 40:7,1.7,745.4826,PA 22:6-18:1,NEG,40,7,0,5401.3,467,3285.6,0,0,152.995,41476.5,45132.9,11502.1,11771.6,0,0,0,0,0,0,0,2808.8,5942.3,8009.3,4886.4,0,-1.6,-1.6,-1.6,-1.6,0,0,0,0,0,0,0,0,0,0,0,0,PREC,none,PA 22:6-18:1|PA 22:4-18:3
PA 40:6,1.5,747.4982,PA 18:2-22:4,NEG,40,6,0,7630.2,4883.9,8876.5,6570.8,0,152.9949,20648.1,38407.4,8544.6,10622.8,0,0,0,0,0,0,0,10611.2,6241.3,35494.7,2420.9,0,3935.8,0,0,0,0,0,0,0,0,0,0,0,0,0,0,0,PREC,none,PA 18:2-22:4|PA 20:3-20:3|PA 18:0-22:6|PA 22:5-18:1
PA 40:5,1.5,749.5138,PA 22:5-18:0,NEG,40,5,0,690.2,0,58775.3,30888.5,0,152.9949,48871.4,38278.2,12982,12743.5,0,0,0,0,0,0,0,-1.7,-1.7,0,-1.7,0,74321.6,42787.2,91430,45539.2,13570.5,0,0,0,0,0,0,0,0,0,0,0,PREC,none,PA 22:5-18:0|PA 18:1-22:4
PA 40:4,-0.6,751.5279,PA 18:0-22:4,NEG,40,4,0,0,0,0,-1.7,0,152.9949,49884.4,47372.8,24426.3,23924.7,0,0,0,0,0,0,0,46697,33576.5,66055.6,30154.6,12575.9,-1.6,-1.6,-1.6,-1.6,0,0,0,0,0,0,0,0,0,0,0,0,PREC,none,PA 18:0-22:4|PA 20:2-20:2
PA 44:10,5.8,795.5017,PA 22:6-22:4,NEG,44,10,0,20723.1,-1.7,0,0,0,152.9951,-1.7,-1.7,-1.7,-1.7,3956.8,0,0,0,0,0,0,-1.7,-1.7,0,0,0,-1.7,-1.7,0,0,0,0,0,0,0,0,0,0,0,0,0,0,PREC,none,PA 22:6-22:4|PA 22:5-22:5
PEO- 34:3,1.8,698.5143,PEO- 16:1-18:2,NEG,34,3,0,295426.5,206595.1,1302.3,3347,0,196.0375,7985.5,10917.4,0,2990.5,0,0,0,0,0,0,0,70352,58416.1,-1.6,-1.6,0,0,0,0,0,0,0,0,0,0,0,0,10238,8005,0,0,0,PREC,none,PEO- 16:1-18:2
PEO- 34:2,1.2,700.5295,PEO- 18:2-16:0,NEG,34,2,0,3422967.8,2281449.6,0,9780.8,0,196.0374,48257.9,42662.4,0,0,0,0,0,0,0,0,0,595725.4,454251.9,-1.6,1282,-1.6,0,0,0,0,0,0,0,0,0,0,0,30712.2,23283.7,0,0,0,PREC,none,PEO- 18:2-16:0|PEO- 16:1-18:1
PEO- 34:1,3.2,702.5466,PEO- 18:1-16:0,NEG,34,1,0,25467.5,31575.8,0,0,0,196.0372,-1.6,-1.6,0,0,0,0,0,0,0,0,0,494266.7,397596.3,-1.6,89.5,-1.6,0,0,0,0,0,0,0,0,0,0,0,8574.9,6338,0,0,0,PREC,none,PEO- 18:1-16:0|PEO- 16:1-18:0
PEO- 36:6,1.5,720.4985,PEO- 16:1-20:5,NEG,36,6,0,38432.6,12165.3,0,0,0,196.0373,5901,5070.5,0,0,0,0,0,0,0,0,0,26919.6,21914.8,0,0,0,0,0,0,0,0,0,0,0,0,0,0,5053.3,5418.3,0,0,0,PREC,none,PEO- 16:1-20:5
PEO- 36:5,4.3,722.5161,PEO- 16:1-20:4,NEG,36,5,0,10477260.7,7427756.5,13507.5,-1.6,-1.6,196.0372,166462.6,148538.1,0,4387.1,0,0,0,0,0,0,0,4132817.7,3473687.8,43951.3,91666.2,0,0,0,0,0,0,0,0,0,0,0,0,613440.6,538167.6,10179.5,16318.6,0,PREC,none,PEO- 16:1-20:4
PEO- 36:4,1.9,724.53,PEO- 16:1-20:3,NEG,36,4,0,819448.5,551876.7,-1.6,-1.6,0,196.0373,11460.5,12922.1,0,0,0,0,0,0,0,0,0,222530.9,186073.5,-1.6,2714.2,0,0,0,0,0,0,0,0,0,0,0,0,15186.4,10360.3,0,0,0,PREC,none,PEO- 16:1-20:3|PEO- 16:0-20:4|PEO- 18:2-18:2|PEO- 18:3-18:1
PEO- 36:3,2.1,726.5458,PEO- 18:1-18:2,NEG,36,3,0,1249214.9,852489.1,13306.5,29041.2,0,196.0375,17680.6,15673.8,0,0,0,0,0,0,0,0,0,252484.5,207600.1,38486.9,54991.9,0,0,0,0,0,0,0,0,0,0,0,0,10277.8,9419.2,0,0,0,PREC,none,PEO- 18:1-18:2|PEO- 16:0-20:3|PEO- 18:2-18:1
PEO- 36:2,2.3,728.5617,PEO- 18:0-18:2,NEG,36,2,0,1034719.4,683197.1,41958.2,35309.1,0,196.0376,14566.2,12352.7,0,0,0,0,0,0,0,0,0,273313.5,217556.6,57933.4,63836.4,0,0,0,0,0,0,0,0,0,0,0,0,13264.9,13286,0,0,0,PREC,none,PEO- 18:0-18:2|PEO- 16:1-20:1|PEO- 18:1-18:1
PEO- 36:1,2.2,730.5772,PEO- 18:0-18:1,NEG,36,1,0,31903.6,8060.4,0,0,0,196.0373,2572.3,3025.7,0,0,0,0,0,0,0,0,0,141899.5,113555.8,22399,22509.9,0,0,0,0,0,0,0,0,0,0,0,0,5174.5,2974.1,0,0,0,PREC,none,PEO- 18:0-18:1
PEO- 38:8,-0.5,744.497,PEO- 16:2-22:6,NEG,38,8,0,2484,0,0,0,0,196.0377,29444.6,20763.3,2077.4,0,0,0,0,0,0,0,0,13245.2,5449.6,0,0,0,0,0,0,0,0,0,0,0,0,0,0,4397.5,0,0,0,0,PREC,none,PEO- 16:2-22:6
PEO- 38:7,2.2,746.5147,PEO- 18:3-20:4,NEG,38,7,0,9081267.1,6615571.3,401927.3,550705.4,0,196.0373,143553.2,121580.6,4141.7,4475.1,0,0,0,0,0,0,0,281943.2,225930.9,12189.3,9654.8,0,0,0,0,0,0,0,0,0,0,0,0,38836,32546.6,0,0,0,PREC,none,PEO- 18:3-20:4|PEO- 16:1-22:6
PEO- 38:6,2.4,748.5304,PEO- 18:2-20:4,NEG,38,6,0,7975090.1,5616946.3,148229.2,228100.1,0,196.0374,79048.5,62262.5,0,2766.1,0,0,0,0,0,0,0,1788472.4,1440363.1,37356.1,42161.5,0,0,0,0,0,0,0,0,0,0,0,0,263259.5,213396.7,4718.1,5236.5,0,PREC,none,PEO- 18:2-20:4|PEO- 16:0-22:6|PEO- 16:1-22:5|PEO- 18:1-20:5
PEO- 38:5,2.4,750.5461,PEO- 18:1-20:4,NEG,38,5,0,15686417,10625910.4,306578.6,419291.4,0,196.0373,232865.1,182772.5,6772.5,4907.4,0,0,0,0,0,0,0,2640711.1,2369875.6,125550,139484.2,0,0,0,0,0,0,0,0,0,0,0,0,416612.7,366842.7,13325.5,17788.4,0,PREC,none,PEO- 18:1-20:4|PEO- 18:2-20:3|PEO- 16:0-22:5|PEO- 16:1-22:4
PEO- 38:4,3.1,752.5623,PEO- 18:0-20:4,NEG,38,4,0,1957922.8,1579963.6,200221.4,184684.2,0,196.0374,616.5,-1.7,0,0,0,0,0,0,0,0,0,606695.8,414774.9,101157.2,82427.7,0,0,0,0,0,0,0,0,0,0,0,0,96908.5,79675.2,14965.7,13179.8,0,PREC,none,PEO- 18:0-20:4|PEO- 18:1-20:3|PEO- 16:0-22:4
PEO- 38:3,1.9,754.577,PEO- 18:0-20:3,NEG,38,3,0,24867.7,9953.5,1498.7,5072,0,196.0368,16625,12702.2,3347.2,0,0,0,0,0,0,0,0,6391.1,6509.7,5824.5,2606.4,0,0,0,0,0,0,0,0,0,0,0,0,-1.7,-1.7,0,0,0,PREC,none,PEO- 18:0-20:3|PEO- 18:1-20:2|PEO- 16:1-22:2
PEO- 38:1,2.3,758.6087,PEO- 18:0-20:1,NEG,38,1,0,-1.7,-1.7,-1.7,0,0,196.0372,9675.3,4473.5,0,3683.4,0,0,0,0,0,0,0,14186.5,15080.8,5282.2,3829.6,0,0,0,0,0,0,0,0,0,0,0,0,0,4636.6,0,0,0,PREC,none,PEO- 18:0-20:1
PEO- 40:8,2.3,772.5305,PEO- 18:2-22:6,NEG,40,8,0,2423980.8,1987971,21610.5,58861.9,0,196.0375,51432.2,45599.1,0,0,0,0,0,0,0,0,0,518280.5,440814.3,20269.2,25710.5,0,0,0,0,0,0,0,0,0,0,0,0,172847.6,141038.1,4316.9,5095.1,0,PREC,none,PEO- 18:2-22:6|PEO- 18:3-22:5
PEO- 40:7,2.5,774.5462,PEO- 18:2-22:5,NEG,40,7,0,6116051.5,4525696.2,435508.5,602218.7,0,196.0374,108807.3,87380.9,9981.3,9341.6,17745,0,0,0,0,0,0,312080.3,234487.2,6051.2,0,0,0,0,0,0,0,0,0,0,0,0,0,37753.5,29263,0,0,0,PREC,none,PEO- 18:2-22:5|PEO- 18:1-22:6|PEO- 18:3-22:4
PEO- 40:6,3,776.5623,PEO- 18:0-22:6,NEG,40,6,0,5397329.7,3866029.3,580996.7,565610.4,0,196.0381,49422.3,34351.4,1917.2,586.4,0,0,0,0,0,0,0,243618.4,184613.4,71664.4,55443.8,0,0,0,0,0,0,0,0,0,0,0,0,130200,101690.9,24805.7,25254.3,0,PREC,none,PEO- 18:0-22:6|PEO- 20:2-20:4|PEO- 16:1-24:5|PEO- 18:2-22:4|PEO- 18:1-22:5
PEO- 40:5,5.4,778.5798,PEO- 16:1-24:4,NEG,40,5,0,3329084.4,2232781.8,-1.7,61296.8,0,196.0375,69836.5,60134.1,2996,2814.9,0,0,0,0,0,0,0,119722.5,87489.5,0,0,0,0,0,0,0,0,0,0,0,0,0,0,6437.9,7284.5,0,0,0,PREC,none,PEO- 16:1-24:4|PEO- 18:0-22:5|PEO- 20:1-20:4|PEO- 18:2-22:3|PEO- 18:1-22:4
PEO- 40:4,2.7,780.5934,PEO- 18:0-22:4,NEG,40,4,0,1010236.9,714433.1,259004.6,305171.4,0,196.0375,13442.7,6649.6,0,0,0,0,0,0,0,0,0,169937.1,131210.4,45864.2,41049.6,0,0,0,0,0,0,0,0,0,0,0,0,42526.4,36805.1,4049,4409,0,PREC,none,PEO- 18:0-22:4|PEO- 20:0-20:4|PEO- 20:1-20:3|PEO- 16:1-24:3|PEO- 18:2-22:2
PEO- 42:8,4.2,800.5633,PEO- 20:4-22:4,NEG,42,8,0,32922.2,125943.3,11850,910.9,0,196.0377,22755.2,14276.7,0,0,0,0,0,0,0,0,0,4578,2818.6,0,0,0,0,0,0,0,0,0,0,0,0,0,0,4564.3,0,0,0,0,PREC,none,PEO- 20:4-22:4|PEO- 20:2-22:6
PEO- 42:7,3.3,802.5782,PEO- 20:1-22:6,NEG,42,7,0,402128.1,328420.3,42193.2,94401,0,196.0376,27004,19031,4517.9,0,0,0,0,0,0,0,0,80258.6,67402.6,27057.3,40203.9,0,0,0,0,0,0,0,0,0,0,0,0,15774,16934.2,5455.3,8506.8,0,PREC,none,PEO- 20:1-22:6|PEO- 18:1-24:6|PEO- 18:2-24:5
PEO- 42:6,3.4,804.594,PEO- 18:2-24:4,NEG,42,6,0,630220.6,550928.6,231081.8,234445.7,0,196.0378,11057.3,11810,0,0,0,0,0,0,0,0,0,29953.2,22638.4,0,0,0,0,0,0,0,0,0,0,0,0,0,0,3332.4,5780.2,0,0,0,PREC,none,PEO- 18:2-24:4|PEO- 20:1-22:5|PEO- 20:0-22:6|PEO- 18:1-24:5
PE 32:1,1.5,688.4933,PE 16:1-16:0,NEG,32,1,0,139699.7,71991.1,0,0,0,196.0373,4442.2,10893.8,3740.1,0,4345.2,0,0,0,0,0,0,119601.5,90921.9,3097.4,2284.3,0,182266.8,138270.2,35488.2,33491.1,663.9,0,0,0,0,0,0,0,0,0,0,0,PREC,none,PE 16:1-16:0|PE 14:0-18:1
PE 32:0,1.6,690.509,PE 16:0-16:0,NEG,32,0,0,2187497.3,1453861.1,0,0,0,196.0373,34209.7,22373.7,1773.6,0,0,0,0,0,0,0,0,2033656.5,1447354.9,56850.2,28316.2,7935,2033656.5,1447354.9,56850.2,28316.2,7935,0,0,0,0,0,0,0,0,0,0,0,PREC,none,PE 16:0-16:0|PE 14:0-18:0
PE 34:3,1.5,712.4933,PE 16:2-18:1,NEG,34,3,0,243836,154403.6,0,0,0,196.0372,13569.9,7707.8,0,0,0,0,0,0,0,0,0,0,3530.9,0,0,0,78951.8,57804.4,30348.6,27087.6,0,0,0,0,0,0,0,0,0,0,0,0,PREC,none,PE 16:2-18:1|PE 16:1-18:2|PE 16:0-18:3
PE 34:2,2,714.5093,PE 16:1-18:1,NEG,34,2,0,4758198.4,3188926,128621.9,345363.8,0,196.0376,77911.2,52476,4879.9,3762.8,0,0,0,0,0,0,0,142763.3,90617.9,2300.6,2651.2,0,416513,254556.8,-1.6,14369.7,0,0,0,0,0,0,0,0,0,0,0,0,PREC,none,PE 16:1-18:1|PE 18:2-16:0
PE 34:1,1.2,716.5244,PE 16:1-18:0,NEG,34,1,0,11438963.3,6712408.4,-1.6,-1.6,0,196.0376,181845.1,117113.6,0,0,2762,0,0,0,0,0,0,40247,27969.4,2829.9,1940.1,0,58090.9,46482.6,15957.9,14940.4,-1.6,0,0,0,0,0,0,0,0,0,0,0,PREC,none,PE 16:1-18:0|PE 16:0-18:1
PE 34:0,3.6,718.5418,PE 16:0-18:0,NEG,34,0,0,851720.9,55017.2,0,0,0,196.0375,-1.6,-1.6,0,0,0,0,0,0,0,0,0,651692.7,223955.5,35676.7,27044.8,758.4,245143.4,179260.4,17469.7,13157.1,2406.4,0,0,0,0,0,0,0,0,0,0,0,PREC,none,PE 16:0-18:0
PE 36:5,2,736.4937,PE 16:1-20:4,NEG,36,5,0,2100380.3,1464993.7,2128.7,0,0,196.0374,47272.3,42625.8,5852.2,3493,7086,0,0,0,0,0,0,444302.6,349289.5,16130.8,10161.1,0,841100.1,695463.2,25241.8,27639.1,0,0,0,0,0,0,0,0,0,0,0,0,PREC,none,PE 16:1-20:4|PE 20:5-16:0|PE 18:2-18:3
PE 36:4,2.2,738.5096,PE 20:3-16:1,NEG,36,4,0,20972220.5,14352989.6,763090.4,1020707.7,0,196.0376,313725.4,284267.8,11125.5,13510.3,461.5,0,0,0,0,0,0,47815.5,37393,0,0,0,-1.6,-1.6,2952.4,0,0,0,0,0,0,0,0,0,0,0,0,0,PREC,none,PE 20:3-16:1|PE 18:2-18:2|PE 16:0-20:4|PE 18:1-18:3
PE 36:3,2.9,740.5257,PE 16:1-20:2,NEG,36,3,0,5904617.2,3517341.2,-1.6,44197.9,0,196.0374,73767.1,42525.2,501.4,606,0,0,0,0,0,0,0,5073.7,4837.9,4895,0,0,8559.2,7759.9,0,0,0,0,0,0,0,0,0,0,0,0,0,0,PREC,none,PE 16:1-20:2|PE 18:2-18:1|PE 20:3-16:0|PE 18:0-18:3
PE 36:2,2.4,742.541,PE 16:1-20:1,NEG,36,2,0,8391117.3,4762119.6,407093.4,896753.1,0,196.0372,136167.4,97769.2,4056.7,5676.4,0,0,0,0,0,0,0,5782.7,4148.7,-1.7,1841.6,0,6433.8,4369,0,0,0,0,0,0,0,0,0,0,0,0,0,0,PREC,none,PE 16:1-20:1|PE 18:2-18:0|PE 16:0-20:2|PE 18:1-18:1
PE 36:1,1.5,744.556,PE 16:1-20:0,NEG,36,1,0,3275412,1728523.4,6202.9,63719,0,196.0377,29444.6,20763.3,2077.4,0,0,0,0,0,0,0,0,1640.4,1421.8,-1.6,0,0,3672.7,0,0,0,0,0,0,0,0,0,0,0,0,0,0,0,PREC,none,PE 16:1-20:0|PE 16:0-20:1|PE 18:1-18:0
PE 36:0,1.7,746.5718,PE 18:0-18:0,NEG,36,0,0,17281.5,2751,0,0,0,196.0373,143553.2,121580.6,4141.7,4475.1,0,0,0,0,0,0,0,0,0,-1.6,-1.6,-1.6,0,0,-1.6,-1.6,-1.6,0,0,0,0,0,0,0,0,0,0,0,PREC,none,PE 18:0-18:0
PE 38:6,2.1,762.5095,PE 16:1-22:5,NEG,38,6,0,20268555,14900357.9,1281702.7,1404660.3,0,196.0374,325985.6,269908,20404.3,14811.3,0,0,0,0,0,0,0,19330.2,10080.5,3415.7,0,0,79185,55932.9,0,0,0,0,0,0,0,0,0,0,0,0,0,0,PREC,none,PE 16:1-22:5|PE 20:5-18:1|PE 18:2-20:4|PE 22:6-16:0
PE 38:5,2.7,764.5256,PE 20:3-18:2,NEG,38,5,0,53172349.5,34890178.3,634544,857315,0,196.0373,874108.3,641888.4,7535,8912.7,0,0,0,0,0,0,0,230238.8,191392.1,0,0,0,-1.6,-1.6,3629.5,-1.6,0,0,0,0,0,0,0,0,0,0,0,0,PREC,none,PE 20:3-18:2|PE 20:5-18:0|PE 16:0-22:5|PE 18:1-20:4|PE 16:1-22:4
PE 38:4,2.9,766.5415,PE 20:3-18:1,NEG,38,4,0,13419367.2,9297992.6,1833539,2270182.6,0,196.0375,77670.9,69629.9,25767.9,23220.4,0,0,0,0,0,0,0,1072879.8,745742.4,14979.9,20521.6,0,-1.7,-1.7,14987.2,-1.7,0,0,0,0,0,0,0,0,0,0,0,0,PREC,none,PE 20:3-18:1|PE 20:2-18:2|PE 16:0-22:4|PE 18:0-20:4
PE 38:3,1.4,768.556,PE 18:2-20:1,NEG,38,3,0,3573.5,0,0,29925,0,196.0374,36508.1,27268.2,-1.6,0,0,0,0,0,0,0,0,160432,100650.2,21187.8,33057.7,0,62133.5,46315.6,0,0,0,0,0,0,0,0,0,0,0,0,0,0,PREC,none,PE 18:2-20:1|PE 20:3-18:0|PE 18:1-20:2
PE 38:2,1.5,770.5717,PE 20:2-18:0,NEG,38,2,0,755207.4,296369.1,13433.6,92820.2,0,196.0374,15560.8,14323.9,0,0,0,0,0,0,0,0,0,23970.9,19825.7,4624.1,4928.8,0,7570.6,19859.5,-1.6,20706.4,8112.3,0,0,0,0,0,0,0,0,0,0,0,PREC,none,PE 20:2-18:0|PE 16:0-22:2|PE 22:1-16:1|PE 20:1-18:1|PE 18:2-20:0
PE 38:1,0.5,772.5866,PE 16:0-22:1,NEG,38,1,0,-1.7,-1.7,0,-1.7,0,196.0375,51432.2,45599.1,0,0,0,0,0,0,0,0,0,-1.7,-1.7,31873.5,19566,2983.8,7456.3,4085.9,0,0,0,0,0,0,0,0,0,0,0,0,0,0,PREC,none,PE 16:0-22:1|PE 20:1-18:0|PE 20:0-18:1
PE 40:8,4.2,786.5112,PE 20:3-20:5,NEG,40,8,0,15509378.7,12412899.4,0,1321.1,0,196.0373,258684.9,242570.2,0,3515.4,4063.5,0,0,0,0,0,0,4499.3,2593.2,5476.1,4840.9,0,3918.6,9306.2,0,0,0,0,0,0,0,0,0,0,0,0,0,0,PREC,none,PE 20:3-20:5|PE 22:6-18:2|PE 20:4-20:4
PE 40:7,3.7,788.5265,PE 20:3-20:4,NEG,40,7,0,17010832.4,11497748.4,325447.4,459585,1012.3,196.0372,242585,169715.3,8774,3876.3,0,0,0,0,0,0,0,525621.6,456064.2,0,0,0,-1.7,-1.7,7911.4,4796.2,0,0,0,0,0,0,0,0,0,0,0,0,PREC,none,PE 20:3-20:4|PE 22:4-18:3|PE 18:2-22:5|PE 22:6-18:1
PE 40:6,2.9,790.5415,PE 16:1-24:5,NEG,40,6,0,10642845.8,7044970.9,582542.5,338847.2,0,196.0376,128324.2,103976.3,2992.4,4876.8,0,0,0,0,0,0,0,145326.7,41306.9,53743.1,89222.9,0,5788.4,5340.3,0,0,0,0,0,0,0,0,0,0,0,0,0,0,PREC,none,PE 16:1-24:5|PE 20:5-20:1|PE 20:3-20:3|PE 22:4-18:2|PE 20:4-20:2|PE 18:0-22:6|PE 22:5-18:1
PE 40:5,0,792.5549,PE 20:3-20:2,NEG,40,5,0,10462450.1,6786803.5,-1.7,0,23747.2,196.0373,171376.2,121030,2816.3,1934.9,0,0,0,0,0,0,0,16287.5,9406.3,0,0,0,-1.7,-1.7,0,0,0,0,0,0,0,0,0,0,0,0,0,0,PREC,none,PE 20:3-20:2|PE 16:0-24:5|PE 20:1-20:4|PE 22:4-18:1|PE 18:0-22:5
PE 40:4,0.8,794.5712,PE 20:3-20:1,NEG,40,4,0,-1.7,-1.7,35741.4,31281,0,196.0373,-1.7,-1.7,0,0,0,0,0,0,0,0,0,37077.3,33812.5,0,4403.8,0,-1.7,-1.7,0,0,0,0,0,0,0,0,0,0,0,0,0,0,PREC,none,PE 20:3-20:1|PE 20:2-20:2|PE 16:0-24:4|PE 20:4-20:0|PE 18:0-22:4
PE 40:3,-5.4,796.5819,PE 20:2-20:1,NEG,40,3,0,17767.8,19086.9,-1.7,-1.7,0,196.0375,19938.8,13226.9,0,0,0,0,0,0,0,0,0,5906.3,5158.5,0,0,0,3827.1,4559.1,0,0,0,0,0,0,0,0,0,0,0,0,0,0,PREC,none,PE 20:2-20:1|PE 18:1-22:2|PE 22:1-18:2
PE 40:2,2.1,798.6035,PE 22:1-18:1,NEG,40,2,0,7108.1,2509.1,0,0,0,196.0375,30592.9,25270.1,0,0,0,0,0,0,0,0,0,36138.2,25129.5,0,0,0,99262.4,64194.2,13250.8,5823.9,0,0,0,0,0,0,0,0,0,0,0,0,PREC,none,PE 22:1-18:1|PE 20:1-20:1|PE 18:0-22:2
PE 42:8,2.6,814.5413,PE 20:3-22:5,NEG,42,8,0,1144292.1,898318.3,0,0,0,196.037,92383.6,86586.8,0,3999.3,0,0,0,0,0,0,0,20857.1,12642.4,0,0,0,35578,22867.6,0,0,0,0,0,0,0,0,0,0,0,0,0,0,PREC,none,PE 20:3-22:5|PE 22:4-20:4|PE 22:6-20:2
PE 42:7,1.6,816.5562,PE 20:3-22:4,NEG,42,7,0,380924.7,310332.3,0,0,0,196.0374,144.2,-1.8,0,0,0,0,0,0,0,0,0,63682.5,51532,5399,6403.9,0,84748.2,72013.6,0,0,0,0,0,0,0,0,0,0,0,0,0,0,PREC,none,PE 20:3-22:4|PE 20:2-22:5|PE 20:1-22:6|PE 18:1-24:6|PE 18:2-24:5|PE 22:3-20:4
PE 42:6,2,818.5722,PE 20:2-22:4,NEG,42,6,0,263.5,181483.6,0,0,0,196.0374,24513.9,19702.7,0,0,0,0,0,0,0,0,0,12490.4,13847.6,0,0,0,36307.1,22931.6,0,0,0,0,0,0,0,0,0,0,0,0,0,0,PREC,none,PE 20:2-22:4|PE 24:4-18:2|PE 20:0-22:6|PE 18:1-24:5|PE 20:1-22:5|PE 22:1-20:5
PE 42:5,2,820.5878,PE 24:4-18:1,NEG,42,5,0,-1.8,63782.1,0,0,0,196.0375,62582.7,55134.3,0,0,0,0,0,0,0,0,0,76436.4,51860.8,0,0,0,-1.7,183683,-1.7,-1.7,0,0,0,0,0,0,0,0,0,0,0,0,PREC,none,PE 24:4-18:1|PE 22:1-20:4|PE 20:1-22:4|PE 18:0-24:5
PE 44:9,2.5,840.557,PE 22:5-22:4,NEG,44,9,0,-1.8,0,0,0,0,196.0374,71891.8,70023.2,0,0,0,0,0,0,0,0,0,1623.3,2434.6,0,0,0,15893.7,11660.5,0,0,0,0,0,0,0,0,0,0,0,0,0,0,PREC,none,PE 22:5-22:4|PE 20:4-24:5
PG 32:1,4.1,719.4898,PG 16:0-16:1,NEG,32,1,0,1278,0,0,0,0,152.9951,58019.6,50229.3,14990.9,16002,3626.3,0,0,0,0,0,0,-1.6,-1.6,67903.5,25879.4,16639.7,11352.3,6146.3,23433.3,2335.3,0,0,0,0,0,0,0,0,0,0,0,0,PREC,none,PG 16:0-16:1|PG 18:1-14:0
PG 32:0,-1,721.5018,PG 16:0-16:0,NEG,32,0,0,-1.6,-1.6,0,0,0,152.9949,68351.5,59885,11419.9,13883.6,2701.1,0,0,0,0,0,0,319014.3,232765.5,162339.7,66224.5,14364.1,319014.3,232765.5,162339.7,66224.5,14364.1,0,0,0,0,0,0,0,0,0,0,0,PREC,none,PG 16:0-16:0|PG 18:0-14:0
PG 34:2,1.3,745.5035,PG 18:1-16:1,NEG,34,2,0,60722.7,31442.1,0,0,0,152.995,41476.5,45132.9,11502.1,11771.6,0,0,0,0,0,0,0,-1.6,-1.6,-1.6,-1.6,0,1445.4,1409.7,2929.7,3091.2,0,0,0,0,0,0,0,0,0,0,0,0,PREC,none,PG 18:1-16:1|PG 18:2-16:0
PG 34:1,0.2,747.5183,PG 18:0-16:1,NEG,34,1,0,159278.4,74248.4,-1.6,-1.6,0,152.9949,20648.1,38407.4,8544.6,10622.8,0,0,0,0,0,0,0,15922.4,10767.5,47344.1,24732.9,7664.5,590,810.7,73.5,699.6,0,0,0,0,0,0,0,0,0,0,0,0,PREC,none,PG 18:0-16:1|PG 18:1-16:0|PG 20:1-14:0
PG 34:0,-0.5,749.5334,PG 18:0-16:0,NEG,34,0,0,358083.9,216599.8,-1.6,-1.6,0,152.9949,48871.4,38278.2,12982,12743.5,0,0,0,0,0,0,0,74321.6,42787.2,91430,45539.2,13570.5,67411.1,54724.5,9079.6,-1.7,15575.8,0,0,0,0,0,0,0,0,0,0,0,PREC,none,PG 18:0-16:0
PG 36:4,1.5,769.5036,PG 16:1-20:3,NEG,36,4,0,43750.8,22908.8,0,1882.9,0,152.995,45279.9,57366.7,5023.9,2278,0,0,0,0,0,0,0,-1.6,-1.6,8051.6,-1.6,0,-1.6,-1.6,-1.6,-1.6,0,0,0,0,0,0,0,0,0,0,0,0,PREC,none,PG 16:1-20:3|PG 18:2-18:2|PG 20:4-16:0|PG 22:4-14:0|PG 18:3-18:1
PG 36:3,-0.7,771.5176,PG 16:0-20:3,NEG,36,3,0,83391.8,58447.1,0,0,0,152.995,88197.3,87402.6,6294.5,2610.7,4014.9,0,0,0,0,0,0,-1.7,-1.7,5404.8,-1.7,833.1,1856.9,2694.8,0,0,0,0,0,0,0,0,0,0,0,0,0,0,PREC,none,PG 16:0-20:3|PG 20:2-16:1|PG 18:2-18:1
PG 36:2,-1.9,773.5323,PG 20:1-16:1,NEG,36,2,0,384548.9,147480,5005.5,6083.1,4917.3,152.9949,27718.6,20496.9,-1.7,-1.7,1911.9,0,0,0,0,0,0,3176.2,1599.4,0,0,0,-1.7,-1.7,-1.7,-1.7,0,0,0,0,0,0,0,0,0,0,0,0,PREC,none,PG 20:1-16:1|PG 16:0-20:2|PG 18:2-18:0|PG 18:1-18:1
PG 36:1,-1,775.5487,PG 20:1-16:0,NEG,36,1,0,-1.7,-1.7,-1.7,-1.7,0,152.9949,32818.9,32687.5,21539.8,19749,3515.1,0,0,0,0,0,0,0,3382.5,0,0,0,-1.7,2533.3,-1.7,-1.7,14833.9,0,0,0,0,0,0,0,0,0,0,0,PREC,none,PG 20:1-16:0|PG 18:0-18:1
PG 38:8,1.8,789.4726,PG 22:5-16:3,NEG,38,8,0,0,0,0,0,113260.6,152.9948,-1.7,7423.7,-1.7,3113.2,0,0,0,0,0,0,0,-1.7,-1.7,0,0,0,-1.7,-1.7,0,0,0,0,0,0,0,0,0,0,0,0,0,0,PREC,none,PG 22:5-16:3
PG 38:6,0.1,793.5026,PG 22:5-16:1,NEG,38,6,0,36153,1605.7,0,0,0,152.9949,-1.7,6437.4,-1.7,-1.7,0,0,0,0,0,0,0,-1.7,-1.7,0,-1.7,0,-1.7,-1.7,-1.7,-1.7,0,0,0,0,0,0,0,0,0,0,0,0,PREC,none,PG 22:5-16:1|PG 22:6-16:0|PG 20:4-18:2
PG 40:7,-3.8,819.5151,PG 20:4-20:3,NEG,40,7,0,0,2234.9,11307.5,0,360042.1,152.9949,-1.7,-1.7,-1.7,-1.7,4109.7,0,0,0,0,0,0,-1.7,-1.7,-1.7,-1.7,0,-1.7,-1.7,-1.7,-1.7,0,0,0,0,0,0,0,0,0,0,0,0,PREC,none,PG 20:4-20:3|PG 18:3-22:4|PG 22:6-18:1|PG 22:5-18:2
PG 42:10,5.5,841.5071,PG 20:4-22:6,NEG,42,10,0,6779.4,2394.2,0,0,0,152.995,-1.7,1287.4,-1.7,-1.7,4562.1,0,0,0,0,0,0,-1.7,-1.7,-1.7,-1.7,0,-1.7,-1.7,-1.7,-1.7,0,0,0,0,0,0,0,0,0,0,0,0,PREC,none,PG 20:4-22:6
PG 44:12,5.7,865.5074,PG 22:6-22:6,NEG,44,12,0,12174.4,2526.2,0,0,1297.5,152.9949,62949.9,35957.2,29225.7,14291.8,32674.9,0,0,0,0,0,0,-1.8,-1.8,-1.8,-1.8,0,-1.8,-1.8,-1.8,-1.8,0,0,0,0,0,0,0,0,0,0,0,0,PREC,none,PG 22:6-22:6
PG 44:10,-0.5,869.5334,PG 22:5-22:5,NEG,44,10,0,-1.8,-1.8,0,0,0,152.9949,-1.8,-1.8,-1.8,-1.8,0,0,0,0,0,0,0,-1.8,1637.4,0,0,0,-1.8,1637.4,0,0,0,0,0,0,0,0,0,0,0,0,0,0,PREC,none,PG 22:5-22:5|PG 22:4-22:6
PG 44:8,2.9,873.5677,PG 20:4-24:4,NEG,44,8,0,0,0,3528.7,0,0,152.9949,30919.2,18377.9,4709.9,4047,0,0,0,0,0,0,0,15217.7,4876.2,1185.4,-1.8,0,1438.2,0,0,0,0,0,0,0,0,0,0,0,0,0,0,0,PREC,none,PG 20:4-24:4|PG 22:4-22:4
PI 32:1,1.8,807.5043,PI 16:1-16:0,NEG,32,1,0,-1.6,-1.6,0,-1.6,0,152.9948,-1.6,-1.6,-1.6,-1.6,2374.9,241.0115,15605.3,6405.9,0,0,0,-1.6,-1.6,-1.6,-1.6,0,530403.7,485707.4,65897.4,9542.9,18893.6,0,0,0,0,0,0,0,0,0,0,0,PREC,none,PI 16:1-16:0|PI 14:0-18:1
PI 32:0,0.7,809.5191,PI 16:0-16:0,NEG,32,0,0,1389112,808547,0,0,0,152.995,-1.7,-1.7,-1.7,-1.7,2453,241.0114,72233.9,47474.9,0,0,0,-1.7,-1.7,-1.7,-1.7,11699.4,-1.7,-1.7,-1.7,-1.7,11699.4,0,0,0,0,0,0,0,0,0,0,0,PREC,none,PI 16:0-16:0|PI 14:0-18:0
PI 34:2,2.4,833.5206,PI 16:1-18:1,NEG,34,2,0,5808331.3,4187060,634161.9,329560.7,0,152.9949,687503.6,734159.3,-1.7,-1.7,0,241.0117,348535.9,258988.3,52981.8,67979.8,0,-1.7,-1.7,1313.8,-1.7,0,-1.7,-1.7,164146.5,110736.6,0,0,0,0,0,0,0,0,0,0,0,0,PREC,none,PI 16:1-18:1|PI 16:0-18:2
PI 34:1,2.2,835.5361,PI 16:1-18:0,NEG,34,1,0,1227707.7,695394.1,67354.2,141548.8,0,152.995,-1.7,-1.7,-1.7,-1.7,-1.7,241.0116,60287.4,40791.3,-1.7,-1.7,0,-1.7,-1.7,-1.7,-1.7,0,-1.7,-1.7,31929.1,20222.9,15352.9,0,0,0,0,0,0,0,0,0,0,0,PREC,none,PI 16:1-18:0|PI 16:0-18:1
PI 34:0,1.6,837.5512,PI 16:0-18:0,NEG,34,0,0,2064062.6,1396428.3,-1.7,0,0,152.9949,24189.4,-1.8,2307.5,6599.6,0,241.0115,130982.2,77597.5,3949.8,0,0,-1.8,-1.8,21791.7,9207.3,11406.4,-1.8,-1.8,-1.8,-1.8,11114.8,0,0,0,0,0,0,0,0,0,0,0,PREC,none,PI 16:0-18:0
PI 36:5,3.2,855.5056,PI 16:1-20:4,NEG,36,5,0,-1.7,-1.7,617.5,11388.9,0,152.9949,-1.7,-1.7,-1.7,-1.7,0,241.0113,18988.8,18331.8,0,4050.9,0,-1.7,122.1,-1.7,-1.7,0,-1.7,-1.7,224571.2,102626.4,0,0,0,0,0,0,0,0,0,0,0,0,PREC,none,PI 16:1-20:4|PI 20:5-16:0|PI 14:0-22:5
PI 36:4,2.2,857.5204,PI 16:1-20:3,NEG,36,4,0,16360323.2,10916781.7,2786454.6,4385618.4,0,152.9949,148266,-1.7,-1.7,-1.7,-1.7,241.0118,1248212.2,876349.5,250266.9,278305.9,0,0,2250.1,-1.7,4045.7,0,-1.7,-1.7,25706.5,16236.1,0,0,0,0,0,0,0,0,0,0,0,0,PREC,none,PI 16:1-20:3|PI 20:4-16:0|PI 18:2-18:2
PI 36:3,-1.4,859.533,PI 16:0-20:3,NEG,36,3,0,-1.7,202395.4,-1.7,189113.5,0,152.995,-1.7,-1.7,4806.1,-1.7,0,241.0117,138641.5,119187.4,46587.4,58784.1,0,-1.7,-1.7,83972.7,49572.4,1696,-1.7,-1.7,-1.7,-1.7,0,0,0,0,0,0,0,0,0,0,0,0,PREC,none,PI 16:0-20:3|PI 18:1-18:2|PI 18:0-18:3
PI 36:2,2.7,861.5522,PI 16:1-20:1,NEG,36,2,0,2665220.5,1569972.2,982253.5,1500421.7,0,152.9949,155343.6,140172.4,31575.8,39598.6,0,241.0117,199457.8,145016.5,78278,92831.7,0,5917.4,0,5792.9,0,0,6622.7,11012.6,0,0,0,0,0,0,0,0,0,0,0,0,0,0,PREC,none,PI 16:1-20:1|PI 16:0-20:2|PI 18:1-18:1|PI 18:0-18:2
PI 36:1,1.6,863.5669,PI 16:1-20:0,NEG,36,1,0,344591,225075.1,10939.3,4691.5,0,152.995,140639.5,104457.6,29522,24007,7429.5,241.0117,50762.1,35555.1,18425,13540.4,16111.3,0,0,18849.4,8522.7,0,5588.1,5974.7,0,0,0,0,0,0,0,0,0,0,0,0,0,0,PREC,none,PI 16:1-20:0|PI 16:0-20:1|PI 18:0-18:1
PI 36:0,0.4,865.5815,PI 16:0-20:0,NEG,36,0,0,102086.2,14039.8,-1.7,-1.7,0,152.9949,62949.9,35957.2,29225.7,14291.8,32674.9,241.0117,164307.9,93391,80921.9,66901.7,156173.4,-1.8,3368.2,-1.8,-1.8,20424.1,-1.8,-1.8,0,0,0,0,0,0,0,0,0,0,0,0,0,0,PREC,none,PI 16:0-20:0|PI 18:0-18:0
PI 38:7,-0.4,879.5025,PI 16:1-22:6,NEG,38,7,0,8838.8,-1.8,0,3221.6,0,152.995,-1.8,-1.8,-1.8,300.7,0,241.0114,3287.2,0,0,0,0,-1.8,-1.8,5237.3,3808.9,0,27321.5,33445.4,46820.3,30013.6,0,0,0,0,0,0,0,0,0,0,0,0,PREC,none,PI 16:1-22:6
PI 38:6,2.7,881.5209,PI 16:1-22:5,NEG,38,6,0,1085008,753492.2,68374.4,259249,0,152.9949,-1.8,-1.8,-1.8,-1.8,0,241.0116,81273.3,75056.6,9356,16797.2,0,1917.1,0,4421.3,0,0,5219.4,4321.1,6389.6,0,0,0,0,0,0,0,0,0,0,0,0,0,PREC,none,PI 16:1-22:5|PI 22:6-16:0|PI 18:2-20:4
PI 38:5,2.4,883.5363,PI 20:3-18:2,NEG,38,5,0,5624661.1,3773911.1,1240799.4,2160869.6,0,152.9953,110380,66661.1,-1.8,29180,2947.4,241.0117,508221.9,414952.8,103122.1,148725.8,0,-1.8,-1.8,-1.8,1974.2,0,-1.8,-1.8,-1.8,-1.8,0,0,0,0,0,0,0,0,0,0,0,0,PREC,none,PI 20:3-18:2|PI 22:5-16:0|PI 20:5-18:0|PI 18:1-20:4
PI 38:4,2.1,885.5517,PI 20:3-18:1,NEG,38,4,0,52331371.4,31727577.4,35462001.6,51117784.9,0,152.9949,1827082.5,1242719.8,1219996,1362178.5,0,241.0117,4303876.7,2793089.1,2701481.5,3307108.8,0,23593.2,26224.7,43748.6,42782.8,0,50836.5,22220.1,37249,31462.2,0,0,0,0,0,0,0,0,0,0,0,0,PREC,none,PI 20:3-18:1|PI 16:0-22:4|PI 18:0-20:4
PI 38:2,0.9,889.5819,PI 16:1-22:1,NEG,38,2,0,0,0,0,23731,0,152.9949,112106.6,101147.5,18617.2,17191,0,241.0117,18332.6,10534.7,10919.5,10684.6,0,91119.4,44654.9,80717.1,58366.1,11223.8,5470.4,0,0,0,0,0,0,0,0,0,0,0,0,0,0,0,PREC,none,PI 16:1-22:1|PI 20:2-18:0|PI 20:1-18:1
PI 38:1,0.2,891.597,PI 16:0-22:1,NEG,38,1,0,-1.8,0,-1.8,-1.8,0,152.9949,19922.9,15240.1,4011.2,8451.8,0,241.0121,1465.5,2470.4,0,0,0,1280210.6,897055.1,420336.2,375965.3,738776.6,-1.8,0,0,0,0,0,0,0,0,0,0,0,0,0,0,0,PREC,none,PI 16:0-22:1|PI 20:1-18:0|PI 18:1-20:0
PI 40:8,3.3,905.5215,PI 18:2-22:6,NEG,40,8,0,538301.4,426859.7,0,22371.9,0,152.9949,93867.9,82796.4,12525.9,11629,0,241.0116,65833.4,49578.2,0,0,0,24228.3,23845.8,29020.6,33814.6,0,5047.1,6225.8,10284.8,6422.7,0,0,0,0,0,0,0,0,0,0,0,0,PREC,none,PI 18:2-22:6|PI 20:4-20:4
PI 40:7,0.3,907.5344,PI 20:3-20:4,NEG,40,7,0,424850.2,306052.1,183902.1,226222.6,0,152.9949,38321.7,-1.8,18559.8,13802.2,0,241.0118,37507.4,20841.6,4467.4,4788,0,20869,17190.3,0,0,0,37947.9,24007.3,3153,5530.1,0,0,0,0,0,0,0,0,0,0,0,0,PREC,none,PI 20:3-20:4|PI 22:5-18:2|PI 22:6-18:1
PI 40:6,0.5,909.5503,PI 20:3-20:3,NEG,40,6,0,1150980.3,705584.7,200757.9,418556.4,3843.6,152.9949,83009,87283.5,27421.8,28211.7,0,241.0118,118456.4,79199.8,16060.9,27230.7,0,-1.8,1791.7,0,0,0,-1.8,1791.7,0,0,0,0,0,0,0,0,0,0,0,0,0,0,PREC,none,PI 20:3-20:3|PI 20:2-20:4|PI 22:5-18:1|PI 18:0-22:6|PI 18:2-22:4
PI 40:5,2.3,911.5676,PI 22:5-18:0,NEG,40,5,0,767053.1,513217.6,72289.6,163308.6,0,152.9949,51255.8,36417.6,8522.1,12624.3,0,241.0115,95875.4,73123.5,12373.6,18389.6,0,41626.9,29509.8,827.4,4253.6,0,91961.8,76972.3,23272,35363.7,3131.8,0,0,0,0,0,0,0,0,0,0,0,PREC,none,PI 22:5-18:0|PI 20:1-20:4|PI 18:1-22:4
PI 40:4,2.8,913.5837,PI 20:0-20:4,NEG,40,4,0,1591003,944713.7,97704.5,231555.7,1753.1,152.9949,75589.1,53315.7,9961.6,12303.5,0,241.0114,146713.2,97726.3,11720.3,15634.2,5132.2,4743.8,4186,4554.1,0,0,16091.1,11366.5,5826.1,5268.4,0,0,0,0,0,0,0,0,0,0,0,0,PREC,none,PI 20:0-20:4|PI 24:4-16:0|PI 22:4-18:0|PI 18:1-22:3
PI 40:3,5.4,915.6017,PI 18:0-22:3,NEG,40,3,0,0,6211.7,7743.3,28046.2,575317.7,152.9949,35483.9,33353.8,7634.5,2351.9,0,241.0117,-1.8,-1.8,1803.2,-1.8,0,-1.8,-1.8,5853.7,8677.9,4318.6,0,6119.2,0,0,0,0,0,0,0,0,0,0,0,0,0,0,PREC,none,PI 18:0-22:3
PI 42:9,-2.6,931.5318,PI 22:5-20:4,NEG,42,9,0,0,2527.3,0,0,0,152.9949,5619.9,207.5,-1.8,-1.8,6622,241.0116,51457.9,28453,11253.7,6409.1,23960.5,5555.6,0,0,0,0,9477.2,10802.5,2658.2,0,0,0,0,0,0,0,0,0,0,0,0,0,PREC,none,PI 22:5-20:4
PI 42:4,-1.4,941.6111,PI 24:4-18:0,NEG,42,4,0,3799.2,0,0,0,0,152.995,33269.1,39153.8,12787.5,10496,4626.8,241.0114,8460.4,3918.3,0,0,0,5047.2,0,0,0,0,21701.9,15177.3,4081,3212.9,0,0,0,0,0,0,0,0,0,0,0,0,PREC,none,PI 24:4-18:0
PS 34:3,2,756.4836,PS 18:2-16:1,NEG,34,3,0,2666.3,1545.5,0,0,0,0,40511.9,37733.8,6768.3,9030,3508.8,0,0,0,0,0,0,393974.8,328115.7,174989.3,162489.7,0,7392.1,6891.2,-1.7,0,0,87.0344,4131.4,0,0,0,0,0,0,0,0,0,PREC,none,PS 18:2-16:1|PS 18:3-16:0
PS 34:2,1.6,758.499,PS 18:1-16:1,NEG,34,2,0,193803.6,219566.7,0,0,0,0,102054.4,92144.3,16235.3,20128.5,4357.5,0,0,0,0,0,0,320326.6,213688.5,83737.5,83474.4,0,2697.4,2861.5,-1.6,0,0,87.0326,67223.8,55882.4,0,0,0,0,0,0,0,0,PREC,none,PS 18:1-16:1|PS 18:2-16:0
PS 34:1,2.1,760.515,PS 18:0-16:1,NEG,34,1,0,233907.9,273288.9,0,0,-1.6,0,86175,90715.9,11055.7,11020.8,5880.3,0,0,0,0,0,0,69603,50919.1,-1.7,-1.7,-1.7,116320.5,99855.8,2051.6,5237.3,0,87.0348,50383.3,56046.2,0,0,0,0,0,0,0,0,PREC,none,PS 18:0-16:1|PS 18:1-16:0
PS 36:4,4.5,782.5013,PS 22:1-14:3,NEG,36,4,0,7202060.3,5685895.1,0,2616.3,0,0,1327008,1081497.8,7231.7,8603.7,0,0,0,0,0,0,0,5375,0,0,0,0,2437.6,0,0,0,0,87.0353,1098807.9,899414.7,0,0,0,0,0,0,0,0,PREC,none,PS 22:1-14:3|PS 16:0-20:4|PS 16:1-20:3|PS 22:4-14:0|PS 18:2-18:2
PS 36:2,1.4,786.5301,PS 18:1-18:1,NEG,36,2,0,922240.4,787874.8,0,0,0,0,292276.5,268575.4,6533.5,8394.6,5250.7,0,0,0,0,0,0,-1.7,-1.7,26125.5,15425.2,0,-1.7,-1.7,26125.5,15425.2,0,87.0333,213383.8,232799.8,0,0,0,0,0,0,0,0,PREC,none,PS 18:1-18:1|PS 18:2-18:0
PS 36:1,1.8,788.5461,PS 20:1-16:0,NEG,36,1,0,-1.7,0,23869.4,36713.8,0,0,52090.7,39249.2,9330.3,4920,1524,0,0,0,0,0,0,9852.9,0,0,0,0,82152.9,58311.1,36963.6,27663.9,2903.9,87.0345,9724.4,-1.7,0,0,0,0,0,0,0,0,PREC,none,PS 20:1-16:0|PS 18:1-18:0
PS 38:6,4.5,806.5014,PS 18:2-20:4,NEG,38,6,0,9053106.3,7235149.7,5232.7,43365.3,0,0,1606045.1,1377037.8,12640.1,13933.2,0,0,0,0,0,0,0,1210994.5,1027190.1,24813,27233.1,0,1049704.7,805687.2,22881.2,20322,0,87.0355,1283748.4,861431.6,0,0,0,0,0,0,0,0,PREC,none,PS 18:2-20:4|PS 20:5-18:1|PS 22:6-16:0|PS 22:5-16:1
PS 38:5,2.8,808.5157,PS 18:2-20:3,NEG,38,5,0,9635292,8400232,0,0,0,0,2323012,1976011,25564.6,18840.2,-1.7,0,0,0,0,0,0,-1.7,-1.7,13118.7,13362.4,0,52610.2,24294.7,0,0,0,87.0344,1324878.8,1132205.7,0,0,0,0,0,0,0,0,PREC,none,PS 18:2-20:3|PS 22:4-16:1|PS 18:0-20:5|PS 22:5-16:0|PS 18:1-20:4
PS 38:4,1.4,810.5302,PS 18:1-20:3,NEG,38,4,0,20165254.9,18257143,4841.8,20756.8,0,0,2586237.4,2534637.5,5126.5,12641.2,0,0,0,0,0,0,0,-1.7,-1.7,2712.2,2007.9,0,33800.6,16491.5,5510.9,6625.4,0,87.0328,2293273.9,2088841.8,3757.8,5557.5,0,0,0,0,0,0,PREC,none,PS 18:1-20:3|PS 22:4-16:0|PS 20:4-18:0
PS 40:8,5.5,830.5024,PS 20:3-20:5,NEG,40,8,0,24206887.8,23348115,2355.8,13877.1,0,0,4236119.1,4080374.9,19244.6,20151.5,4665.9,0,0,0,0,0,0,4751.9,0,6.3,-1.7,0,2806.1,9076.7,0,0,0,87.0359,2801439.9,2818570.9,0,0,0,0,0,0,0,0,PREC,none,PS 20:3-20:5|PS 22:6-18:2|PS 18:3-22:5|PS 20:4-20:4
PS 40:6,3,834.5315,PS 20:4-20:2,NEG,40,6,0,8547181.5,7740223.6,0,0,0,0,1019221,623580.7,112451.8,88300.7,5213.3,0,0,0,0,0,0,50446.5,38693,4264.5,4461.2,0,43023.7,33533.4,0,0,0,87.0353,1124752.6,989618.2,0,0,0,0,0,0,0,0,PREC,none,PS 20:4-20:2|PS 20:3-20:3|PS 22:5-18:1|PS 18:0-22:6|PS 22:4-18:2
PS 40:5,-1.7,836.5433,PS 20:2-20:3,NEG,40,5,0,1125386.2,1013312.9,-1.7,-1.7,0,0,302221.1,492181.7,-1.7,-1.7,0,0,0,0,0,0,0,0,-1.7,0,0,0,5263.3,0,0,0,0,87.0323,-1.7,-1.7,0,0,0,0,0,0,0,0,PREC,none,PS 20:2-20:3|PS 20:4-20:1|PS 22:5-18:0|PS 22:4-18:1
PS 40:3,2.4,840.578,PS 18:2-22:1,NEG,40,3,0,2713967.5,411377.7,3299165.7,7861790.3,0,0,54498.6,38543.7,13379.6,24502.8,0,0,0,0,0,0,0,164184.4,55308.7,93977.6,248138.8,0,4592.9,0,0,0,0,87.0359,30777.2,36682.8,0,0,0,0,0,0,0,0,PREC,none,PS 18:2-22:1
PS 42:9,0.9,856.5142,PS 22:5-20:4,NEG,42,9,0,716795.1,622199.6,0,0,0,0,479925.9,468982.1,224068.2,156547.1,3144.9,0,0,0,0,0,0,353946,354029.1,0,0,0,1591343.2,1588587.9,1446527.5,1025833.4,0,87.0358,584537.3,575253.3,0,0,0,0,0,0,0,0,PREC,none,PS 22:5-20:4|PS 22:6-20:3|PS 22:4-20:5
PS 42:5,0.5,864.5764,PS 18:0-24:5,NEG,42,5,0,1305313.9,291825.1,1545100,3817351.6,7198.6,0,49180.7,45723.8,8211.8,16089,25328.5,0,0,0,0,0,0,-1.8,-1.8,-1.8,-1.8,-1.8,5909.3,0,0,0,0,87.0306,15347.3,12562,0,0,0,0,0,0,0,0,PREC,none,PS 18:0-24:5|PS 20:4-22:1|PS 22:4-20:1|PS 22:5-20:0
PS 42:4,2.5,866.5939,PS 20:4-22:0,NEG,42,4,0,601106,138360.2,560448.2,1594283.9,0,0,125932.7,110748,-1.8,5309.4,-1.8,0,0,0,0,0,0,206954.3,69359.8,226394.7,518185.6,0,9596.2,12497.3,0,0,0,87.0324,8048.1,3687.2,0,0,0,0,0,0,0,0,PREC,none,PS 20:4-22:0|PS 22:4-20:0
PS 44:10,-5.8,882.524,PS 22:5-22:5,NEG,44,10,0,-1.8,-1.8,-1.8,-1.8,0,0,123734,114302.7,54455.1,44541.7,0,0,0,0,0,0,0,68488.5,61418.2,46167.9,32942.3,0,68488.5,61418.2,46167.9,32942.3,0,87.0334,12871.6,12480.1,0,0,0,0,0,0,0,0,PREC,none,PS 22:5-22:5|PS 22:4-22:6
PS 44:9,-5,884.5403,PS 22:4-22:5,NEG,44,9,0,-1.8,-1.8,-1.8,-1.8,0,0,256058.4,239787.1,216628.6,164921.8,0,0,0,0,0,0,0,102855.4,93353.5,19397.4,16204.1,0,-1.8,-1.8,0,0,0,87.0284,0,2280.9,0,0,0,0,0,0,0,0,PREC,none,PS 22:4-22:5
PS 44:4,0.7,894.6236,PS 20:4-24:0,NEG,44,4,0,15404.7,14522.7,-1.8,29649.9,0,0,94942.8,70998.9,14184.3,13061.1,0,0,0,0,0,0,0,39569.4,28615.3,18970.4,28814.6,0,21870.4,26782.8,0,0,0,87.0358,9638.3,7108.5,0,0,0,0,0,0,0,0,PREC,none,PS 20:4-24:0
LPA 16:1,2.4,407.2214,LPA 16:1,NEG,16,1,0,20353.2,14629.6,46540,61173,6416.2,0,21858.1,-1.3,46132.7,45301.7,2005.8,0,0,0,0,0,0,2422.7,2155,7280.4,2522.7,0,0,0,0,0,0,0,0,0,0,0,0,0,0,0,0,0,PREC,LPA 16:1,LPA 16:1
LPA 16:0,1.7,409.2368,LPA 16:0,NEG,16,0,0,707839.1,740018.9,1354172.6,1443969.6,2812.6,0,1946690.8,1108123.9,1290135.8,1085092.9,0,0,0,0,0,0,0,123326.6,85744.9,58538.3,53767.2,24155,0,0,0,0,0,0,0,0,0,0,0,0,0,0,0,0,PREC,LPA 16:0,LPA 16:0
LPA 18:2,1.7,433.2368,LPA 18:2,NEG,18,2,0,117437.9,150755.2,549284,644337.2,2270.4,0,391798.1,278694.3,550581,488061.8,0,0,0,0,0,0,0,9227.3,4422.3,16097.2,12872.5,0,0,0,0,0,0,0,0,0,0,0,0,0,0,0,0,0,PREC,LPA 18:2,LPA 18:2
LPA 18:1,1.6,435.2524,LPA 18:1,NEG,18,1,0,314948.3,134947.7,807495.4,874263.5,129410.6,0,400630.2,256858,370369.8,319784.4,0,0,0,0,0,0,0,18298.6,13953.9,19971.5,14852.2,0,0,0,0,0,0,0,0,0,0,0,0,0,0,0,0,0,PREC,LPA 18:1,LPA 18:1
LPA 18:0,1.2,437.2679,LPA 18:0,NEG,18,0,0,505937.1,477053.9,619670.3,555202.3,714.1,0,1417370.9,675269.3,609515.4,427429.4,0,0,0,0,0,0,0,138115.9,106717,38667.7,45334.2,33336.7,0,0,0,0,0,0,0,0,0,0,0,0,0,0,0,0,PREC,LPA 18:0,LPA 18:0
LPA 20:4,1.4,457.2367,LPA 20:4,NEG,20,4,0,48034.8,61555.5,315312,324870,0,0,200147.2,132214.3,374220.7,280393,2124.5,0,0,0,0,0,0,0,2481.8,3301.2,2408.5,0,0,0,0,0,0,0,0,0,0,0,0,0,0,0,0,0,PREC,LPA 20:4,LPA 20:4
LPEO- 14:0,-2.7,410.2666,LPEO- 14:0,NEG,14,0,0,0,458,0,420.5,0,196.0374,810872.8,566372.8,457665.2,299205.7,553096.5,0,0,0,0,0,0,0,0,0,0,0,0,0,0,0,0,0,0,0,0,0,0,0,0,0,0,0,PREC,LPEO- 14:0,LPEO- 14:0
LPEO- 16:1,1.8,436.2841,LPEO- 16:1,NEG,16,1,0,16506.8,15772.5,10892.1,32764.5,1158.8,196.0373,19830.6,15679.4,5653.4,5629.3,0,0,0,0,0,0,0,0,0,0,0,0,0,0,0,0,0,0,0,0,0,0,0,0,0,0,0,0,PREC,LPEO- 16:1,LPEO- 16:1
LPEO- 18:2,2,462.2999,LPEO- 18:2,NEG,18,2,0,6737.2,9291.3,0,1060.6,0,196.0374,9935.6,4388.9,2456.3,2947,0,0,0,0,0,0,0,0,0,0,0,0,0,0,0,0,0,0,0,0,0,0,0,0,0,0,0,0,PREC,LPEO- 18:2,LPEO- 18:2
LPEO- 18:1,1.6,464.3154,LPEO- 18:1,NEG,18,1,0,17194.2,30931.9,2725.3,7057.5,532.1,196.0373,15953.4,8651,2594.9,3563.3,0,0,0,0,0,0,0,0,0,0,0,0,0,0,0,0,0,0,0,0,0,0,0,0,0,0,0,0,PREC,LPEO- 18:1,LPEO- 18:1
LPEO- 18:0,1,466.3307,LPEO- 18:0,NEG,18,0,0,341.5,-1.3,0,0,0,196.0366,2564.2,0,0,0,0,0,0,0,0,0,0,0,0,0,0,0,0,0,0,0,0,0,0,0,0,0,0,0,0,0,0,0,PREC,LPEO- 18:0,LPEO- 18:0
LPEO- 22:6,1.9,510.3,LPEO- 22:6,NEG,22,6,0,0,0,0,638.8,0,196.0376,-1.4,-1.4,-1.4,-1.4,-1.4,0,0,0,0,0,0,0,0,0,0,0,0,0,0,0,0,0,0,0,0,0,0,0,0,0,0,0,PREC,LPEO- 22:6,LPEO- 22:6
LPEO- 22:4,-0.9,514.3298,LPEO- 22:4,NEG,22,4,0,1050.3,0,0,0,0,196.0371,5371.8,3409.6,0,2889.8,0,0,0,0,0,0,0,0,0,0,0,0,0,0,0,0,0,0,0,0,0,0,0,0,0,0,0,0,PREC,LPEO- 22:4,LPEO- 22:4
LPE 16:1,1.7,450.2634,LPE 16:1,NEG,16,1,0,12922.9,9077.7,8418.2,16776.3,473.2,196.0373,2895.9,2157.8,1932.5,0,0,0,0,0,0,0,0,55657.9,33286.5,15729.1,23926.9,0,0,0,0,0,0,0,0,0,0,0,0,0,0,0,0,0,PREC,LPE 16:1,LPE 16:1
LPE 16:0,1.9,452.2791,LPE 16:0,NEG,16,0,0,183535.9,950948.7,1008820.1,1334616.3,1280.6,196.0374,136551.9,92130.6,81281.3,88462.3,0,0,0,0,0,0,0,1631541.5,1146465.5,851511.2,944805.7,-1.3,0,0,0,0,0,0,0,0,0,0,0,0,0,0,0,0,PREC,LPE 16:0,LPE 16:0
LPE 18:2,1.8,476.2791,LPE 18:2,NEG,18,2,0,146408.3,330728.9,553979.9,1173877.2,0,196.0374,31701.2,28673.9,29742,47182.5,6607.8,0,0,0,0,0,0,463404.3,456262.3,504222.7,856071,2348.5,0,0,0,0,0,0,0,0,0,0,0,0,0,0,0,0,PREC,LPE 18:2,LPE 18:2
LPE 18:1,1.8,478.2948,LPE 18:1,NEG,18,1,0,446516.7,710244,452334.8,714135.4,0,196.0377,71009.3,53814.7,35705.6,40191.2,1665.1,0,0,0,0,0,0,1392985.5,965928.3,298267.3,489309,-1.3,0,0,0,0,0,0,0,0,0,0,0,0,0,0,0,0,PREC,LPE 18:1,LPE 18:1
LPE 18:0,1.9,480.3105,LPE 18:0,NEG,18,0,0,1424135.3,1375799.8,1285741.1,1916703.4,0,196.0375,165970.1,138950.4,63059.2,83405.8,0,0,0,0,0,0,0,1988025.5,1459451.6,792938.4,895794.7,-1.3,0,0,0,0,0,0,0,0,0,0,0,0,0,0,0,0,PREC,LPE 18:0,LPE 18:0
LPE 20:4,1.9,500.2792,LPE 20:4,NEG,20,4,0,1218403.7,2159987.1,2375520.5,3167531.4,0,196.0374,154595.6,96193.8,101785.9,116578.4,0,0,0,0,0,0,0,2232474.3,1686693.1,1226861.8,1246099.1,0,0,0,0,0,0,0,0,0,0,0,0,0,0,0,0,0,PREC,LPE 20:4,LPE 20:4
LPE 22:6,2.4,524.2795,LPE 22:6,NEG,22,6,0,750178.1,1353775,1816797.5,2131623.5,1444.7,196.0374,84880.7,90246.4,91099.4,85115,3176.3,0,0,0,0,0,0,660593.2,505464.9,429717.5,389229.8,0,0,0,0,0,0,0,0,0,0,0,0,0,0,0,0,0,PREC,LPE 22:6,LPE 22:6
LPE 22:5,2,526.295,LPE 22:5,NEG,22,5,0,202158.1,361428.2,83772.9,97913.9,0,196.0374,20648.2,15023.5,3220.4,2984.2,2339.4,0,0,0,0,0,0,374450.1,268959.4,55210.3,47786,0,0,0,0,0,0,0,0,0,0,0,0,0,0,0,0,0,PREC,LPE 22:5,LPE 22:5
LPE 22:4,1.6,528.3104,LPE 22:4,NEG,22,4,0,599397.5,880909.5,125906.3,206376,0,196.0373,67126.1,43815.6,2884.8,2682.1,3009,0,0,0,0,0,0,1144097.6,848266.1,19994.7,21836.1,0,0,0,0,0,0,0,0,0,0,0,0,0,0,0,0,0,PREC,LPE 22:4,LPE 22:4
LPGO- 14:0,3.5,441.2638,LPGO- 14:0,NEG,14,0,0,5410.3,4729.9,418.6,505.6,0,152.9949,14861.8,20095.1,-1.3,30,-1.3,0,0,0,0,0,0,0,0,0,0,0,0,0,0,0,0,0,0,0,0,0,0,0,0,0,0,0,PREC,LPGO- 14:0,LPGO- 14:0
LPGO- 16:1,1.5,467.2786,LPGO- 16:1,NEG,16,1,0,3692.6,277.4,513.2,0,330.9,152.9949,105881.7,43636.3,60979.6,55624.3,0,0,0,0,0,0,0,0,0,0,0,0,0,0,0,0,0,0,0,0,0,0,0,0,0,0,0,0,PREC,LPGO- 16:1,LPGO- 16:1
LPGO- 16:0,4.8,469.2958,LPGO- 16:0,NEG,16,0,0,737.2,404.4,0,2324.5,351.2,152.9949,36964.5,22724.3,21263.5,18337.7,-1.3,0,0,0,0,0,0,0,0,0,0,0,0,0,0,0,0,0,0,0,0,0,0,0,0,0,0,0,PREC,LPGO- 16:0,LPGO- 16:0
LPGO- 18:2,1.9,493.2945,LPGO- 18:2,NEG,18,2,0,19241.5,5475.5,1883,630,1259.5,152.9949,38835.7,15167.9,29902.9,30101.9,0,0,0,0,0,0,0,0,0,0,0,0,0,0,0,0,0,0,0,0,0,0,0,0,0,0,0,0,PREC,LPGO- 18:2,LPGO- 18:2
LPGO- 18:1,4.6,495.3115,LPGO- 18:1,NEG,18,1,0,2165,0,0,0,0,152.9949,1691342.7,1038590.4,734524.9,546712.1,939324.2,0,0,0,0,0,0,0,0,0,0,0,0,0,0,0,0,0,0,0,0,0,0,0,0,0,0,0,PREC,LPGO- 18:1,LPGO- 18:1
LPGO- 18:0,-0.7,497.3245,LPGO- 18:0,NEG,18,0,0,108.2,0,0,659.7,0,152.9949,-1.4,3509.3,-1.4,-1.4,-1.4,0,0,0,0,0,0,0,0,0,0,0,0,0,0,0,0,0,0,0,0,0,0,0,0,0,0,0,PREC,LPGO- 18:0,LPGO- 18:0
LPGO- 20:4,2.4,517.2948,LPGO- 20:4,NEG,20,4,0,861.2,0,0,0,0,152.9949,102391.1,52067.6,47252.6,36903.8,55756.8,0,0,0,0,0,0,0,0,0,0,0,0,0,0,0,0,0,0,0,0,0,0,0,0,0,0,0,PREC,LPGO- 20:4,LPGO- 20:4
LPGO- 22:5,-2,543.3081,LPGO- 22:5,NEG,22,5,0,2933,633.3,0,0,0,152.9949,26979.4,5148.1,-1.3,-1.3,7799,0,0,0,0,0,0,0,0,0,0,0,0,0,0,0,0,0,0,0,0,0,0,0,0,0,0,0,PREC,LPGO- 22:5,LPGO- 22:5
LPG 14:0,1.6,455.2423,LPG 14:0,NEG,14,0,0,21511.5,-1.3,-1.3,-1.3,-1.3,152.9949,39691.9,29483.5,36156.4,26226.6,0,0,0,0,0,0,0,10980.2,12417.2,40087.6,29878.8,4821,0,0,0,0,0,0,0,0,0,0,0,0,0,0,0,0,PREC,LPG 14:0,LPG 14:0
LPG 16:1,1.7,481.258,LPG 16:1,NEG,16,1,0,18414.7,414.3,0,0,321.4,152.995,89177.7,112572.6,183676.5,136841.5,52662.5,0,0,0,0,0,0,15397.8,12490.5,115794.6,64058.6,0,0,0,0,0,0,0,0,0,0,0,0,0,0,0,0,0,PREC,LPG 16:1,LPG 16:1
LPG 16:0,2.2,483.2739,LPG 16:0,NEG,16,0,0,7977.6,2660.8,0,1391.6,415.1,152.9949,43907.3,39247.2,33910.3,32702.8,16211.6,0,0,0,0,0,0,182684.7,191427,597970.6,447717.2,149295.2,0,0,0,0,0,0,0,0,0,0,0,0,0,0,0,0,PREC,LPG 16:0,LPG 16:0
LPG 18:2,0.9,507.2733,LPG 18:2,NEG,18,2,0,28816.9,31889.6,9428.7,25371.4,0,152.9949,56266.4,54082.8,46458.2,32930.4,12347.1,0,0,0,0,0,0,86261.6,71978,228781.4,182779.7,0,0,0,0,0,0,0,0,0,0,0,0,0,0,0,0,0,PREC,LPG 18:2,LPG 18:2
LPG 18:1,-0.3,509.2883,LPG 18:1,NEG,18,1,0,22012,17427.6,460.8,4034.9,0,152.995,-1.3,-1.3,-1.3,-1.3,-1.3,0,0,0,0,0,0,113127.1,86034.2,318181.6,244256.3,12259,0,0,0,0,0,0,0,0,0,0,0,0,0,0,0,0,PREC,LPG 18:1,LPG 18:1
LPG 18:0,3.1,511.3057,LPG 18:0,NEG,18,0,0,279.2,975.3,0,0,0,152.9949,-1.3,-1.3,-1.3,-1.3,-1.3,0,0,0,0,0,0,144176.1,137589.4,347910.4,275663,135584.5,0,0,0,0,0,0,0,0,0,0,0,0,0,0,0,0,PREC,LPG 18:0,LPG 18:0
LPG 20:4,1.9,531.2739,LPG 20:4,NEG,20,4,0,13822.6,13309.1,0,761.5,0,152.9949,-1.4,-1.4,-1.4,-1.4,-1.4,0,0,0,0,0,0,27712.9,21157.1,29793.3,25926.5,0,0,0,0,0,0,0,0,0,0,0,0,0,0,0,0,0,PREC,LPG 20:4,LPG 20:4
LPG 22:6,3.6,555.2748,LPG 22:6,NEG,22,6,0,2931.5,452,0,0,0,152.9949,-1.4,-1.4,-1.4,-1.4,5625.5,0,0,0,0,0,0,5002.2,2649.4,5692.5,4304,0,0,0,0,0,0,0,0,0,0,0,0,0,0,0,0,0,PREC,LPG 22:6,LPG 22:6
LPG 22:5,4,557.2907,LPG 22:5,NEG,22,5,0,573.5,0,0,0,0,152.9949,-1.4,-1.4,-1.4,-1.4,-1.4,0,0,0,0,0,0,2999.1,2858.3,2366.3,0,0,0,0,0,0,0,0,0,0,0,0,0,0,0,0,0,0,PREC,LPG 22:5,LPG 22:5
LPG 22:4,5.3,559.3071,LPG 22:4,NEG,22,4,0,917.4,0,582.2,0,0,152.995,-1.4,-1.4,-1.4,-1.4,1608.1,0,0,0,0,0,0,2819,0,0,0,0,0,0,0,0,0,0,0,0,0,0,0,0,0,0,0,0,PREC,LPG 22:4,LPG 22:4
LPIO- 14:0,-2.3,529.2771,LPIO- 14:0,NEG,14,0,0,-1.3,-1.3,0,-1.3,0,152.9949,1335361.5,1032631.9,706979.2,510605.8,808015.6,241.0117,787288.5,629611.9,430992,322580.9,481646.3,0,0,0,0,0,0,0,0,0,0,0,0,0,0,0,0,0,0,0,0,0,PREC,LPIO- 14:0,LPIO- 14:0
LPIO- 18:0,0.2,585.341,LPIO- 18:0,NEG,18,0,0,-1.4,-1.4,0,0,0,152.9949,409812.6,260476.2,186577.6,159614.3,185044.3,241.0117,1008916.2,725240.3,558956.1,422083,474165.7,0,0,0,0,0,0,0,0,0,0,0,0,0,0,0,0,0,0,0,0,0,PREC,LPIO- 18:0,LPIO- 18:0
LPI 16:0,2.2,571.2902,LPI 16:0,NEG,16,0,0,35923.8,17986.1,0,0,599.6,152.9949,-1.4,-1.4,-1.4,-1.4,30516.8,241.0118,7377.1,3612.8,0,0,0,513265.4,545053.4,679467.9,586502,62335.7,0,0,0,0,0,0,0,0,0,0,0,0,0,0,0,0,PREC,LPI 16:0,LPI 16:0
LPI 18:2,1,595.2895,LPI 18:2,NEG,18,2,0,4349.6,2824.6,1600.2,22231,0,152.9949,-1.4,-1.4,-1.4,-1.4,1234.2,241.0115,4322.4,3081.5,0,3088.8,0,3275,968.1,-1.4,-1.4,0,0,0,0,0,0,0,0,0,0,0,0,0,0,0,0,0,PREC,LPI 18:2,LPI 18:2
LPI 18:1,1.6,597.3055,LPI 18:1,NEG,18,1,0,85302.7,119494.8,101873.3,80267.2,143419.6,152.9949,75471.5,42723.6,1429.5,-1.4,34404.4,241.0117,23990.7,17799.7,10566.8,9008.1,12175.2,69529.8,47436.2,17010.3,1898.4,38875.8,0,0,0,0,0,0,0,0,0,0,0,0,0,0,0,0,PREC,LPI 18:1,LPI 18:1
LPI 18:0,-0.8,599.3197,LPI 18:0,NEG,18,0,0,38031.2,46975,2643.4,8070.4,-1.4,152.9949,-1.4,-1.4,-1.4,-1.4,2764,241.0116,30054.7,14400.1,5981.8,5615.7,0,30336,-1.4,-1.4,-1.4,35183,0,0,0,0,0,0,0,0,0,0,0,0,0,0,0,0,PREC,LPI 18:0,LPI 18:0
LPI 20:4,2,619.2901,LPI 20:4,NEG,20,4,0,139993.8,241853.1,615736.6,963208.5,0,152.995,282803.9,292168.3,795926.2,702407,16747.2,241.0116,45394.9,33186.1,60754.7,75600.6,0,96779,88816.4,200452.2,214424.4,0,0,0,0,0,0,0,0,0,0,0,0,0,0,0,0,0,PREC,LPI 20:4,LPI 20:4
LPI 22:6,-1.7,643.2878,LPI 22:6,NEG,22,6,0,11359.4,2901.1,0,734.5,0,152.9949,86395.2,88658.3,206460.7,177559.3,17230.4,241.0117,38454.5,33725.2,29746.2,24419.8,32370.4,3386.7,3881,11020.6,9084.9,0,0,0,0,0,0,0,0,0,0,0,0,0,0,0,0,0,PREC,LPI 22:6,LPI 22:6
LPI 22:5,3.6,645.3069,LPI 22:5,NEG,22,5,0,-1.5,0,728.1,0,0,152.9949,66205,59485.1,37990,28048.4,47836,241.0115,12424.9,11567.4,13499.3,10644.8,14304.8,0,0,0,4609.3,0,0,0,0,0,0,0,0,0,0,0,0,0,0,0,0,0,PREC,LPI 22:5,LPI 22:5
LPSO- 18:2,2.9,506.2903,LPSO- 18:2,NEG,18,1,0,101141.4,139473.5,0,0,412.4,152.9949,1448.5,2127.4,-1.3,-1.3,-1.3,0,0,0,0,0,0,0,0,0,0,0,0,0,0,0,0,87.0336,4367.5,2520.1,0,0,0,0,0,0,0,0,PREC,LPSO- 18:2,LPSO- 18:2
LPS 18:2,-0.5,520.2678,LPS 18:2,NEG,18,2,0,18933.9,31295,-1.3,-1.3,-1.3,0,80755.4,61156.5,5182.3,653.4,6369.5,0,0,0,0,0,0,-1.3,-1.3,1299.6,180.6,0,0,0,0,0,0,87.0318,27686.4,17531.8,0,0,0,0,0,0,0,0,PREC,LPS 18:2,LPS 18:2
LPS 18:1,0.6,522.2841,LPS 18:1,NEG,18,1,0,55152.1,71492.2,0,559.9,0,0,188682.3,84028.9,-1.4,-1.4,-1.4,0,0,0,0,0,0,9015.1,8362.2,2094.2,1771.8,0,0,0,0,0,0,87.0313,57543,40775.8,0,0,0,0,0,0,0,0,PREC,LPS 18:1,LPS 18:1
LPS 18:0,1.1,524.3,LPS 18:0,NEG,18,0,0,50029.6,81698.4,0,0,0,0,216021.9,153579,22652,16997.5,4102.8,0,0,0,0,0,0,0,0,0,0,2439.3,0,0,0,0,0,87.0287,57488.7,41870.6,0,0,0,0,0,0,0,0,PREC,LPS 18:0,LPS 18:0
LPS 20:4,0.9,544.2686,LPS 20:4,NEG,20,4,0,213918.1,354260.8,14038.6,18685.3,0,0,696230.5,539616,47493.5,42197.3,23369.3,0,0,0,0,0,0,5226.9,5089,-1.4,-1.4,0,0,0,0,0,0,87.0317,170599.8,125970.4,4258.7,4624.3,0,0,0,0,0,0,PREC,LPS 20:4,LPS 20:4
CE 14:0,1.17ppm,614.5878,0,POS,14,0,0,0,0,30586.5,9830,0,369.3517,21599.3,22815.4,89824.2,69142.2,3959.7,0,0,0,0,0,0,0,0,0,0,0,0,0,0,0,0,0,0,0,0,0,0,0,0,0,0,0,PREC,CE 14:0,0
CE 16:1,-0.38ppm,640.6025,0,POS,16,1,0,2888121.7,2763237.5,10814969.4,11147078.3,7052738,369.352,707480.7,750168.5,3461463.7,3268318.8,23344.3,0,0,0,0,0,0,0,0,0,0,0,0,0,0,0,0,0,0,0,0,0,0,0,0,0,0,0,PREC,CE 16:1,0
CE 16:0,0.60ppm,642.6187,0,POS,16,0,0,926042.2,1378130.4,7517812.6,7137356.5,0,369.3515,523297.7,573612.1,2745451.9,2268679.1,8764.2,0,0,0,0,0,0,0,0,0,0,0,0,0,0,0,0,0,0,0,0,0,0,0,0,0,0,0,PREC,CE 16:0,0
CE 18:2,0.03ppm,666.6184,0,POS,18,2,0,29181292.6,28196885.2,171044279.8,176900473.6,0,369.3518,11045652,12702911.8,71012793.4,53741243.9,0,0,0,0,0,0,0,0,0,0,0,0,0,0,0,0,0,0,0,0,0,0,0,0,0,0,0,0,PREC,CE 18:2,0
CE 18:1,1.44ppm,668.635,0,POS,18,1,0,7539501.4,7245368.6,42886859.7,41274443.3,3514,369.3516,3330627.3,3421063.6,17602673.1,13684068.6,28931.1,0,0,0,0,0,0,0,0,0,0,0,0,0,0,0,0,0,0,0,0,0,0,0,0,0,0,0,PREC,CE 18:1,0
CE 20:5,-0.48ppm,688.6024,0,POS,20,5,0,143934.1,92528.6,1920469.4,2239888.9,0,369.3518,139697.2,160706.7,565992.4,739290.9,22707.6,0,0,0,0,0,0,0,0,0,0,0,0,0,0,0,0,0,0,0,0,0,0,0,0,0,0,0,PREC,CE 20:5,0
CE 20:4,0.07ppm,690.6184,0,POS,20,4,0,49950209.3,44728519.3,326136514.2,326471008.7,0,369.3514,22696441.8,19562541,142019981.1,105196259.6,2141.1,0,0,0,0,0,0,0,0,0,0,0,0,0,0,0,0,0,0,0,0,0,0,0,0,0,0,0,PREC,CE 20:4,0
CE 20:3,5.15ppm,692.6376,0,POS,20,3,0,0,0,0,28000.9,0,369.3518,-1.6,6535.5,-1.6,95963.3,0,0,0,0,0,0,0,0,0,0,0,0,0,0,0,0,0,0,0,0,0,0,0,0,0,0,0,0,PREC,CE 20:3,0
CE 22:6,0.18ppm,714.6185,0,POS,22,6,0,5427136.3,5324580,39554548.2,44247367.2,0,369.3521,2375990,2544949.6,17164620.6,17565605.7,3359.1,0,0,0,0,0,0,0,0,0,0,0,0,0,0,0,0,0,0,0,0,0,0,0,0,0,0,0,PREC,CE 22:6,0
CE 22:5,3.28ppm,716.6364,0,POS,22,5,0,0,0,420598.9,343654.9,0,369.3516,-1.6,-1.6,-1.6,-1.6,14168.3,0,0,0,0,0,0,0,0,0,0,0,0,0,0,0,0,0,0,0,0,0,0,0,0,0,0,0,PREC,CE 22:5,0
CE 22:4,0.70ppm,718.6502,0,POS,22,4,0,28191.2,31258.3,2432370.9,2622395.1,0,369.3519,13192.8,30514.2,187200.4,155473.7,0,0,0,0,0,0,0,0,0,0,0,0,0,0,0,0,0,0,0,0,0,0,0,0,0,0,0,0,PREC,CE 22:4,0
HexCer 32:2;2,3.13ppm,670.5273,HexCer 18:1/14:1,POS,32,2,2,0,0,0,0,3222.2,264.2683,2546.4,0,3907.7,0,8928.8,282.2812,0,0,4094.1,0,0,0,0,0,0,0,0,0,0,0,0,0,0,0,0,0,0,0,0,0,0,0,PREC,none,HexCer 18:1/14:1
HexCer 32:1;2,-1.29ppm,672.54,HexCer 18:1/14:0,POS,32,1,2,0,0,0,0,37288.2,264.2682,6415.7,7200.7,0,0,11014.3,282.2793,0,0,0,0,3071.5,0,0,0,0,0,0,0,0,0,0,0,0,0,0,0,0,0,0,0,0,0,PREC,none,HexCer 18:1/14:0
HexCer 34:2;2,1.01ppm,698.5573,HexCer 18:1/16:1,POS,34,2,2,10587.5,0,0,0,0,264.2683,26959.2,25141.1,49299.8,48012.7,3983.3,282.2786,3594.1,0,3434,3776.8,0,0,0,0,0,0,0,0,0,0,0,0,0,0,0,0,0,0,0,0,0,0,PREC,none,HexCer 18:1/16:1
HexCer 34:1;2,-0.52ppm,700.5718,HexCer 18:1/16:0,POS,34,1,2,0,23531,150919.5,191824.4,76299.7,264.2689,105797.3,105436.9,320310,379012.8,4975.7,282.2793,10175.2,10455.1,30279.6,36940.5,0,0,0,0,0,0,0,0,0,0,0,0,0,0,0,0,0,0,0,0,0,0,PREC,none,HexCer 18:1/16:0
HexCer 34:0;2,0.67ppm,702.5883,HexCer 18:1/16:0,POS,34,0,2,0,0,0,0,17414.5,264.2686,5290.5,-1.6,-1.6,-1.6,5038.9,282.2791,0,5588.4,0,452.2,0,0,0,0,0,0,0,0,0,0,0,0,0,0,0,0,0,0,0,0,0,0,PREC,none,HexCer 18:1/16:0|HexCer 18:0/16:0
HexCer 36:1;2,-0.27ppm,728.6033,HexCer 18:1/18:0,POS,36,1,2,0,0,48610.7,15942.8,68934.6,264.2688,79499.4,58878.4,347037.7,251018,2440.8,282.2792,4410.2,4660.1,33866.1,25369.4,0,0,0,0,0,0,0,0,0,0,0,0,0,0,0,0,0,0,0,0,0,0,PREC,none,HexCer 18:1/18:0
HexCer 40:1;2,0.04ppm,784.6661,HexCer 18:1/22:0,POS,40,1,2,95750.9,23736.5,42609.5,0,13759.9,264.2684,278629.4,227747.2,174132.7,235377.8,5297.3,282.2815,0,18218,0,0,0,0,0,0,0,0,0,0,0,0,0,0,0,0,0,0,0,0,0,0,0,0,PREC,none,HexCer 18:1/22:0
HexCer 42:1;2,0.23ppm,812.6976,HexCer 18:1/24:0,POS,42,1,2,447153.1,474611.7,31107.6,0,3751.8,264.2686,929052.1,667183.2,157048.5,138790,0,282.2803,58522.2,75857.7,0,0,0,0,0,0,0,0,0,0,0,0,0,0,0,0,0,0,0,0,0,0,0,0,PREC,none,HexCer 18:1/24:0
HexCer 44:0;2,-1.87ppm,842.7428,HexCer 18:1/26:0,POS,44,0,2,0,0,11518.9,0,3251.5,264.2692,-1.8,-1.8,22698.8,0,3805.5,282.2805,0,0,2222.5,0,0,0,0,0,0,0,0,0,0,0,0,0,0,0,0,0,0,0,0,0,0,0,PREC,none,HexCer 18:1/26:0
PCO- 32:1,0.59ppm,718.5749,0,POS,32,1,0,3037979.5,2314926.2,155821.4,347686.7,0,184.0735,4246135.6,3948316.5,1707405.2,1647545.1,751503,0,0,0,0,0,0,0,0,0,0,0,0,0,0,0,0,0,0,0,0,0,0,0,0,0,0,0,PREC,none,0
PCO- 32:0,0.56ppm,720.5906,0,POS,32,0,0,10363626.4,8687306.7,389949.2,705340.5,0,184.0735,17143627.9,15533285.5,1633779.6,1882299.7,-1.6,0,0,0,0,0,0,0,0,0,0,0,0,0,0,0,0,0,0,0,0,0,0,0,0,0,0,0,PREC,none,0
PCO- 34:3,-3.32ppm,742.572,0,POS,34,3,0,1418416.6,818087.1,137116,325553.7,57542.5,184.0734,678837.6,555803.3,914011.5,894720.9,9974.4,0,0,0,0,0,0,0,0,0,0,0,0,0,0,0,0,0,0,0,0,0,0,0,0,0,0,0,PREC,none,0
PCO- 34:2,0.07ppm,744.5902,0,POS,34,2,0,2657802,2191881.6,899062.5,1329901.6,0,184.0735,3760352.6,3957129.7,2672571,3031966.8,10997.7,0,0,0,0,0,0,0,0,0,0,0,0,0,0,0,0,0,0,0,0,0,0,0,0,0,0,0,PREC,none,0
PCO- 34:1,-0.09ppm,746.6057,0,POS,34,1,0,13791646,11311064.7,3172629.2,4079702.2,0,184.0735,18206445.6,17789784.5,5068936.9,5687590.1,5534.3,0,0,0,0,0,0,0,0,0,0,0,0,0,0,0,0,0,0,0,0,0,0,0,0,0,0,0,PREC,none,0
PCO- 34:0,0.75ppm,748.622,0,POS,34,0,0,946474.6,846802.4,13138.1,0,0,184.0735,3729399.5,7963179.5,-1.7,-1.7,2583.9,0,0,0,0,0,0,0,0,0,0,0,0,0,0,0,0,0,0,0,0,0,0,0,0,0,0,0,PREC,none,0
PCO- 36:5,1.47ppm,766.5756,0,POS,36,5,0,2494752.2,1866947.5,3284401.2,4002185.5,377139.1,184.0735,2131952.9,1469556.1,3025973.2,2897751.5,0,0,0,0,0,0,0,0,0,0,0,0,0,0,0,0,0,0,0,0,0,0,0,0,0,0,0,0,PREC,none,0
PCO- 36:4,-0.56ppm,768.5897,0,POS,36,4,0,7156230.9,5562864,5005057.5,6194026.9,0,184.0735,6796588.4,6378621.2,5419098.8,6074400.3,5294.9,0,0,0,0,0,0,0,0,0,0,0,0,0,0,0,0,0,0,0,0,0,0,0,0,0,0,0,PREC,none,0
PCO- 36:3,-1.24ppm,770.6049,0,POS,36,3,0,166506.1,268654.6,44442,64632.7,0,184.0734,1230573.7,1070429.4,1402533.8,1947273.5,2298.6,0,0,0,0,0,0,0,0,0,0,0,0,0,0,0,0,0,0,0,0,0,0,0,0,0,0,0,PREC,none,0
PCO- 36:2,0.03ppm,772.6215,0,POS,36,2,0,1472536.3,1200809.8,683039.8,842345.3,44874,184.0735,9707180.4,7499653.6,7125330.3,8660770.8,32600.1,0,0,0,0,0,0,0,0,0,0,0,0,0,0,0,0,0,0,0,0,0,0,0,0,0,0,0,PREC,none,0
PCO- 36:1,0.41ppm,774.6374,0,POS,36,1,0,-1.7,-1.7,-1.7,-1.7,0,184.0735,4484019.7,3994327.3,553305.3,185761.7,2098,0,0,0,0,0,0,0,0,0,0,0,0,0,0,0,0,0,0,0,0,0,0,0,0,0,0,0,PREC,none,0
PCO- 38:6,-0.17ppm,792.59,0,POS,38,6,0,996466.7,1391078.6,2248127.2,2832598,0,184.0736,3032079.8,2782282.3,3357607.3,3459829.3,9.6,0,0,0,0,0,0,0,0,0,0,0,0,0,0,0,0,0,0,0,0,0,0,0,0,0,0,0,PREC,none,0
PCO- 38:5,-0.48ppm,794.6054,0,POS,38,5,0,7981583.8,6243706.6,5888845.4,7228764.4,0,184.0735,8753634.6,7471356.6,7685566,8618696.7,4849.3,0,0,0,0,0,0,0,0,0,0,0,0,0,0,0,0,0,0,0,0,0,0,0,0,0,0,0,PREC,none,0
PCO- 38:4,-3.28ppm,796.6189,0,POS,38,4,0,1893587.2,-1.7,1736808.4,1990969.9,15650.9,184.0735,7239270.5,6404480.6,9706886.8,10056852.8,0,0,0,0,0,0,0,0,0,0,0,0,0,0,0,0,0,0,0,0,0,0,0,0,0,0,0,0,PREC,none,0
PCO- 38:3,-2.98ppm,798.6347,0,POS,38,3,0,14740.5,0,0,12899.6,0,184.0735,2531366.4,1758595.2,-1.7,220300.8,0,0,0,0,0,0,0,0,0,0,0,0,0,0,0,0,0,0,0,0,0,0,0,0,0,0,0,0,PREC,none,0
PCO- 38:2,0.32ppm,800.653,0,POS,38,2,0,9209.6,3963.8,31891.3,80216.6,0,184.0736,7770723,6114890.3,7018258.2,7906072.3,4469.1,0,0,0,0,0,0,0,0,0,0,0,0,0,0,0,0,0,0,0,0,0,0,0,0,0,0,0,PREC,none,0
PCO- 38:1,1.45ppm,802.6696,0,POS,38,1,0,0,-1.7,-1.7,-1.7,0,184.0736,6916880.4,5460655.4,3165066,3632477.1,2565.4,0,0,0,0,0,0,0,0,0,0,0,0,0,0,0,0,0,0,0,0,0,0,0,0,0,0,0,PREC,none,0
PCO- 38:0,2.72ppm,804.6863,0,POS,38,0,0,0,0,145487.4,112489.5,0,184.0734,699457.4,798700.3,4085515.4,4375087.1,12047.5,0,0,0,0,0,0,0,0,0,0,0,0,0,0,0,0,0,0,0,0,0,0,0,0,0,0,0,PREC,none,0
PCO- 40:9,-2.00ppm,814.5729,0,POS,40,9,0,0,0,141128.5,129526.5,0,184.0735,89662826.5,68710596.4,37135150.2,46351837.8,4639.3,0,0,0,0,0,0,0,0,0,0,0,0,0,0,0,0,0,0,0,0,0,0,0,0,0,0,0,PREC,none,0
PCO- 40:8,-1.32ppm,816.5891,0,POS,40,8,0,310825.4,163539.9,1238964.9,1561390,0,184.0735,19218655.5,12496871,-1.8,-1.8,6406.6,0,0,0,0,0,0,0,0,0,0,0,0,0,0,0,0,0,0,0,0,0,0,0,0,0,0,0,PREC,none,0
PCO- 40:7,0.19ppm,818.606,0,POS,40,7,0,1023962.7,936502.9,1604782,2148259.5,0,184.0736,-1.8,-1.8,3048667.5,3461585.9,955.6,0,0,0,0,0,0,0,0,0,0,0,0,0,0,0,0,0,0,0,0,0,0,0,0,0,0,0,PREC,none,0
PCO- 40:6,-0.45ppm,820.6211,0,POS,40,6,0,504894.8,335047.9,901540.1,934191.2,10265.8,184.0735,3220387.9,2613397.7,4152245.9,3457841.3,4290,0,0,0,0,0,0,0,0,0,0,0,0,0,0,0,0,0,0,0,0,0,0,0,0,0,0,0,PREC,none,0
PCO- 40:5,0.81ppm,822.6378,0,POS,40,5,0,332637.9,565113.1,460495,809894.2,3810.6,184.0735,3086457.2,2513558.3,2655556,3106878.1,5227,0,0,0,0,0,0,0,0,0,0,0,0,0,0,0,0,0,0,0,0,0,0,0,0,0,0,0,PREC,none,0
PCO- 40:4,-0.62ppm,824.6523,0,POS,40,4,0,333673.3,360587.3,746910.1,704227,0,184.0734,3982726,3207995.5,4015575.8,3572819.3,379255.8,0,0,0,0,0,0,0,0,0,0,0,0,0,0,0,0,0,0,0,0,0,0,0,0,0,0,0,PREC,none,0
PCO- 40:3,-0.47ppm,826.668,0,POS,40,3,0,0,0,0,0,5088.4,184.0735,1455995.8,906868.9,-1.8,-1.8,-1.8,0,0,0,0,0,0,0,0,0,0,0,0,0,0,0,0,0,0,0,0,0,0,0,0,0,0,0,PREC,none,0
PCO- 40:1,5.57ppm,830.7043,0,POS,40,1,0,0,0,8316.7,0,0,184.0734,6339424.8,5037910.9,6403726.3,6693803,7909.2,0,0,0,0,0,0,0,0,0,0,0,0,0,0,0,0,0,0,0,0,0,0,0,0,0,0,0,PREC,none,0
PCO- 42:9,2.49ppm,842.6079,0,POS,42,9,0,0,0,0,0,3571.7,184.0734,2620557.9,2116730.3,286393.8,206542.5,596.3,0,0,0,0,0,0,0,0,0,0,0,0,0,0,0,0,0,0,0,0,0,0,0,0,0,0,0,PREC,none,0
PCO- 42:8,-2.58ppm,844.6193,0,POS,42,8,0,0,0,38973.7,39181.8,0,184.0735,1401683.3,1167511.6,579742.6,674374.2,0,0,0,0,0,0,0,0,0,0,0,0,0,0,0,0,0,0,0,0,0,0,0,0,0,0,0,0,PREC,none,0
PCO- 42:7,-0.89ppm,846.6364,0,POS,42,7,0,0,1508,119170.1,111372.5,0,184.0735,1840751.5,1545018.1,965208.9,1154987.4,5095.8,0,0,0,0,0,0,0,0,0,0,0,0,0,0,0,0,0,0,0,0,0,0,0,0,0,0,0,PREC,none,0
PCO- 42:6,-1.14ppm,848.6518,0,POS,42,6,0,0,0,171677.9,141054.1,0,184.0734,524820.3,474203.4,1639700.7,1238834.8,0,0,0,0,0,0,0,0,0,0,0,0,0,0,0,0,0,0,0,0,0,0,0,0,0,0,0,0,PREC,none,0
PCO- 42:5,3.02ppm,850.671,0,POS,42,5,0,0,0,120455,0,0,184.0734,1127413.2,816694.6,754351.8,700808.1,0,0,0,0,0,0,0,0,0,0,0,0,0,0,0,0,0,0,0,0,0,0,0,0,0,0,0,0,PREC,none,0
PCO- 42:4,0.23ppm,852.6843,0,POS,42,4,0,11475.7,0,0,0,0,184.0735,453916.7,451171.1,470686.3,395472.2,5130.8,0,0,0,0,0,0,0,0,0,0,0,0,0,0,0,0,0,0,0,0,0,0,0,0,0,0,0,PREC,none,0
PCO- 42:1,0.64ppm,858.7316,0,POS,42,1,0,0,0,0,0,5344.1,184.0734,1735839.9,1247779.1,2396613.4,2363894.5,7919.8,0,0,0,0,0,0,0,0,0,0,0,0,0,0,0,0,0,0,0,0,0,0,0,0,0,0,0,PREC,none,0
PCO- 44:10,-0.22ppm,868.6213,0,POS,44,10,0,0,0,0,0,4364.2,184.0735,691860.8,484889.8,398898.4,400896.6,6854.4,0,0,0,0,0,0,0,0,0,0,0,0,0,0,0,0,0,0,0,0,0,0,0,0,0,0,0,PREC,none,0
PCO- 44:3,5.26ppm,882.7357,0,POS,44,3,0,0,0,0,0,4224.3,184.0735,239566.7,160836.4,462720.2,376213.4,5183.9,0,0,0,0,0,0,0,0,0,0,0,0,0,0,0,0,0,0,0,0,0,0,0,0,0,0,0,PREC,none,0
PC 28:0,3.16ppm,678.509,0,POS,28,0,0,0,0,8118.9,0,0,184.0734,355417.3,352634.5,391015.4,259557,10167.4,0,0,0,0,0,0,0,0,0,0,0,0,0,0,0,0,0,0,0,0,0,0,0,0,0,0,0,PREC,none,0
PC 30:0,-0.18ppm,706.538,0,POS,30,0,0,5048053.6,3804141.1,98278.6,188415.3,0,184.0736,8305848.9,7618168.4,1848021.3,2046403.3,5556,0,0,0,0,0,0,0,0,0,0,0,0,0,0,0,0,0,0,0,0,0,0,0,0,0,0,0,PREC,none,0
PC 32:2,-0.32ppm,730.5379,0,POS,32,2,0,634746.6,653590.6,968849.3,1232873.9,0,184.0734,2432550.8,2037767.5,2423318.5,2715379.4,3371.4,0,0,0,0,0,0,0,0,0,0,0,0,0,0,0,0,0,0,0,0,0,0,0,0,0,0,0,PREC,none,0
PC 32:1,0.72ppm,732.5543,0,POS,32,1,0,16826061.3,12296011.9,7181018.4,8515317.5,0,184.0736,29031502.6,23545922.6,11098561,11517934.4,16029.7,0,0,0,0,0,0,0,0,0,0,0,0,0,0,0,0,0,0,0,0,0,0,0,0,0,0,0,PREC,none,0
PC 32:0,0.41ppm,734.5697,0,POS,32,0,0,633677942.5,479358308,18433364.8,22565778.1,0,184.0736,676536837.5,573528864.3,19456661.1,20691984.9,29237.4,0,0,0,0,0,0,0,0,0,0,0,0,0,0,0,0,0,0,0,0,0,0,0,0,0,0,0,PREC,none,0
PC 34:4,-2.49ppm,754.5362,0,POS,34,4,0,2800665.4,1999576.9,2832414.6,3079523.1,0,184.0735,648592.8,605530.4,979969.7,956000,2155.1,0,0,0,0,0,0,0,0,0,0,0,0,0,0,0,0,0,0,0,0,0,0,0,0,0,0,0,PREC,none,0
PC 34:3,-3.39ppm,756.5512,0,POS,34,3,0,91027104.8,19566297.6,22957907.4,28190516.4,2947.3,184.0734,8362598.8,7983657.2,18166747.9,19703006.7,6061.2,0,0,0,0,0,0,0,0,0,0,0,0,0,0,0,0,0,0,0,0,0,0,0,0,0,0,0,PREC,none,0
PC 34:2,0.45ppm,758.5698,0,POS,34,2,0,442444893.3,362337838.6,482435350,618337305.7,0,184.0736,402221583.7,395263934.9,444224936.8,502112580.1,4624562.4,0,0,0,0,0,0,0,0,0,0,0,0,0,0,0,0,0,0,0,0,0,0,0,0,0,0,0,PREC,none,0
PC 34:1,1.35ppm,760.5861,0,POS,34,1,0,352375545.4,256488556.2,226025787.2,272847816.1,0,184.0736,329051632.2,269528593.5,181125544.9,141769380.9,-1.7,0,0,0,0,0,0,0,0,0,0,0,0,0,0,0,0,0,0,0,0,0,0,0,0,0,0,0,PREC,none,0
PC 34:0,1.67ppm,762.602,0,POS,34,0,0,136395905.5,112970098.7,0,0,0,184.0736,102184761.9,119819558.9,-1.7,-1.7,13536.2,0,0,0,0,0,0,0,0,0,0,0,0,0,0,0,0,0,0,0,0,0,0,0,0,0,0,0,PREC,none,0
PC 36:5,-4.11ppm,780.5506,0,POS,36,5,0,66827951.4,44624561.9,141653368.6,161388176.1,991011.5,184.0735,5301430.5,4512194.6,10146009.8,10831704.6,5587.5,0,0,0,0,0,0,0,0,0,0,0,0,0,0,0,0,0,0,0,0,0,0,0,0,0,0,0,PREC,none,0
PC 36:4,0.01ppm,782.5694,0,POS,36,4,0,270079439.2,200967435,460224039.7,522158547.1,0,184.0736,223699639,183691828.4,415827206.4,464430207.3,3470.2,0,0,0,0,0,0,0,0,0,0,0,0,0,0,0,0,0,0,0,0,0,0,0,0,0,0,0,PREC,none,0
PC 36:3,0.58ppm,784.5855,0,POS,36,3,0,97817612.1,78462468.4,109964229.6,169575707.2,0,184.0736,39287080.6,41628180.9,43446161.8,50552323.5,4987.7,0,0,0,0,0,0,0,0,0,0,0,0,0,0,0,0,0,0,0,0,0,0,0,0,0,0,0,PREC,none,0
PC 36:2,0.36ppm,786.601,0,POS,36,2,0,185139474.6,145586041.7,301688067.7,403346742.2,0,184.0736,184900572,150753089.4,279554877.5,318986526.5,20087.6,0,0,0,0,0,0,0,0,0,0,0,0,0,0,0,0,0,0,0,0,0,0,0,0,0,0,0,PREC,none,0
PC 36:1,0.75ppm,788.617,0,POS,36,1,0,65357000.9,49799294.8,34013261.4,40947819.2,0,184.0736,77064540.2,71131207.3,20596022.9,23864000.1,26758.1,0,0,0,0,0,0,0,0,0,0,0,0,0,0,0,0,0,0,0,0,0,0,0,0,0,0,0,PREC,none,0
PC 36:0,0.78ppm,790.6326,0,POS,36,0,0,85825.8,54227.3,0,0,0,184.0734,-1.7,-1.7,-1.7,-1.7,22411.4,0,0,0,0,0,0,0,0,0,0,0,0,0,0,0,0,0,0,0,0,0,0,0,0,0,0,0,PREC,none,0
PC 38:6,0.00ppm,806.5694,0,POS,38,6,0,100552068.2,79863936.7,231390167.4,272281341.2,0,184.0735,95698185.5,82373816.5,234194520.5,223995054,588238.8,0,0,0,0,0,0,0,0,0,0,0,0,0,0,0,0,0,0,0,0,0,0,0,0,0,0,0,PREC,none,0
PC 38:5,-0.28ppm,808.5849,0,POS,38,5,0,62515296.3,46088741.5,150348096.7,189310491.6,0,184.0735,54852953,41647301.9,98223017.3,116075501.5,-1.7,0,0,0,0,0,0,0,0,0,0,0,0,0,0,0,0,0,0,0,0,0,0,0,0,0,0,0,PREC,none,0
PC 38:4,0.91ppm,810.6015,0,POS,38,4,0,201961199.9,158942286.1,395010175.1,412370319.8,2361.5,184.0737,185368613.8,170070219.5,367761791.3,388091240.7,18113.4,0,0,0,0,0,0,0,0,0,0,0,0,0,0,0,0,0,0,0,0,0,0,0,0,0,0,0,PREC,none,0
PC 38:2,-0.79ppm,814.6314,0,POS,38,2,0,3927155.4,3357398.9,3092619.3,4886806.2,0,184.0735,89662826.5,68710596.4,37135150.2,46351837.8,4639.3,0,0,0,0,0,0,0,0,0,0,0,0,0,0,0,0,0,0,0,0,0,0,0,0,0,0,0,PREC,none,0
PC 38:1,0.04ppm,816.6477,0,POS,38,1,0,2437637.6,1937465.2,201539.1,446685.4,0,184.0735,19218655.5,12496871,-1.8,-1.8,6406.6,0,0,0,0,0,0,0,0,0,0,0,0,0,0,0,0,0,0,0,0,0,0,0,0,0,0,0,PREC,none,0
PC 38:0,0.36ppm,818.6636,0,POS,38,0,0,0,54516.6,0,0,0,184.0736,-1.8,-1.8,3048667.5,3461585.9,955.6,0,0,0,0,0,0,0,0,0,0,0,0,0,0,0,0,0,0,0,0,0,0,0,0,0,0,0,PREC,none,0
PC 40:9,-2.96ppm,828.5513,0,POS,40,9,0,12360493.6,2754065.8,57138843.3,58664736.8,0,184.0734,2622580.8,2181087.1,1519296.1,1477316.7,54806.3,0,0,0,0,0,0,0,0,0,0,0,0,0,0,0,0,0,0,0,0,0,0,0,0,0,0,0,PREC,none,0
PC 40:8,-0.71ppm,830.5688,0,POS,40,8,0,8336525.9,7302290.9,24040735.3,29115176.2,306003.3,184.0734,6339424.8,5037910.9,6403726.3,6693803,7909.2,0,0,0,0,0,0,0,0,0,0,0,0,0,0,0,0,0,0,0,0,0,0,0,0,0,0,0,PREC,none,0
PC 40:7,-2.19ppm,832.5833,0,POS,40,7,0,36793258,25856621,135001248.4,137608681.6,0,184.0735,10494914.4,9110132.7,30427537.1,38495487,7102.2,0,0,0,0,0,0,0,0,0,0,0,0,0,0,0,0,0,0,0,0,0,0,0,0,0,0,0,PREC,none,0
PC 40:6,0.76ppm,834.6014,0,POS,40,6,0,21597132.3,17740227.3,66268008.5,78022359.3,0,184.0735,26638227,23715112.9,90757407,84989876.1,4343.1,0,0,0,0,0,0,0,0,0,0,0,0,0,0,0,0,0,0,0,0,0,0,0,0,0,0,0,PREC,none,0
PC 40:5,1.09ppm,836.6173,0,POS,40,5,0,5907873.5,4292279.1,4724514.9,5380831.7,30205.1,184.0736,10866331.8,8269059.9,17731568,18085676.1,5816.5,0,0,0,0,0,0,0,0,0,0,0,0,0,0,0,0,0,0,0,0,0,0,0,0,0,0,0,PREC,none,0
PC 40:4,1.11ppm,838.633,0,POS,40,4,0,6945146.5,5217548.9,4432412.4,5599993.4,0,184.0734,3997093.9,3225798.9,-1.8,-1.8,2828.1,0,0,0,0,0,0,0,0,0,0,0,0,0,0,0,0,0,0,0,0,0,0,0,0,0,0,0,PREC,none,0
PC 40:3,-2.31ppm,840.6457,0,POS,40,3,0,651104.4,577376.7,25116.5,57762.2,0,184.0736,2337994,1924601.6,1692931.7,1703944.3,5277.4,0,0,0,0,0,0,0,0,0,0,0,0,0,0,0,0,0,0,0,0,0,0,0,0,0,0,0,PREC,none,0
PC 40:2,1.23ppm,842.6644,0,POS,40,2,0,299789.5,237769.8,0,4409.7,0,184.0734,2620557.9,2116730.3,286393.8,206542.5,596.3,0,0,0,0,0,0,0,0,0,0,0,0,0,0,0,0,0,0,0,0,0,0,0,0,0,0,0,PREC,none,0
PC 40:1,-0.26ppm,844.6788,0,POS,40,1,0,395157.4,412571,0,0,0,184.0735,1401683.3,1167511.6,579742.6,674374.2,0,0,0,0,0,0,0,0,0,0,0,0,0,0,0,0,0,0,0,0,0,0,0,0,0,0,0,0,PREC,none,0
PC 40:0,0.28ppm,846.6949,0,POS,40,0,0,494304.8,516613.8,0,0,0,184.0735,1840751.5,1545018.1,965208.9,1154987.4,5095.8,0,0,0,0,0,0,0,0,0,0,0,0,0,0,0,0,0,0,0,0,0,0,0,0,0,0,0,PREC,none,0
PC 42:9,-0.60ppm,856.5846,0,POS,42,9,0,3481264.2,2395616.2,21620899.4,21279570.5,1034480.9,184.0735,1395196.2,1089217,1336885,1257935.6,7882.2,0,0,0,0,0,0,0,0,0,0,0,0,0,0,0,0,0,0,0,0,0,0,0,0,0,0,0,PREC,none,0
PC 42:8,-3.54ppm,858.5977,0,POS,42,8,0,1031886.7,673891.5,4170597.4,1631234.9,0,184.0734,1735839.9,1247779.1,2396613.4,2363894.5,7919.8,0,0,0,0,0,0,0,0,0,0,0,0,0,0,0,0,0,0,0,0,0,0,0,0,0,0,0,PREC,none,0
PC 42:7,-2.23ppm,860.6145,0,POS,42,7,0,492696.7,418926.7,1303038.4,2939687.1,3694.2,184.0735,740122.3,617163.5,1367332.9,1803660.1,9377.1,0,0,0,0,0,0,0,0,0,0,0,0,0,0,0,0,0,0,0,0,0,0,0,0,0,0,0,PREC,none,0
PC 42:5,-1.38ppm,864.6465,0,POS,42,5,0,412857.7,349015.2,12970,63481.7,0,184.0735,1314693.3,1055233.6,739531.9,775983.3,3104.5,0,0,0,0,0,0,0,0,0,0,0,0,0,0,0,0,0,0,0,0,0,0,0,0,0,0,0,PREC,none,0
PC 42:4,-1.76ppm,866.6618,0,POS,42,4,0,412294.1,381574.5,0,3006.6,0,184.0734,1201017.7,971650.4,642096.4,561231.3,0,0,0,0,0,0,0,0,0,0,0,0,0,0,0,0,0,0,0,0,0,0,0,0,0,0,0,0,PREC,none,0
PC 42:3,-2.28ppm,868.677,0,POS,42,3,0,0,-1.8,0,0,0,184.0735,691860.8,484889.8,398898.4,400896.6,6854.4,0,0,0,0,0,0,0,0,0,0,0,0,0,0,0,0,0,0,0,0,0,0,0,0,0,0,0,PREC,none,0
PC 42:2,3.82ppm,870.698,0,POS,42,2,0,208854.9,121316.8,1710888.4,2005887.8,0,184.0734,1105826.7,958030.9,459224.2,442701,6613.6,0,0,0,0,0,0,0,0,0,0,0,0,0,0,0,0,0,0,0,0,0,0,0,0,0,0,0,PREC,none,0
PC 42:1,0.03ppm,872.7103,0,POS,42,1,0,285546,268645.2,0,0,0,184.0734,1215018.7,988916.9,603025,544912.3,36066.1,0,0,0,0,0,0,0,0,0,0,0,0,0,0,0,0,0,0,0,0,0,0,0,0,0,0,0,PREC,none,0
PC 42:0,0.19ppm,874.7261,0,POS,42,0,0,130159.1,354944.9,0,0,0,184.0734,1076376.2,1020944.7,502901.9,527986.5,1901.1,0,0,0,0,0,0,0,0,0,0,0,0,0,0,0,0,0,0,0,0,0,0,0,0,0,0,0,PREC,none,0
PC 44:10,-3.32ppm,882.5978,0,POS,44,10,0,0,0,-1.9,66597.1,0,184.0735,239566.7,160836.4,462720.2,376213.4,5183.9,0,0,0,0,0,0,0,0,0,0,0,0,0,0,0,0,0,0,0,0,0,0,0,0,0,0,0,PREC,none,0
PC 44:9,-2.18ppm,884.6144,0,POS,44,9,0,0,1222.1,0,0,4653.5,184.0734,397644.6,273748.7,389979,336675.8,0,0,0,0,0,0,0,0,0,0,0,0,0,0,0,0,0,0,0,0,0,0,0,0,0,0,0,0,PREC,none,0
PC 44:7,-1.20ppm,888.6466,0,POS,44,7,0,0,17718.9,0,0,0,184.0733,550121.7,327617.2,415099,395493.7,5456.8,0,0,0,0,0,0,0,0,0,0,0,0,0,0,0,0,0,0,0,0,0,0,0,0,0,0,0,PREC,none,0
PC 44:6,4.86ppm,890.6677,0,POS,44,6,0,0,0,0,12176.9,0,184.0734,611989,405714.9,443794.7,440486.2,193497.2,0,0,0,0,0,0,0,0,0,0,0,0,0,0,0,0,0,0,0,0,0,0,0,0,0,0,0,PREC,none,0
PC 44:5,-2.01ppm,892.6772,0,POS,44,5,0,0,34459.7,0,0,0,184.0734,814497.6,528507.3,354256.1,332503.9,85657.7,0,0,0,0,0,0,0,0,0,0,0,0,0,0,0,0,0,0,0,0,0,0,0,0,0,0,0,PREC,none,0
SM 32:2;2,1.37ppm,673.5288,0,POS,32,2,2,226213.2,51210,115521.4,138778,693160.4,184.0735,176506.5,144697.6,167593.9,153806.7,0,0,0,0,0,0,0,0,0,0,0,0,0,0,0,0,0,0,0,0,0,0,0,0,0,0,0,0,PREC,none,0
SM 32:1;2,0.88ppm,675.5441,0,POS,32,1,2,739222,453589.9,264294.4,415831.4,0,184.0734,1788609.7,1396982.9,1030875.8,1264687.3,33915.9,0,0,0,0,0,0,0,0,0,0,0,0,0,0,0,0,0,0,0,0,0,0,0,0,0,0,0,PREC,none,0
SM 34:2;2,-0.41ppm,701.5589,0,POS,34,2,2,6002789,4107924.2,5596070,6553832.1,3633.3,184.0735,6885701.7,5330647.1,6018969,6892455.6,13462.3,0,0,0,0,0,0,0,0,0,0,0,0,0,0,0,0,0,0,0,0,0,0,0,0,0,0,0,PREC,none,0
SM 34:1;2,0.03ppm,703.5749,0,POS,34,1,2,87775515.4,65946061.7,42430500.3,58719853.6,0,184.0736,114111302.3,95398686.5,56337777,66973261.1,21772.8,0,0,0,0,0,0,0,0,0,0,0,0,0,0,0,0,0,0,0,0,0,0,0,0,0,0,0,PREC,none,0
SM 34:0;2,3.36ppm,705.5929,0,POS,34,0,2,1412831.1,1109569,13018.6,0,0,184.0735,6895362,5754835.3,1743139.6,1834659.5,15645.8,0,0,0,0,0,0,0,0,0,0,0,0,0,0,0,0,0,0,0,0,0,0,0,0,0,0,0,PREC,none,0
SM 36:2;2,0.59ppm,729.5909,0,POS,36,2,2,2599520.3,1713809.7,2437241,3127312.7,0,184.0736,3633943.6,2631768.9,3454199.5,3685475.4,3997.6,0,0,0,0,0,0,0,0,0,0,0,0,0,0,0,0,0,0,0,0,0,0,0,0,0,0,0,PREC,none,0
SM 36:1;2,0.07ppm,731.6062,0,POS,36,1,2,21146682.7,15966076.7,8716248.1,9452937.3,0,184.0736,31521178.8,24538882.1,13080040.7,13103197.9,5444.5,0,0,0,0,0,0,0,0,0,0,0,0,0,0,0,0,0,0,0,0,0,0,0,0,0,0,0,PREC,none,0
SM 36:0;2,3.04ppm,733.624,0,POS,36,0,2,1544907.8,1280399.5,3237663.6,3425378.7,0,184.0735,8812872.2,7908819.6,2877227.5,2980255.4,5408.3,0,0,0,0,0,0,0,0,0,0,0,0,0,0,0,0,0,0,0,0,0,0,0,0,0,0,0,PREC,none,0
SM 38:2;2,0.13ppm,757.6219,0,POS,38,2,2,1982781,1643209.5,704407.8,1640766.2,0,184.0735,6524938.7,6663078.3,8548784.1,9967122.8,6536.1,0,0,0,0,0,0,0,0,0,0,0,0,0,0,0,0,0,0,0,0,0,0,0,0,0,0,0,PREC,none,0
SM 38:1;2,1.11ppm,759.6383,0,POS,38,1,2,7020123.9,5628075,0,0,0,184.0736,177955183.3,169499889.6,177137444.9,204133213.2,2062592.5,0,0,0,0,0,0,0,0,0,0,0,0,0,0,0,0,0,0,0,0,0,0,0,0,0,0,0,PREC,none,0
SM 40:2;2,-0.63ppm,785.6526,0,POS,40,2,2,25342672.1,18892082.7,3713952.9,5038993,0,184.0735,60833312.3,55840771.8,43001950.8,66846856.5,2978.8,0,0,0,0,0,0,0,0,0,0,0,0,0,0,0,0,0,0,0,0,0,0,0,0,0,0,0,PREC,none,0
SM 40:1;2,-0.07ppm,787.6687,0,POS,40,1,2,47873971,35323240.6,6268119.2,7922350.2,0,184.0736,150833343.6,124948277.4,148010283.3,168268752.8,14328.8,0,0,0,0,0,0,0,0,0,0,0,0,0,0,0,0,0,0,0,0,0,0,0,0,0,0,0,PREC,none,0
SM 40:0;2,5.55ppm,789.6888,0,POS,40,0,2,0,12180.7,0,0,0,184.0735,29639905.7,21912894.2,8366297,8960892.7,67032.2,0,0,0,0,0,0,0,0,0,0,0,0,0,0,0,0,0,0,0,0,0,0,0,0,0,0,0,PREC,none,0
SM 42:2;2,-0.02ppm,813.6844,0,POS,42,2,2,132822033.3,96343533.1,39806088.8,52392349.7,0,184.0736,173552252.2,133862264.5,61014242.2,81262405.5,5579.5,0,0,0,0,0,0,0,0,0,0,0,0,0,0,0,0,0,0,0,0,0,0,0,0,0,0,0,PREC,none,0
SM 42:1;2,0.96ppm,815.7008,0,POS,42,1,2,62346224.2,46336231.6,5234865.8,6261550.8,0,184.0736,94976627,70474160.7,11491820.1,13749168.1,9171.5,0,0,0,0,0,0,0,0,0,0,0,0,0,0,0,0,0,0,0,0,0,0,0,0,0,0,0,PREC,none,0
SM 44:2;2,0.03ppm,841.7157,0,POS,44,2,2,2165584.2,1261908.1,0,0,0,184.0734,3739478.7,3015545,639275.7,596440.2,5844.8,0,0,0,0,0,0,0,0,0,0,0,0,0,0,0,0,0,0,0,0,0,0,0,0,0,0,0,PREC,none,0
SM 44:1;2,-2.13ppm,843.7296,0,POS,44,1,2,538059.6,526463.2,13304.7,0,0,184.0739,3434970.6,2633369.8,657644.2,638390.9,3884,0,0,0,0,0,0,0,0,0,0,0,0,0,0,0,0,0,0,0,0,0,0,0,0,0,0,0,PREC,none,0
Cer 32:1;2,-1.26ppm,510.4874,Cer 18:1/14:0,POS,32,1,2,1932.3,0,0,0,2228.5,264.2676,3412.9,5538.2,0,3550.7,0,282.2789,7828.8,2451,0,0,6235.5,0,0,0,0,0,0,0,0,0,0,0,0,0,0,0,0,0,0,0,0,0,PREC,none,Cer 18:1/14:0
Cer 34:2;2,-0.17ppm,536.5036,Cer 18:2/16:0,POS,34,2,2,5526.3,10542.8,0,0,3460.5,262.2527,3808.7,4307.6,0,0,0,280.2625,3253.4,0,0,0,2582.3,0,0,0,0,0,0,0,0,0,0,0,0,0,0,0,0,0,0,0,0,0,PREC,none,Cer 18:2/16:0|Cer 18:1/16:1
Cer 34:1;2,-0.20ppm,538.5193,Cer 18:1/16:0,POS,34,1,2,503326.1,620913.7,3995.2,38399,2053.4,264.2685,308579.6,290395.8,61749.6,72270.6,40872.4,282.277,86476.7,62276.9,29050.3,26460.3,56566.4,0,0,0,0,0,0,0,0,0,0,0,0,0,0,0,0,0,0,0,0,0,PREC,none,Cer 18:1/16:0
Cer 34:0;2,-0.00ppm,540.535,Cer 18:0/16:0,POS,34,0,2,12044.9,21384,0,4429.4,6240.6,266.2816,-1.4,-1.4,0,0,0,284.2945,15188.1,12069.7,0,2427.8,2552.5,0,0,0,0,0,0,0,0,0,0,0,0,0,0,0,0,0,0,0,0,0,PREC,none,Cer 18:0/16:0
Cer 36:1;2,0.02ppm,566.5507,Cer 18:1/18:0,POS,36,1,2,172523.1,209492.3,9472.5,3164.8,13317.8,264.2686,144146.5,119295,42470.8,21268.9,1763.8,282.278,69292.6,43579,22170.3,17731.9,57682.9,0,0,0,0,0,0,0,0,0,0,0,0,0,0,0,0,0,0,0,0,0,PREC,none,Cer 18:1/18:0
Cer 36:0;2,0.15ppm,568.5664,Cer 18:0/18:0,POS,36,0,2,111534.5,152288.6,0,0,0,266.2842,309.2,3765.8,0,0,0,284.2948,42016,39479.3,0,0,0,0,0,0,0,0,0,0,0,0,0,0,0,0,0,0,0,0,0,0,0,0,PREC,none,Cer 18:0/18:0
Cer 38:1;2,-0.05ppm,594.5819,Cer 18:1/20:0,POS,38,1,2,51506.6,91577.7,0,0,0,264.2685,89557.8,102887.2,20846.3,19664.2,12547.2,282.2795,15280.3,15278.7,4329.6,0,2646.7,0,0,0,0,0,0,0,0,0,0,0,0,0,0,0,0,0,0,0,0,0,PREC,none,Cer 18:1/20:0
Cer 38:0;2,0.73ppm,596.5981,Cer 18:0/20:0,POS,38,0,2,1344,664.7,0,0,1801.4,266.2831,-1.5,-1.5,0,0,0,284.2944,8272.4,9734.4,0,0,0,0,0,0,0,0,0,0,0,0,0,0,0,0,0,0,0,0,0,0,0,0,PREC,none,Cer 18:0/20:0
Cer 40:2;2,-0.87ppm,620.5971,Cer 18:2/22:0,POS,40,2,2,15546.9,35445.9,0,0,3229.1,262.253,38971.8,34550.2,3424.6,3553.9,0,280.2636,5008.1,4584.3,0,0,0,0,0,0,0,0,0,0,0,0,0,0,0,0,0,0,0,0,0,0,0,0,PREC,none,Cer 18:2/22:0|Cer 18:1/22:1
Cer 40:1;2,0.18ppm,622.6134,Cer 18:1/22:0,POS,40,1,2,689890.6,832711.6,19788.7,21784.2,0,264.2687,453388.4,501810.1,81984,91108.4,7742.3,282.2788,66676.6,69661,8525.4,14138.4,3307.7,0,0,0,0,0,0,0,0,0,0,0,0,0,0,0,0,0,0,0,0,0,PREC,none,Cer 18:1/22:0
Cer 40:0;2,0.49ppm,624.6292,Cer 18:0/22:0,POS,40,0,2,25192.5,108188.1,0,0,7344.9,266.2817,-1.6,-1.6,0,0,0,284.2946,33833,32015.9,0,4888.6,0,0,0,0,0,0,0,0,0,0,0,0,0,0,0,0,0,0,0,0,0,0,PREC,none,Cer 18:0/22:0
Cer 42:2;2,0.35ppm,648.6291,Cer 18:1/24:1,POS,42,2,2,1496103.5,1547675.6,357201.7,350770,62567.8,264.2685,815105.4,850314.6,297342.8,287277.7,-1.6,282.2791,100388.5,123982,38615.2,41630.3,0,0,0,0,0,0,0,0,0,0,0,0,0,0,0,0,0,0,0,0,0,0,PREC,none,Cer 18:1/24:1|Cer 18:2/24:0
Cer 42:1;2,0.27ppm,650.6447,Cer 18:0/24:1,POS,42,1,2,1325497.1,1610893.7,113043.2,112754.1,0,266.2824,-1.6,-1.6,0,0,0,284.2948,49016.9,46997.2,0,0,0,0,0,0,0,0,0,0,0,0,0,0,0,0,0,0,0,0,0,0,0,0,PREC,none,Cer 18:0/24:1|Cer 18:1/24:0
Cer 42:0;2,0.35ppm,652.6605,Cer 18:0/24:0,POS,42,0,2,170194.9,294284.1,0,0,9900.2,266.2817,222.2,1664,0,-1.6,0,284.2945,63210.3,70993.1,2991.1,3379.1,3496.7,0,0,0,0,0,0,0,0,0,0,0,0,0,0,0,0,0,0,0,0,0,PREC,none,Cer 18:0/24:0
Cer 44:2;2,2.51ppm,676.6619,Cer 18:1/26:1,POS,44,2,2,6719.6,12307.7,0,4069.6,25333,264.269,31915.9,27648.2,6127.5,5826.4,5180.5,282.2791,14103.3,15729.2,4633.9,4732.2,7778.1,0,0,0,0,0,0,0,0,0,0,0,0,0,0,0,0,0,0,0,0,0,PREC,none,Cer 18:1/26:1|Cer 18:2/26:0
Cer 44:1;2,-0.43ppm,678.6756,Cer 18:1/26:0,POS,44,1,2,36014.5,48006.3,0,0,0,264.2691,134039.3,129045,19276.6,22878.9,12458.3,282.2798,15891.7,21813.7,3045.6,0,0,0,0,0,0,0,0,0,0,0,0,0,0,0,0,0,0,0,0,0,0,0,PREC,none,Cer 18:1/26:0|Cer 20:1/24:0
DAG 28:0,0.16ppm,530.478,DAG 14:0-14:0,POS,28,0,0,19198.5,13724.1,0,7696.5,196949.6,0,0,0,0,0,0,0,0,0,0,0,0,0,3243.5,0,2368.9,4672.8,0,3243.5,0,2368.9,4672.8,0,0,0,0,0,0,0,0,0,0,0,PREC,none,DAG 14:0-14:0
DAG 30:1,-0.26ppm,556.4934,DAG 14:0-16:1,POS,30,1,0,2257.4,6235.9,0,0,14532.8,0,0,0,0,0,0,0,0,0,0,0,0,4280.9,0,0,0,3011.4,0,0,3040.6,2577.8,0,0,0,0,0,0,0,0,0,0,0,0,PREC,none,DAG 14:0-16:1
DAG 30:0,0.44ppm,558.5094,DAG 16:0-14:0,POS,30,0,0,154209.9,96970.9,17900.2,23934.8,228626.6,0,0,0,0,0,0,0,0,0,0,0,0,12689.9,18102.3,6551.2,12614.7,19432.1,12784.7,16992.9,8897.2,12028.9,21313.5,0,0,0,0,0,0,0,0,0,0,0,PREC,none,DAG 16:0-14:0
DAG 32:2,-1.24ppm,582.5085,DAG 16:1-16:1,POS,32,2,0,0,1937.4,0,0,5296.3,0,0,0,0,0,0,0,0,0,0,0,0,3022.9,2806.8,4646.9,8235.6,3760.2,3022.9,2806.8,4646.9,8235.6,3760.2,0,0,0,0,0,0,0,0,0,0,0,PREC,none,DAG 16:1-16:1|DAG 14:0-18:2
DAG 32:1,0.22ppm,584.525,DAG 16:0-16:1,POS,32,1,0,12126.5,59831.5,3510.4,4067.4,46856.6,0,0,0,0,0,0,0,0,0,0,0,0,10501.9,11193.2,6406.5,9702,5089.2,15515.8,15697.2,13198.6,17868.6,12930.4,0,0,0,0,0,0,0,0,0,0,0,PREC,none,DAG 16:0-16:1|DAG 14:0-18:1
DAG 32:0,0.06ppm,586.5405,DAG 14:0-18:0,POS,32,0,0,536420.3,746702.4,509030.3,462175.5,845223.2,0,0,0,0,0,0,0,0,0,0,0,0,3050.1,12476.7,3229.8,0,4403.6,4173.6,9846.3,3302.7,0,6037,0,0,0,0,0,0,0,0,0,0,0,PREC,none,DAG 14:0-18:0|DAG 16:0-16:0
DAG 34:3,-0.42ppm,608.5246,DAG 18:2-16:1,POS,34,3,0,5135.8,4294.5,18525,21351.7,0,0,0,0,0,0,0,0,0,0,0,0,0,14743.9,12018.8,31824.7,19780,0,15325,11984,35145.3,24181.8,0,0,0,0,0,0,0,0,0,0,0,0,PREC,none,DAG 18:2-16:1|DAG 16:0-18:3
DAG 34:2,0.27ppm,610.5407,DAG 18:1-16:1,POS,34,2,0,297763.2,429349.6,557578.7,603805.6,298950.4,0,0,0,0,0,0,0,0,0,0,0,0,14936.5,16755,32224.7,31818.6,3302.5,23750.6,16510.7,35754.5,34224.8,7628.1,0,0,0,0,0,0,0,0,0,0,0,PREC,none,DAG 18:1-16:1|DAG 18:2-16:0
DAG 34:1,0.26ppm,612.5563,DAG 18:0-16:1,POS,34,1,0,595957,912012,434357.9,533728.2,395598.5,0,0,0,0,0,0,0,0,0,0,0,0,0,3037.8,4288.8,3301.8,0,1460.9,0,-1.6,-1.6,0,0,0,0,0,0,0,0,0,0,0,0,PREC,none,DAG 18:0-16:1|DAG 16:0-18:1
DAG 34:0,0.22ppm,614.5719,DAG 16:0-18:0,POS,34,0,0,476999.1,726550.3,235882.2,262658.1,734526.2,0,0,0,0,0,0,0,0,0,0,0,0,79557.8,148630.7,63827.6,56763.1,107602.5,82278.9,152317.5,70663.7,67815.1,118622.4,0,0,0,0,0,0,0,0,0,0,0,PREC,none,DAG 16:0-18:0
DAG 36:5,2.18ppm,632.5262,DAG 18:2-18:3,POS,36,5,0,0,2284.4,4289.3,13029.8,34724.9,0,0,0,0,0,0,0,0,0,0,0,0,3252.8,2937.9,6592.5,8886.5,0,5395.9,6389.8,20376.4,17655.8,0,0,0,0,0,0,0,0,0,0,0,0,PREC,none,DAG 18:2-18:3
DAG 36:4,-0.19ppm,634.5404,DAG 18:1-18:3,POS,36,4,0,244627.9,344352.9,766813.1,733861.2,70602.8,0,0,0,0,0,0,0,0,0,0,0,0,8148.8,12292.5,18899.6,16310.6,379955.4,17518.3,15733.5,31401,28998.8,0,0,0,0,0,0,0,0,0,0,0,0,PREC,none,DAG 18:1-18:3|DAG 16:0-20:4|DAG 18:2-18:2
DAG 36:3,0.21ppm,636.5563,DAG 16:0-20:3,POS,36,3,0,544186.6,448603,1411424,1142067.5,10058.4,0,0,0,0,0,0,0,0,0,0,0,0,5056.9,4980.2,0,4020.3,0,16327.9,12088.5,4519.6,13948.7,5189.3,0,0,0,0,0,0,0,0,0,0,0,PREC,none,DAG 16:0-20:3|DAG 18:0-18:3|DAG 18:2-18:1
DAG 36:2,0.36ppm,638.572,DAG 18:1-18:1,POS,36,2,0,309983.8,368117.2,787080.4,716570.7,171611.8,0,0,0,0,0,0,0,0,0,0,0,0,229122.5,175582.5,529635,447599.2,30986.3,229122.5,175582.5,529635,447599.2,30986.3,0,0,0,0,0,0,0,0,0,0,0,PREC,none,DAG 18:1-18:1|DAG 18:0-18:2
DAG 36:1,0.41ppm,640.5877,DAG 18:1-18:0,POS,36,1,0,1227831.7,2676965.4,470474,367084.8,607524,0,0,0,0,0,0,0,0,0,0,0,0,-1.6,11000.4,-1.6,-1.6,12365.4,23129.5,24502.8,37318.9,30683.7,17165.4,0,0,0,0,0,0,0,0,0,0,0,PREC,none,DAG 18:1-18:0
DAG 36:0,4.43ppm,642.6059,DAG 18:0-18:0,POS,36,0,0,213610.3,357171.8,6890,6618.4,475660.6,0,0,0,0,0,0,0,0,0,0,0,0,106032.9,188384.8,51986.3,61266.2,101077.2,106032.9,188384.8,51986.3,61266.2,101077.2,0,0,0,0,0,0,0,0,0,0,0,PREC,none,DAG 18:0-18:0
DAG 38:6,-0.57ppm,658.5401,DAG 18:2-20:4,POS,38,6,0,18854,18929.6,293600.6,157449.8,2842.2,0,0,0,0,0,0,0,0,0,0,0,0,5781.3,4932.6,16548.5,11728.3,0,30160.2,30291.6,128852.6,100313.1,0,0,0,0,0,0,0,0,0,0,0,0,PREC,none,DAG 18:2-20:4
DAG 38:5,0.58ppm,660.5565,DAG 18:2-20:3,POS,38,5,0,34630.5,142149.8,233678.7,134436.2,38141,0,0,0,0,0,0,0,0,0,0,0,0,0,0,3560.8,2904.7,0,10688.8,5606.2,28188.5,15890.3,0,0,0,0,0,0,0,0,0,0,0,0,PREC,none,DAG 18:2-20:3|DAG 18:1-20:4
DAG 38:4,0.09ppm,662.5719,DAG 18:1-20:3,POS,38,4,0,302903.3,452167,33067.8,86132.4,108500.9,0,0,0,0,0,0,0,0,0,0,0,0,5381,3310.2,4162,4026.1,0,15755.7,18012.1,33924,35948,0,0,0,0,0,0,0,0,0,0,0,0,PREC,none,DAG 18:1-20:3|DAG 18:0-20:4|DAG 20:2-18:2
DAG 40:7,5.24ppm,684.5597,DAG 18:1-22:6,POS,40,7,0,13527.4,32438.8,25089.9,11528.7,66005.2,0,0,0,0,0,0,0,0,0,0,0,0,3833.5,0,4842.8,3960.6,0,31681.4,27702.3,58317.3,42125,0,0,0,0,0,0,0,0,0,0,0,0,PREC,none,DAG 18:1-22:6
DAG 40:6,-0.59ppm,686.5714,DAG 22:5-18:1,POS,40,6,0,0,3862.1,8706.4,0,0,0,0,0,0,0,0,0,0,0,0,0,0,9012.9,20699.8,19212.4,16251.8,0,0,0,5195,0,0,0,0,0,0,0,0,0,0,0,0,0,PREC,none,DAG 22:5-18:1
DAG 40:5,-0.42ppm,688.5872,DAG 18:1-22:4,POS,40,5,0,0,13861.8,0,0,43929.1,0,0,0,0,0,0,0,0,0,0,0,0,4137.3,5219.3,0,0,0,22372.1,16413.2,10043.9,10284.6,0,0,0,0,0,0,0,0,0,0,0,0,PREC,none,DAG 18:1-22:4
LPCO- 16:1,1.68ppm,480.3457,0,POS,16,1,0,30258,25920,57235.9,146507.2,60536.6,184.0734,22439.6,19994.3,30052,36618.7,8186.7,0,0,0,0,0,0,0,0,0,0,0,0,0,0,0,0,0,0,0,0,0,0,0,0,0,0,0,FRAG1,LPCO- 16:1,0
LPCO- 16:0,0.42ppm,482.3607,0,POS,16,0,0,511953.4,572461.4,918771.9,1260362.9,0,184.0734,148996.9,137177.6,343300.1,447674.3,0,0,0,0,0,0,0,0,0,0,0,0,0,0,0,0,0,0,0,0,0,0,0,0,0,0,0,0,FRAG1,LPCO- 16:0,0
LPCO- 18:3,-1.82ppm,504.3439,0,POS,18,3,0,25236.9,36985.6,163955.7,243231.7,0,184.0735,12654.5,9758.8,10759.1,7587.9,0,0,0,0,0,0,0,0,0,0,0,0,0,0,0,0,0,0,0,0,0,0,0,0,0,0,0,0,FRAG1,LPCO- 18:3,0
LPCO- 18:2,-0.22ppm,506.3604,0,POS,18,2,0,278207,258914.3,301231,303575.1,0,184.0735,24175.4,13801.8,28609.7,30458.6,3973.9,0,0,0,0,0,0,0,0,0,0,0,0,0,0,0,0,0,0,0,0,0,0,0,0,0,0,0,FRAG1,LPCO- 18:2,0
LPCO- 18:1,0.06ppm,508.3762,0,POS,18,1,0,184251.4,208086.1,517231.8,845684.6,0,184.0735,78683.3,80675.2,243827.6,330316.6,7365.4,0,0,0,0,0,0,0,0,0,0,0,0,0,0,0,0,0,0,0,0,0,0,0,0,0,0,0,FRAG1,LPCO- 18:1,0
LPCO- 18:0,0.35ppm,510.392,0,POS,18,0,0,121819.3,155044.6,125866.4,222805,0,184.0734,781237.7,746745.1,1288433.8,1556440.6,47689.9,0,0,0,0,0,0,0,0,0,0,0,0,0,0,0,0,0,0,0,0,0,0,0,0,0,0,0,FRAG1,LPCO- 18:0,0
LPCO- 20:4,-4.73ppm,530.358,0,POS,20,4,0,0,0,18594,49058.3,0,184.0734,12874.5,7759.3,15434.4,12113.2,2813.1,0,0,0,0,0,0,0,0,0,0,0,0,0,0,0,0,0,0,0,0,0,0,0,0,0,0,0,FRAG1,LPCO- 20:4,0
LPCO- 20:3,-4.30ppm,532.3739,0,POS,20,3,0,0,0,7087.3,6240.2,0,184.0735,19725.2,12108,13534.7,13452.7,0,0,0,0,0,0,0,0,0,0,0,0,0,0,0,0,0,0,0,0,0,0,0,0,0,0,0,0,FRAG1,LPCO- 20:3,0
LPC 14:0,0.19ppm,468.3086,0,POS,14,0,0,84420.1,114047,643521.2,841960.7,301372.2,184.0734,75033.8,67058.7,245226.3,308882.5,0,0,0,0,0,0,0,0,0,0,0,0,0,0,0,0,0,0,0,0,0,0,0,0,0,0,0,0,FRAG1,LPC 14:0,0
LPC 16:1,0.27ppm,494.3242,0,POS,16,1,0,1093767.4,1169696.7,5580413.7,7806877.5,0,184.0735,534546.3,485558.6,2369903,3285153.8,4134.7,0,0,0,0,0,0,0,0,0,0,0,0,0,0,0,0,0,0,0,0,0,0,0,0,0,0,0,FRAG1,LPC 16:1,0
LPC 16:0,0.57ppm,496.34,0,POS,16,0,0,99905654.3,98844641.1,224214043.8,284708063.6,0,184.0734,47066972.9,42138801.6,95622280.3,122975286.3,14222.9,0,0,0,0,0,0,0,0,0,0,0,0,0,0,0,0,0,0,0,0,0,0,0,0,0,0,0,FRAG1,LPC 16:0,0
LPC 18:3,-4.04ppm,518.322,0,POS,18,3,0,15701061.3,13816637.7,73679425.2,91819504.1,0,184.0734,170140.6,137114.1,497052.5,627908.9,16439.2,0,0,0,0,0,0,0,0,0,0,0,0,0,0,0,0,0,0,0,0,0,0,0,0,0,0,0,FRAG1,LPC 18:3,0
LPC 18:2,0.79ppm,520.3402,0,POS,18,2,0,15299020.6,16504392.8,84060144.6,117900741,0,184.0735,10556158.2,10721257.2,47911227.4,69557059.8,10026.6,0,0,0,0,0,0,0,0,0,0,0,0,0,0,0,0,0,0,0,0,0,0,0,0,0,0,0,FRAG1,LPC 18:2,0
LPC 18:1,0.35ppm,522.3556,0,POS,18,1,0,14750818.9,15991505,57694088.7,79878574.9,0,184.0735,8233805.7,8807380.4,30597736.7,40159124.4,14476.1,0,0,0,0,0,0,0,0,0,0,0,0,0,0,0,0,0,0,0,0,0,0,0,0,0,0,0,FRAG1,LPC 18:1,0
LPC 18:0,0.66ppm,524.3714,0,POS,18,0,0,92949174.5,83883635,133738162.1,154244973.5,0,184.0734,48661806.6,33250713.5,52125974.9,59025728.9,36054.1,0,0,0,0,0,0,0,0,0,0,0,0,0,0,0,0,0,0,0,0,0,0,0,0,0,0,0,FRAG1,LPC 18:0,0
LPC 20:4,-0.36ppm,544.3396,0,POS,20,4,0,11449252.7,10988302.1,83773222.9,102624461.2,0,184.0735,6926854.4,6039932.6,41741726.5,48291538.6,2867.3,0,0,0,0,0,0,0,0,0,0,0,0,0,0,0,0,0,0,0,0,0,0,0,0,0,0,0,FRAG1,LPC 20:4,0
LPC 20:3,-3.57ppm,546.3535,0,POS,20,3,0,15288226.7,12387821.5,46885654.2,54145557.9,0,184.0734,477730.4,678388,2941168.1,4186792.4,0,0,0,0,0,0,0,0,0,0,0,0,0,0,0,0,0,0,0,0,0,0,0,0,0,0,0,0,FRAG1,LPC 20:3,0
LPC 20:1,0.14ppm,550.3868,0,POS,20,1,0,540056.9,596918,1899266.2,2761888.6,0,184.0733,265903.5,325513.6,807275.1,1103506.9,1977.2,0,0,0,0,0,0,0,0,0,0,0,0,0,0,0,0,0,0,0,0,0,0,0,0,0,0,0,FRAG1,LPC 20:1,0
LPC 22:6,-0.01ppm,568.3398,0,POS,22,6,0,2677804.9,2657287.3,21754746.3,27079324.9,0,184.0735,1889964.6,1594773.5,11882435.6,14203413.1,5887.6,0,0,0,0,0,0,0,0,0,0,0,0,0,0,0,0,0,0,0,0,0,0,0,0,0,0,0,FRAG1,LPC 22:6,0
LPC 22:5,0.47ppm,570.3557,0,POS,22,5,0,161986.7,189214.4,2047486.7,2372547.7,0,184.0734,-1.5,-1.5,-1.5,-1.5,0,0,0,0,0,0,0,0,0,0,0,0,0,0,0,0,0,0,0,0,0,0,0,0,0,0,0,0,FRAG1,LPC 22:5,0
LPC 22:4,-1.32ppm,572.3703,0,POS,22,4,0,36085.9,52189.5,980899.4,1369981.7,0,184.0734,237066.1,175353.7,591817.6,648724.8,0,0,0,0,0,0,0,0,0,0,0,0,0,0,0,0,0,0,0,0,0,0,0,0,0,0,0,0,FRAG1,LPC 22:4,0
isPA 24:0,1.2,535.3412,isPA 12:0/12:0,NEG,24,0,0,3462208.5,4549286.1,5204216.7,4858887,3804065.7,152.9949,973176.3,1210960.6,1182124.2,803717.1,695505.1,0,0,0,0,0,0,2749652.1,3484089.2,3381536.7,2366995.4,1963327,2749652.1,3484089.2,3381536.7,2366995.4,1963327,0,0,0,0,0,0,0,0,0,0,0,PREC,none,isPA 12:0/12:0
isPAO- 24:0,1.2,535.3412,isPAO- 12:0/12:0,NEG,24,0,0,3462208.5,4549286.1,5204216.7,4858887,3804065.7,152.9949,973176.3,1210960.6,1182124.2,803717.1,695505.1,0,0,0,0,0,0,2749652.1,3484089.2,3381536.7,2366995.4,1963327,2749652.1,3484089.2,3381536.7,2366995.4,1963327,0,0,0,0,0,0,0,0,0,0,0,PREC,none,isPAO- 12:0/12:0
isPE 24:0,1.4,578.3835,isPE 12:0/12:0,NEG,24,0,0,4673632.4,3041692,3293964.4,3068548,7178305.2,196.0376,104716,83686.9,63425.1,38138.2,87870,0,0,0,0,0,0,5458044.1,3489165.2,3240832.5,2307489.8,5510464.8,5458044.1,3489165.2,3240832.5,2307489.8,5510464.8,0,0,0,0,0,0,0,0,0,0,0,PREC,none,isPE 12:0/12:0
isPEO- 24:0,1.4,578.3835,isPEO- 12:0/12:0,NEG,24,0,0,4673632.4,3041692,3293964.4,3068548,7178305.2,196.0376,104716,83686.9,63425.1,38138.2,87870,0,0,0,0,0,0,5458044.1,3489165.2,3240832.5,2307489.8,5510464.8,5458044.1,3489165.2,3240832.5,2307489.8,5510464.8,0,0,0,0,0,0,0,0,0,0,0,PREC,none,isPEO- 12:0/12:0
isPG 24:0,1.4,609.3782,isPG 12:0/12:0,NEG,24,0,0,6695354,4324584.2,4180292.7,4043037,8994586.4,152.995,480694.3,354021.8,245634.1,177146.3,384197.6,0,0,0,0,0,0,6166520.5,4105099,3234165.6,2383357.4,5432307.2,6166520.5,4105099,3234165.6,2383357.4,5432307.2,0,0,0,0,0,0,0,0,0,0,0,PREC,none,isPG 12:0/12:0
isPGO- 24:0,1.4,609.3782,isPGO- 12:0/12:0,NEG,24,0,0,6695354,4324584.2,4180292.7,4043037,8994586.4,152.995,480694.3,354021.8,245634.1,177146.3,384197.6,0,0,0,0,0,0,6166520.5,4105099,3234165.6,2383357.4,5432307.2,6166520.5,4105099,3234165.6,2383357.4,5432307.2,0,0,0,0,0,0,0,0,0,0,0,PREC,none,isPGO- 12:0/12:0
isPI 16:0,1.4,585.269,isPI 8:0/8:0,NEG,16,0,0,6999807.5,5392894.1,5459398.9,5285929.2,6968966.3,152.9949,475961.9,365839.6,265339.1,192438.3,238551.7,241.0117,967746.1,679783.8,538171,392594,518859.1,3376029.7,2366925.7,1892824.8,1371170.4,1780499.8,3376029.7,2366925.7,1892824.8,1371170.4,1780499.8,0,0,0,0,0,0,0,0,0,0,0,PREC,none,isPI 8:0/8:0
isPIO- 16:0,1.4,585.269,isPIO- 8:0/8:0,NEG,16,0,0,6999807.5,5392894.1,5459398.9,5285929.2,6968966.3,152.9949,475961.9,365839.6,265339.1,192438.3,238551.7,241.0117,967746.1,679783.8,538171,392594,518859.1,3376029.7,2366925.7,1892824.8,1371170.4,1780499.8,3376029.7,2366925.7,1892824.8,1371170.4,1780499.8,0,0,0,0,0,0,0,0,0,0,0,PREC,none,isPIO- 8:0/8:0
isPS 24:0,1.5,622.3735,isPS 12:0 / 12:0,NEG,24,0,0,4959986.5,4274582.7,4220089.9,4166176.3,6724724.4,0,1113580,897850.1,751709.1,564338.2,879631.1,0,0,0,0,0,0,3167821.5,2549650.1,2133246.3,1582245.7,2648904.4,3167821.5,2549650.1,2133246.3,1582245.7,2648904.4,87.0327,1155972.1,934652.4,770985.2,590698,968883.2,0,0,0,0,0,PREC,none,isPS 12:0 / 12:0
isPSO- 24:0,1.5,622.3735,isPSO- 12:0 / 12:0,NEG,24,0,0,4959986.5,4274582.7,4220089.9,4166176.3,6724724.4,0,1113580,897850.1,751709.1,564338.2,879631.1,0,0,0,0,0,0,3167821.5,2549650.1,2133246.3,1582245.7,2648904.4,3167821.5,2549650.1,2133246.3,1582245.7,2648904.4,87.0327,1155972.1,934652.4,770985.2,590698,968883.2,0,0,0,0,0,PREC,none,isPSO- 12:0 / 12:0
isLPA 17:0,1.7,423.2525,isLPA 17:0,NEG,17,0,0,1024742.3,3694318.8,4110496.1,3922300.2,2184145,152.9949,3024483.4,4574583.8,3661032.1,2910231.9,1519745.1,0,0,0,0,0,0,64792.9,104475,83118.2,68170.8,33331,0,0,0,0,0,0,0,0,0,0,0,0,0,0,0,0,PREC,none,isLPA 17:0
isLPAO- 17:0,1.7,423.2525,isLPAO- 17:0,NEG,17,0,0,1024742.3,3694318.8,4110496.1,3922300.2,2184145,152.9949,3024483.4,4574583.8,3661032.1,2910231.9,1519745.1,0,0,0,0,0,0,64792.9,104475,83118.2,68170.8,33331,0,0,0,0,0,0,0,0,0,0,0,0,0,0,0,0,PREC,none,isLPAO- 17:0
isLPE 13:0,1.6,410.232,isLPE 13:0,NEG,13,0,0,3265281.6,5029218.1,5575079.7,5023070.2,9700166.6,196.0374,810872.8,566372.8,457665.2,299205.7,553096.5,0,0,0,0,0,0,9637012.5,6571223.4,5231451.8,3672200.9,6540357,0,0,0,0,0,0,0,0,0,0,0,0,0,0,0,0,PREC,none,isLPE 13:0
isLPEO- 13:0,1.6,410.232,isLPEO- 13:0,NEG,13,0,0,3265281.6,5029218.1,5575079.7,5023070.2,9700166.6,196.0374,810872.8,566372.8,457665.2,299205.7,553096.5,0,0,0,0,0,0,9637012.5,6571223.4,5231451.8,3672200.9,6540357,0,0,0,0,0,0,0,0,0,0,0,0,0,0,0,0,PREC,none,isLPEO- 13:0
isLPG 17:1,1.7,495.2737,isLPG 17:1,NEG,17,1,0,4133935.3,6089558.8,5638195.4,5147164.8,9190685.5,0,1691342.7,1038590.4,734524.9,546712.1,939324.2,0,0,0,0,0,0,8196480.7,5181519.6,3499739.3,2681132.5,4638420.7,0,0,0,0,0,0,0,0,0,0,0,0,0,0,0,0,PREC,none,isLPG 17:1
isLPGO- 17:1,1.7,495.2737,isLPGO- 17:1,NEG,17,1,0,4133935.3,6089558.8,5638195.4,5147164.8,9190685.5,0,1691342.7,1038590.4,734524.9,546712.1,939324.2,0,0,0,0,0,0,8196480.7,5181519.6,3499739.3,2681132.5,4638420.7,0,0,0,0,0,0,0,0,0,0,0,0,0,0,0,0,PREC,none,isLPGO- 17:1
isLPI 13:0,1.7,529.2428,isLPI 13:0,NEG,13,0,0,2470863.6,3972072.3,3800485.5,3239428.7,5271401.3,152.9949,1335361.5,1032631.9,706979.2,510605.8,808015.6,241.0117,787288.5,629611.9,430992,322580.9,481646.3,1969497.3,1558173.8,1036355.1,778640.3,1151817.3,0,0,0,0,0,0,0,0,0,0,0,0,0,0,0,0,PREC,none,isLPI 13:0
isLPIO- 13:0,1.7,529.2428,isLPIO- 13:0,NEG,13,0,0,2470863.6,3972072.3,3800485.5,3239428.7,5271401.3,152.9949,1335361.5,1032631.9,706979.2,510605.8,808015.6,241.0117,787288.5,629611.9,430992,322580.9,481646.3,1969497.3,1558173.8,1036355.1,778640.3,1151817.3,0,0,0,0,0,0,0,0,0,0,0,0,0,0,0,0,PREC,none,isLPIO- 13:0
isLPS 17:1,1.5,508.2688,isLPS 17:1,NEG,17,1,0,1660285.6,3128717.7,3197312.7,2888762.3,4330667.6,0,3639942.3,3535673.3,2566408.4,2003297.3,2713976,0,0,0,0,0,0,86350.9,86931.6,56896.8,50209.4,65721.5,0,0,0,0,0,87.0326,1552831.1,1522860.5,1104591.5,837431.7,1135778.4,0,0,0,0,0,PREC,none,isLPS 17:1
isLPSO- 17:1,1.5,508.2688,isLPSO- 17:1,NEG,17,1,0,1660285.6,3128717.7,3197312.7,2888762.3,4330667.6,0,3639942.3,3535673.3,2566408.4,2003297.3,2713976,0,0,0,0,0,0,86350.9,86931.6,56896.8,50209.4,65721.5,0,0,0,0,0,87.0326,1552831.1,1522860.5,1104591.5,837431.7,1135778.4,0,0,0,0,0,PREC,none,isLPSO- 17:1
isCE 15:0,-0.07ppm,635.6466,0,POS,15,0,0,3302604.7,2919669.1,2148665.2,984475.6,7454085.1,376.3958,1147173.6,1114891.8,687598.3,440639.3,3143701.7,0,0,0,0,0,0,0,0,0,0,0,0,0,0,0,0,0,0,0,0,0,0,0,0,0,0,0,PREC,none,0
isHexCer 30:1;2,0.01ppm,644.5096,,POS,30,1,2,8703758.7,5985000.1,9562036.8,7189309,23614166.1,264.2687,5718293.7,4207521.1,5951323.6,4112918.3,13839585.2,282.2791,552997.3,383978.4,561625.5,383193.8,1293151.6,0,0,0,0,0,0,0,0,0,0,0,0,0,0,0,0,0,0,0,0,0,PREC,none,
isPC 36:2,0.14ppm,758.6423,0,POS,36,2,0,19986323.4,4182142.3,22698080,20178845.3,39807048.5,184.0736,402221583.7,395263934.9,444224936.8,502112580.1,4624562.4,0,0,0,0,0,0,0,0,0,0,0,0,0,0,0,0,0,0,0,0,0,0,0,0,0,0,0,PREC,none,0
isPCO- 36:2,0.14ppm,758.6423,0,POS,36,2,0,19986323.4,4182142.3,22698080,20178845.3,39807048.5,184.0736,402221583.7,395263934.9,444224936.8,502112580.1,4624562.4,0,0,0,0,0,0,0,0,0,0,0,0,0,0,0,0,0,0,0,0,0,0,0,0,0,0,0,PREC,none,0
isSM 30:1;2,0.20ppm,647.5124,0,POS,30,1,2,13882679.5,8107865.9,15262952.3,13215228.7,24980959.3,184.0735,16323594.2,11967245.8,17715368.5,15079984.5,31241229.3,0,0,0,0,0,0,0,0,0,0,0,0,0,0,0,0,0,0,0,0,0,0,0,0,0,0,0,PREC,none,0
isCer 30:1;2,0.08ppm,482.4568,,POS,30,1,2,7961386.4,8200763.6,8785153.5,6672897.4,14599050.3,264.2686,4925712.5,4535987.8,4523709,3406187.9,10114731.6,282.2791,611666.1,587446.8,586218,423924.7,1249177.6,0,0,0,0,0,0,0,0,0,0,0,0,0,0,0,0,0,0,0,0,0,PREC,none,
isDAG 24:0,0.22ppm,474.4154,isDAG 12:0/12:0,POS,24,0,0,3775226.2,3535933.3,3256858.6,2362309.8,5824520,0,0,0,0,0,0,0,0,0,0,0,0,1886804.8,1640209.6,1369033,987731.7,3087979.3,1886804.8,1640209.6,1369033,987731.7,3087979.3,0,0,0,0,0,0,0,0,0,0,0,PREC,none,isDAG 12:0/12:0
isLPC 10:0,-0.27ppm,412.2458,0,POS,10,0,0,14528242,10988753.8,16269637.8,12178823.7,26920037.5,184.0734,4012457.9,2493400.1,3424815.5,2622067.8,7229238.4,0,0,0,0,0,0,0,0,0,0,0,0,0,0,0,0,0,0,0,0,0,0,0,0,0,0,0,PREC,none,0
isLPCO- 10:0,-0.27ppm,412.2458,0,POS,10,0,0,14528242,10988753.8,16269637.8,12178823.7,26920037.5,184.0734,4012457.9,2493400.1,3424815.5,2622067.8,7229238.4,0,0,0,0,0,0,0,0,0,0,0,0,0,0,0,0,0,0,0,0,0,0,0,0,0,0,0,PREC,none,0
