mol%,BT 549 cells,BT 549 cells,HCC1599 cells,HCC1599 cells,HCC1143 cells,HCC1143 cells,SUM1315 cells,SUM1315 cells,HCC1937 cells,HCC1937 cells,BT 549 CM,BT 549 CM,HCC1599 CM,HCC1599 CM,HCC1143 CM,HCC1143 CM,SUM1315 CM,SUM1315 CM,HCC1937 CM,HCC1937 CM
LPA 16:1,0,0,0,0,0,0,0,0,0,0,0,0,0,0,0,0,0.001367616,0,0.001059625,0
LPA 16:0,0,0,0,0,0,0,0,0,0,0,0,0,0,0,0,0,0,0,0,0
LPA 18:2,0,0,0,0,0,0,0,0,0,0,0,0,0,0,0,0,0,0,0,0
LPA 18:1,0,0,0,0,0,0,0,0,0,0,0,0,0,0,0,0,0,0,0,0
LPA 18:0,0,0,0,0,0,0,0,0,0,0,0,0,0,0,0,0,0,0,0,0
LPI O-14:0,0,0,0,0,0,0,0,0,0,0,0,0,0.004034095,0.005548678,0.001518345,0.001917192,0.007885903,0.009880337,0.003877286,0
LPI O-16:0,0,0,0,0,0,0,0,0,0,0,0,0,0,0,0,0,0,0,0,0
LPI O-18:1,0,0,0,0,0,0,0,0,0,0,0,0,0,0,0,0,0,0,0,0
LPI O-18:0,0,0,0,0.001227714,0,0,0,0.001144167,0,0,0,0,0,0,0,0,0,0.00102241,0,0
LPI 16:1,0.017179326,0.019534268,0.042629621,0.045348844,0,0,0.015736868,0,0,0,0,0,0,0,0,0,0,0,0,0
LPI 16:0,0.020102046,0.02081274,0.029447908,0.030991865,0.028624206,0.027000886,0.004066113,0.006491848,0.010411218,0.004285366,0,0,0.004552579,0,0.018111553,0.022647854,0,0,0,0.002203668
LPI 18:2,0.006269927,0.007703651,0.027834057,0.030162751,0,0,0,0,0,0,0,0,0,0,0,0,0,0,0,0
LPI 18:1,0.175142837,0.190928438,0.44482822,0.483647737,0.045024094,0.043689854,0.058814124,0.061733305,0.032375793,0.030937554,0.044416068,0.044586815,0.029499892,0.029115357,0.012929411,0.011899945,0,0.045859967,0.003706967,0.003274136
LPI 18:0,0.709198181,0.760742033,0.308450812,0.332473085,0.508567932,0.507247797,0.437060709,0.428764676,0.270409976,0.275362934,0.474555274,0.471601772,0.152093714,0.144575891,0.301494359,0.310886037,0.66216355,0.679644637,0.133785713,0.134246563
LPI 20:4,0.125552521,0.134723365,0.610967656,0.666384116,0.051730979,0.052366993,0.081797217,0.082289425,0.041437473,0.040494786,0,0,0,0,0,0.011748844,0.01612942,0,0,0
LPI 22:6,0.036656296,0.037919738,0.048873846,0.053248195,0,0,0,0,0,0,0,0,0,0,0,0,0,0,0,0
LPI 22:5,0.024587987,0.026558772,0.031024474,0.033477249,0,0,0.00544166,0,0,0,0,0,0,0,0,0,0,0,0,0
LPI 22:4,0.022125047,0.0262305,0.01295382,0.015046751,0,0,0.014308821,0,0,0.005679576,0,0,0,0,0,0,0,0,0,0
LPS O-16:1,0,0,0,0,0,0,0,0,0,0,0,0,0,0,0,0,0,0,0,0
LPS O-16:0,0,0,0,0,0,0,0,0,0,0,0,0,0,0,0,0,0,0,0,0
LPS O-18:2,0,0,0,0,0,0,0,0,0,0,0,0,0,0.001985549,0,0,0,0,0,0
LPS 18:2,0,0,0,0,0,0,0,0,0,0,0,0,0,0,0,0,0,0,0,0
LPS 18:1,0.008879348,0.009835643,0.047140971,0.051302596,0.01767694,0.017912163,0.013527883,0.014701408,0.007636657,0.007904833,0.008348927,0.008163616,0,0.018092319,0.013188538,0,0,0,0,0
LPS 18:0,0.056045827,0.060495364,0.038218182,0.041193973,0.027330895,0.027408424,0.02470521,0.024886274,0.018536909,0.018305354,0.076283921,0.075181904,0.036817523,0.037112029,0.024724069,0.023847754,0,0,0.013927881,0.015514795
LPS 20:4,0,0,0,0.002170733,0,0,0,0,0,0,0,0,0,0,0,0,0,0,0,0
PA 28:0,0,0,0,0,0,0,0,0,0,0,0,0,0,0,0,0,0,0,0,0
PA 30:0,0,0,0.001327372,0.001473043,0.00939757,0.008239498,0.00974729,0.009749957,0,0,0,0,0,0,0,0,0.003840298,0.002720832,0,0
PA 32:2,0,0,0,0,0,0,0.006714393,0.006707662,0,0,0,0,0,0,0,0,0,0,0,0
PA 32:1,0.006142941,0.00743182,0.004672373,0.004873507,0.024824369,0.025597108,0.037760277,0.037207507,0.009899185,0.010173227,0,0,0.002386812,0.0031073,0.001505342,0.001179574,0.016904899,0.017885198,0,0
PA 32:0,0.004936735,0.004776705,0.004951678,0.005269427,0.02215429,0.02278723,0.037037683,0.035596862,0.00718561,0.007680825,0,0,0,0,0.002595041,0.001558676,0.030071798,0.030340588,0,0
PA 34:2,0.004334946,0.004577053,0.005598588,0.006109751,0.00112864,0,0.030122561,0.029333957,0.010980287,0.010794145,0,0,0.002094685,0.002170073,0,0,0.015754864,0.015694639,0,0
PA 34:1,0.015580053,0.016374759,0.015347069,0.015928489,0.039724497,0.039044723,0.087537877,0.082345888,0.025123006,0.027019506,0.011149129,0.012510036,0.023854193,0.02291435,0.009344604,0.009693437,0.057851857,0.059853381,0.011132677,0.010261751
PA 34:0,0.002793632,0.002806764,0.001850947,0.001714866,0,0,0.009937646,0.009088698,0.002636108,0.004288333,0,0.001098568,0,0,0,0,0.017495973,0.017229411,0,0.001281537
PA 36:4,0,0,0,0,0,0,0.003261949,0.003787264,0.003939489,0.005452751,0,0,0,0,0,0,0,0,0,0
PA 36:3,0,0,0.002125034,0.002416801,0,0,0.007026672,0.006607216,0.005731373,0.008891754,0,0,0,0,0,0,0.001589967,0,0,0
PA 36:2,0.011029304,0.011537843,0.018096609,0.020390266,0.005676886,0.006654761,0.047400769,0.044691471,0.019833819,0.021354678,0.008621849,0.009978852,0.015804005,0.016834131,0.00495298,0.004563097,0.030812569,0.031221266,0.015693405,0.014021153
PA 36:1,0.002650119,0.002769921,0.002161368,0.002082452,0.00482575,0.004997011,0.007253716,0.005976821,0.003340226,0.004391278,0.00619998,0.006091859,0.013206485,0.012965136,0.005932464,0.006374421,0.020932481,0.020392132,0,0.005330094
PA 38:6,0,0,0,0,0,0,0.001123021,0,0,0,0,0,0,0,0,0,0,0,0,0
PA 38:5,0,0,0,0,0,0,0.00569294,0,0.002662928,0.003527074,0,0,0,0,0,0,0,0,0,0
PA 38:4,0,0,0.001712409,0.001837533,0,0,0,0,0,0.002582849,0,0,0,0,0,0,0,0,0,0
PA 38:3,0,0,0,0,0,0,0.004641838,0.004824756,0,0,0,0,0,0,0,0,0,0,0,0
PA 38:2,0,0,0,0,0,0,0,0,0,0,0,0,0,0,0,0,0,0,0,0
PA 38:1,0,0,0,0,0,0,0,0,0,0,0,0,0,0,0,0,0,0,0,0
PA 40:4,0,0,0,0,0,0,0,0,0,0,0,0,0,0,0,0,0,0,0.001127836,0
PA O-32:1,0,0,0,0,0,0,0,0,0,0,0,0,0,0,0,0,0,0,0,0
PA O-32:0,0,0,0,0.001133849,0,0,0.006664434,0.006319436,0,0,0,0,0,0,0,0,0.004681096,0.00353233,0,0
PA O-34:2,0,0,0,0,0,0,0.001829275,0.001752113,0,0,0,0,0,0,0,0,0,0,0,0
PA O-34:1,0,0,0,0,0,0,0.009887078,0.00963397,0,0,0,0,0,0,0,0,0.008169415,0.008315872,0,0
PA O-34:0,0,0,0,0,0,0,0.002733691,0.00236316,0,0,0,0,0,0,0,0,0,0.001261535,0,0
PA O-36:2,0,0,0,0,0,0,0,0,0,0,0,0,0,0,0,0,0,0,0,0
PA O-38:8,0,0,0,0,0,0,0,0,0,0,0,0,0,0,0,0.001636213,0,0,0,0
PI O-36:4,0,0,0.011626309,0.010002255,0.01452343,0.017132748,0.010686404,0.008463554,0,0,0,0,0.013188688,0.014741551,0.018011004,0.02187483,0,0.001975566,0,0
PI O-38:6,0,0,0.008964468,0.007685827,0.006918588,0.007050832,0.003501283,0.002641615,0,0,0,0,0.014326063,0.015402068,0.008257192,0.009212649,0.001383162,0,0,0
PI O-38:5,0.00669963,0.006653629,0.016493962,0.014556476,0.044455667,0.045201752,0.090922357,0.073750133,0.007375909,0.007724567,0.005780394,0.008523105,0.029046831,0.030415941,0.062835353,0.069194215,0.143858088,0.137776138,0.006316152,0.003849798
PI O-38:4,0.003495346,0.00297184,0.018192622,0.014647895,0.036177195,0.038138848,0.038954705,0.030214705,0.006855113,0.006841987,0.003743425,0.003642929,0.039541048,0.043765454,0.044017481,0.056277744,0.067459578,0.059024249,0.008303361,0.004051834
PI O-40:6,0,0,0.009598563,0.007818682,0,0,0,0,0,0,0,0,0,0,0,0,0,0,0,0
PI O-40:5,0,0,0.004818924,0.003599754,0.014131559,0.014115495,0.008412154,0.006279794,0.002276886,0.0029222,0,0,0,0,0.02213866,0.024959289,0.010061824,0,0,0
PI O-40:3,0,0,0,0,0,0,0,0,0,0,0,0,0,0,0,0,0,0,0,0
PI 30:1,0,0,0.001563494,0.001514349,0.005141942,0.004372157,0,0,0,0,0,0,0,0,0,0.006619971,0,0,0,0
PI 30:0,0.002316626,0.002391657,0.002326481,0,0,0,0,0,0,0,0,0,0,0,0,0,0,0,0,0
PI 32:1,0.046393155,0.046001212,0.119368872,0.110574212,0.07541215,0.0751036,0.04621952,0.039840634,0.053790272,0.055982158,0.097888791,0.112485667,0.195392477,0.194653522,0.133568686,0.149050184,0.076126391,0,0.061443649,0.051226931
PI 32:0,0.018091761,0.015903714,0,0,0.026350284,0.025989091,0,0,0.020778412,0.021368942,0.042031608,0.052200981,0.053409204,0.05719447,0.041599313,0.046936577,0,0,0.024886816,0
PI 34:2,0.228961962,0.221769458,0.16301126,0.15040432,0.092317808,0.093546795,0.231057743,0.192272981,0.194396994,0.205153021,0.46879804,0.503372236,0.277874394,0.294731324,0.174643239,0.202335819,0.280872203,0.280711821,0.237241132,0.186632737
PI 34:1,0.502372974,0.470735665,0.812639134,0.698829524,0.365814415,0.376046625,0.349170805,0.278873385,0.444956576,0.467093703,1.134996905,1.262765564,1.553829365,1.651409302,0.603597607,0.69166875,0.615472596,0.579400258,0.589509979,0.442846955
PI 36:5,0.028091724,0.028452042,0.013030579,0.012212445,0.036293028,0.037083771,0.019842005,0.016253895,0.024481807,0.024591329,0.072814879,0.074191563,0,0.015531558,0.087768998,0.099278851,0,0,0.016351379,0
PI 36:4,0.107636151,0.106056538,0.191043193,0.173615707,0.489920858,0.496240707,0.185479453,0.15236415,0.195928647,0.205035008,0.252023325,0.286261989,0.292012811,0.310651077,0.802291146,0.907375921,0.294454461,0.28985507,0.238248111,0.186619424
PI 36:3,0.165223441,0.157033358,0.106631274,0.092646005,0.090134001,0.092304113,0.170897999,0.136412562,0.232425927,0.248016443,0.396994491,0.445444568,0.206535137,0.216447653,0.169425493,0.195770334,0.221895331,0.218551086,0.266277525,0.20618337
PI 36:2,1.023117375,0.952885761,0.759906804,0.642463507,0.34921539,0.35909944,0.84529246,0.66334256,0.86186195,0.923459283,2.16052627,2.383197556,1.428046539,1.519261251,0.611594611,0.72166802,1.093239026,1.038383777,1.239116038,0.915315788
PI 36:1,0.378727222,0.327238423,0.566781392,0.440365771,0.134058245,0.136080258,0.272942522,0.200501285,0.31201759,0.340009935,0.885278731,1.019914933,1.449893057,1.573815904,0.271563661,0.327574315,0.534021008,0.497431691,0.521640975,0.362542835
PI 38:6,0.116913414,0.114293096,0.048400533,0.043837024,0.081407596,0.083810744,0.06514504,0.053777309,0.051796783,0.053666066,0.289211689,0.288513393,0,0,0.156852062,0.180434315,0.088222244,0.089383591,0,0.030406841
PI 38:5,0.910923163,0.88402217,0.26963118,0.240162663,0.733360964,0.751318418,1.069507671,0.874204149,0.557858723,0.586423181,2.042386312,2.126115241,0.492240995,0.514860161,1.335802863,1.528097541,1.440950593,1.379458181,0.569493551,0.440839833
PI 38:4,2.591360875,2.403963321,2.245550829,1.863995311,4.775827339,4.875740879,4.84257243,3.778740422,4.158254752,4.403559401,5.916083331,7.039987853,3.666062875,3.923084931,7.474247053,8.876126811,8.074402262,7.513526731,6.10381515,4.535345962
PI 38:3,1.027147166,0.924053815,0.700736688,0.560543599,0.691931542,0.690574849,2.345802364,1.716188357,1.140552362,1.300266489,1.69168906,1.896610601,1.171320726,1.287464624,0.918165243,1.150754315,2.942262349,2.650148495,1.063976074,0.721570925
PI 38:2,0.014991908,0.011688746,0,0,0.094404562,0.099540598,0.049725004,0.033048745,0,0,0.030652618,0.040484795,0,0.029061918,0.149024156,0.174532017,0.090965437,0.092533815,0,0
PI 40:8,0.018933104,0.020909196,0.006038511,0.005968323,0.013423188,0.015161719,0.017726887,0.013809299,0.013496746,0.014889195,0.023415862,0.021953494,0,0,0.00244663,0.007508261,0,0,0,0
PI 40:7,0.123622413,0.12733899,0.023758056,0.021453069,0.081979623,0.090536889,0.087094055,0.068017293,0.060638273,0.067721447,0.214917869,0.212821867,0,0,0.061278609,0,0,0,0,0
PI 40:6,0.386282801,0.360898976,0.11937323,0.099474376,0.297642698,0.304120117,0.268828797,0.21137702,0.17666744,0.190673493,0.751522135,0.783942178,0.207585564,0.219789257,0.484969582,0.569216071,0.332774167,0.318094913,0.149156782,0.108552522
PI 40:5,0.312643851,0.285617202,0.059829906,0.046888155,0.527139178,0.542220509,0.516445445,0.390811698,0.374969685,0.400523837,0.650145948,0.705337701,0.107438541,0.115614843,0.794170207,0.951035073,0.681511776,0.644256403,0.348840936,0.252450169
PI 40:4,0.212616589,0.187071229,0.031282279,0.024304094,0.428469416,0.436093724,0.615434272,0.443122764,0.441993603,0.4799875,0.471623392,0.573544819,0.07269068,0.079739861,0.613183365,0.756204418,0.851727614,0.804796043,0.477944221,0.332108455
PI 40:3,0,0,0.015560802,0.013162148,0.114869076,0.117969769,0.216353096,0.159265392,0,0,0,0,0,0.069995227,0,0,0.347368175,0.336683832,0,0
PI 40:1,0,0,0,0,0,0,0,0,0,0,0,0,0,0,0,0,0,0,0,0
PI 42:9,0,0,0,0,0,0,0,0,0,0,0,0,0,0,0,0,0,0,0,0
PI 42:7,0.011525417,0.011295474,0,0,0,0,0,0,0,0,0,0,0,0,0,0,0,0,0,0
PI 42:6,0.024280587,0.022708032,0,0,0.016840167,0,0,0,0,0,0.048027744,0.04493536,0,0,0,0.029890414,0,0,0,0
PI 42:5,0.004373954,0.003903725,0,0,0.003565947,0,0.00540475,0,0,0.003569059,0,0.009508788,0,0,0.003853308,0,0,0,0,0
PI 42:4,0.001848268,0.001805364,0,0,0,0,0.004744179,0,0,0.003670512,0,0,0,0,0,0,0,0,0,0
PI 42:3,0,0,0,0,0,0,0.001909049,0,0,0,0,0,0,0,0,0,0,0,0,0
PS 28:0,0,0,0,0,0,0,0,0,0,0,0,0,0,0,0,0,0,0,0,0
PS 30:0,0,0,0,0,0,0,0,0,0,0,0,0,0,0,0.002624117,0.002856553,0,0,0,0
PS 32:1,0.011491601,0.011781783,0.00164908,0.001759815,0.008575938,0.008428218,0.00536607,0.005465242,0.002281903,0.002338559,0.01552402,0.016859881,0.002661138,0.002945973,0.02167547,0.021788284,0.019304142,0.018980533,0.007968971,0.007121903
PS 34:3,0.00261752,0.002763039,0,0,0,0,0,0,0,0,0,0,0,0,0,0,0,0,0,0
PS 34:2,0.021474862,0.023143312,0.006601557,0.006577609,0.009475039,0.009066782,0.013004219,0.01280396,0.010606207,0.011372865,0.035126344,0.036976757,0.011828225,0.012857798,0.01677568,0.016788038,0.026160666,0.027925348,0.020949293,0.019512702
PS 34:1,0.190485872,0.193675995,0.069831711,0.065893556,0.126237914,0.127969035,0.103536059,0.098648541,0.106030206,0.114959716,0.338317539,0.364495447,0.148367383,0.152794935,0.235335146,0.250562969,0.236242268,0.242811223,0.191709715,0.16775142
PS 36:4,0.011973005,0.013383343,0.001302411,0.001530714,0,0.010094395,0.005586233,0,0.005817127,0.006135853,0.014816879,0.014625058,0,0,0.010427733,0.011417381,0,0,0,0
PS 36:3,0.014727952,0.0152682,0.004314202,0.004112082,0.008423862,0.009013393,0.006908063,0.006815645,0.019065177,0.020633102,0.028594755,0.031599211,0.009422407,0.009844611,0.016150302,0.017205145,0.014598781,0.015374053,0.02885622,0.025957718
PS 36:2,0.159746662,0.162680754,0.109029644,0.103684688,0.117133729,0.117818632,0.153729249,0.145198829,0.254039587,0.280082113,0.285991624,0.333030764,0.216263819,0.220597741,0.180418136,0.19592082,0.224339316,0.233956739,0.391189124,0.341352668
PS 36:1,0.550104511,0.534181543,1.043408959,0.923068978,0.92773443,0.940058416,1.028498855,0.938478527,0.708797531,0.788713555,1.199063298,1.371842642,2.033062077,2.124327457,1.328109283,1.456128069,1.621507732,1.629339678,1.117986269,0.933490827
PS 38:6,0.006184577,0.006671896,0,0,0,0,0,0,0,0,0,0,0,0,0.005593043,0,0,0,0,0
PS 38:5,0.027046638,0.029847618,0,0,0.005682719,0.007113328,0,0,0.008082537,0.009775155,0.07144222,0.068689262,0,0,0.023363245,0.02312617,0.009018886,0.010219448,0.005720947,0.006501224
PS 38:4,0.100978767,0.104339893,0.028450783,0.027347239,0.106028929,0.112415441,0.052835709,0.045977657,0.072842848,0.08155196,0.26578886,0.276961698,0.082724774,0.082388621,0.179999061,0.196600552,0.073840654,0.075520926,0.099752283,0.086893246
PS 38:3,0.069175703,0.068403229,0.037926909,0.034839133,0.099080412,0.097683011,0.036404923,0.034796398,0.085328146,0.094232563,0.155823469,0.170503444,0.064006618,0.068197351,0.13710339,0.15054383,0.060775328,0.06352048,0.107481023,0.092211367
PS 38:2,0.015684852,0.015038195,0.045495525,0.039200468,0.038353927,0.040108439,0.094636293,0.085096189,0.009137601,0.010149631,0.023552191,0.027040727,0.077540365,0.083212364,0.055369625,0.064026125,0.121520466,0.123072531,0.018389636,0.015271516
PS 38:1,0.018942547,0.018024004,0.046724278,0.038084849,0.038357085,0.039054469,0.02990983,0.025140809,0.022539293,0.025536627,0.033343542,0.04014423,0.085939346,0.08971632,0.051221412,0.05817182,0.05181401,0.050976798,0.036273021,0.028920082
PS 40:7,0.008407313,0.009663748,0.001160587,0.001218247,0,0.006693967,0,0,0,0.002050298,0.011243225,0.010874886,0,0,0.008621681,0.008750654,0,0,0,0
PS 40:6,0.027486125,0.028291868,0.010566985,0.011256099,0.084433785,0.084247084,0.001403765,0,0.027985598,0.038569032,0.078335761,0.083683965,0.03426144,0.033744796,0.127947092,0.138405222,0,0,0.032325336,0.030806746
PS 40:5,0.004552618,0.003082152,0,0,0.030635426,0.028352119,0.0039881,0.005508969,0.038393744,0.055438718,0.004747331,0,0,0,0.058242566,0.056681937,0.003853864,0.003769303,0.029208918,0.025367309
PS 40:4,0.061281965,0.060110791,0.010747662,0.009909668,0.151790349,0.155805983,0.041405326,0.036856334,0.123621616,0.142191018,0.141705789,0.16203341,0.020647025,0.021955832,0.211266236,0.234825807,0.056228836,0.05725219,0.134345685,0.111102444
PS 40:2,0.009757034,0.009404062,0.022842885,0.018715273,0.039905089,0.040659726,0.088653735,0.076772417,0.017432703,0.01908664,0.015905674,0.020582541,0.038102913,0.040071509,0.053667703,0.061149317,0.112682959,0.112993465,0.025622244,0.020397384
PS 40:1,0.015213758,0.015031994,0.05912587,0.045329735,0.02328804,0.02291584,0.020190361,0.016544342,0.018677122,0.021119231,0.016345611,0.020077979,0.095698902,0.104365268,0.028111013,0.034658845,0.039152713,0.038076564,0.031395464,0.022490582
PS 42:3,0.002359452,0.002425787,0.002773109,0.002662716,0.006752191,0.006674639,0.012989567,0.012936281,0.003379134,0.004176847,0,0.001960418,0,0,0.008700335,0.009956388,0.016901134,0.017607956,0.003555925,0.002705686
PS 42:2,0.005200618,0.004548088,0.015867182,0.012098643,0.022539673,0.022899226,0.071843294,0.05968713,0.011367589,0.012672506,0.007386484,0.009929677,0.023567138,0.025558699,0.028994993,0.033860333,0.093806061,0.093627066,0.015109633,0.010655748
PS 42:1,0.005249265,0.004546083,0.071987259,0.049776177,0.017216745,0.017982873,0.027643447,0.019536236,0.015141034,0.017663591,0.008989161,0.012242343,0.107633794,0.118118958,0.020533132,0.024759219,0.050287531,0.048140064,0.022118657,0.015510499
PS 44:5,0,0,0,0,0,0,0,0,0,0.001917205,0,0,0,0,0,0,0,0,0,0
PS 44:3,0,0,0,0,0,0,0,0,0,0,0,0,0,0,0,0,0,0,0,0
PS 44:2,0,0,0.001211414,0,0,0,0,0,0,0,0,0,0,0,0,0,0,0,0,0
diHexCer 34:1;2,0.034730162,0.031487507,0.015576133,0.016766079,0.017810111,0.020125572,0.033758985,0.032876611,0.032063844,0.029907047,0.041896516,0.049911238,0.037096252,0.019306014,0.034587516,0.04587812,0.073052587,0.060730607,0.039889622,0.033817621
diHexCer 36:2;2,0.006567445,0.007878539,0,0.005736358,0,0,0,0,0.002008986,0.002240429,0,0,0,0,0.00245621,0,0,0,0,0
diHexCer 38:1;2,0,0,0.001278691,0.001401145,0,0,0,0,0,0,0,0,0,0,0,0.002553627,0,0,0,0
diHexCer 40:2;2,0,0,0.001248026,0,0,0,0,0,0,0,0,0,0,0,0,0,0,0,0,0
diHexCer 40:1;2,0.001602262,0.003256887,0.008097858,0.0088758,0,0,0.002617111,0.003099144,0,0.001815017,0,0,0.001170573,0,0.001286233,0,0,0,0,0
diHexCer 42:2;2,0.013482857,0.016430631,0.008498244,0.009033313,0.011698917,0.009418859,0.065852273,0.07470467,0.00904847,0.008097922,0.014101903,0.006238737,0.003068152,0.001742891,0.009576142,0.005932295,0.078329915,0.042327156,0,0.003657006
diHexCer 42:1;2,0.013041707,0.012737093,0.029260617,0.036157921,0,0.002850164,0.034233913,0.034352671,0.008768838,0.008196268,0.002502639,0,0.025059816,0.023252509,0.004103328,0.001333452,0.013130902,0.009975125,0.001447446,0
triHexCer 32:1;2,0,0,0,0,0,0,0,0,0,0,0,0,0,0,0,0,0,0,0,0
triHexCer 34:1;2,0.103736057,0.123549683,0,0.003429443,0.160468791,0.155747206,0,0,0.082180901,0.087097666,0.063767485,0.039772779,0,0.008368169,0.075102728,0.083977614,0,0,0.056431083,0.075868196
triHexCer 36:2;2,0,0,0,0,0,0,0,0,0,0.001597684,0,0,0,0,0,0,0,0,0,0
triHexCer 36:1;2,0.004608193,0.012969587,0,0,0.031217132,0,0,0,0.002673265,0.008767714,0.002915512,0,0,0,0.014192843,0,0,0,0,0
triHexCer 38:1;2,0,0,0,0,0,0,0,0,0,0,0,0,0,0,0,0,0,0,0,0
triHexCer 40:1;2,0.044140816,0.07026127,0,0,0.042348373,0.050212456,0,0,0.005499359,0.006160328,0.032986519,0.026255491,0,0,0.025702633,0.005586108,0.004541517,0,0,0
triHexCer 42:2;2,0.200039257,0.264249089,0.021626783,0,0.214447451,0.194273826,0.106812629,0.116806742,0.100862179,0.095341382,0.311856156,0.292917737,0,0,0.214228482,0.24369026,0,0,0,0.031762518
triHexCer 42:1;2,0.110067751,0.129386135,0.004012673,0,0.062354338,0.061130584,0,0,0.017391138,0.026708162,0.13183738,0.124471906,0,0,0,0.02150728,0,0,0.028555405,0.00964638
triHexCer 42:0;2,0.284080794,0.372131575,0.191981143,0.192707345,0,0.721517994,0.519620674,0,0.397253226,0.386703371,1.276103687,1.366736095,0,0,0,0,0,0,0,0
LPC O-16:1,0,0.001478019,0.006023724,0.011236439,0.030207536,0.006746176,0.002017693,0.002749116,0.011781794,0.01149434,0,0,0.012508197,0.004506718,0.006707652,0.009833738,0.02411774,0.017414763,0.001227545,0.001046794
LPC O-16:0,0,0,0.00319519,0.007517465,0,0,0.01806749,0.014275786,0.001925533,0.0024284,0,0,0.002632642,0.00267365,0,0,0.082459359,0.090146592,0,0
LPC O-18:3,0,0,0,0,0,0,0,0,0,0,0,0,0,0,0,0,0,0,0,0
LPC O-18:2,0,0,0.004383497,0.010242339,0,0,0,0,0.001648739,0,0,0,0,0,0,0,0,0,0,0.00122811
LPC O-18:1,0,0,0.003243041,0.005984031,0.005787735,0.001288329,0.009880687,0.005688224,0.005542545,0.003212316,0,0,0,0.002084943,0,0,0.069520828,0.052409086,0,0
LPC O-18:0,0,0,0,0,0,0,0,0,0.002318059,0.001226775,0,0,0,0,0,0,0.002435292,0.006155014,0,0
LPC O-20:4,0,0,0.001013385,0,0,0,0,0,0,0,0,0,0,0,0,0,0,0,0,0
LPC O-20:3,0,0,0,0,0,0,0,0,0,0,0,0.001465823,0,0.001051628,0,0,0.003776951,0.02175229,0.002549483,0
LPC O-20:1,0,0,0,0,0.021584857,0,0,0,0,0,0,0,0,0,0,0,0,0,0,0
LPC O-22:4,0,0,0,0,0,0,0,0,0,0,0,0,0,0,0,0,0,0,0,0
LPC 14:0,0,0,0.002701408,0.002160931,0.032962873,0.051266713,0.001460595,0.001147637,0,0,0,0,0.013773761,0.06042731,0.057038557,0.051741096,0.019113505,0.021812216,0,0
LPC 16:1,0.021777112,0.029895005,0.031999088,0.044834824,0.066844886,0.091662615,0.049395291,0.048987971,0.023632139,0.023869239,0.018843304,0.015007794,0.110243037,0.091149067,0.067896853,0.063086356,0.006415291,0.003498565,0.021023123,0.020588007
LPC 16:0,0.091129563,0.101625085,0.073539026,0.086653879,0.370695262,0.371713222,0.121655875,0.135164537,0.097584579,0.097077865,0.129777973,0.121538388,0.214419792,0.19329054,0.194125146,0.187887818,0.521492956,0.530382281,0.116933923,0.132818581
LPC 18:2,0.002433943,0.002471722,0.001298678,0.003001474,0,0.002723052,0,0,0.033617916,0.029416354,0.001478058,0.002162075,0.00366446,0.002730689,0.001389339,0.002872284,0,0,0.018645976,0.020688897
LPC 18:1,0.125637713,0.146960947,0.164994793,0.199118283,0.1701613,0.170213347,0.189713405,0.208297006,0.112402598,0.10634188,0.181918828,0.162669668,0.408820795,0.35289177,0.112308387,0.111188592,0.198174906,0.09598463,0.086508164,0.096724221
LPC 18:0,0.007865159,0.015726525,0.0028059,0.007139178,0.033613293,0.049687682,0.001397432,0,0.027740017,0.025790659,0.006755864,0.005394322,0.023467642,0.019585551,0.014880581,0.01874244,0.01636079,0.008117585,0.015323572,0.01818677
LPC 20:4,0.00814144,0.011470136,0.002953738,0.007863654,0.019494194,0.037702598,0.09327831,0.093639049,0.054851048,0.052340177,0.052520953,0.044294399,0.138575466,0.122316632,0.097622218,0.093697451,0.277163171,0.279665989,0.06384703,0.072172705
LPC 20:3,0,0,0,0,0,0,0,0,0,0,0,0,0,0,0,0,0,0,0,0
LPC 20:1,0,0,0,0,0,0,0,0,0,0,0,0,0,0,0,0,0,0,0,0.001775261
LPC 22:6,0.01988409,0,0.003945257,0.014810928,0,0,0,0,0.042297802,0.042925993,0,0,0,0.168861137,0,0,0,0,0,0
LPC 22:5,0.018050873,0.013993978,0,0,0,0,0.038318034,0.038965027,0.021769329,0.023544028,0,0,0.046060273,0,0,0,0,0,0.022744561,0
LPC 22:4,0,0,0,0,0,0,0,0.002925239,0.002518624,0.002444707,0,0,0,0,0.002982377,0,0,0,0,0.002907107
LPE O-14:0,0,0,0.021618293,0,0.004840402,0,0,0,0,0,0,0,0,0,0,0,0.002686881,0,0,0
LPE O-16:1,0.020573859,0.027221633,0.18551017,0.193120714,0.203375332,0.180206706,0.035945091,0.032480037,0.035110924,0.036020372,0,0.006523215,0.075832152,0.092491752,0.062496052,0.060158823,0.051346816,0.062756886,0.013412762,0.009602197
LPE O-18:2,0.009891053,0.013549659,0.038806122,0.042106921,0.06163124,0.068622052,0.010233661,0.009905047,0.020193405,0.016688229,0.002000467,0.001489681,0.00104032,0,0.015619571,0.020918165,0.003052252,0.002150957,0,0
LPE O-18:1,0.029766888,0.038453624,0.136795197,0.138186759,0.089568215,0.088595616,0.014682094,0.016039666,0.044818348,0.042168001,0.015565799,0.017576483,0.037667348,0.037301912,0.020654669,0.024368409,0.013522469,0.019198818,0.005765304,0.007475986
LPE O-18:0,0,0,0,0,0,0,0,0,0,0,0,0,0,0,0,0,0,0,0,0
LPE O-20:4,0,0,0.001080462,0,0,0,0,0,0,0,0,0,0,0,0,0,0,0,0,0
LPE O-22:6,0,0,0,0,0,0,0,0,0,0,0,0,0,0,0,0,0,0,0,0
LPE 16:1,0.018877474,0.02332933,0.040121436,0.044101185,0.11816764,0.072687,0.033920624,0.037274269,0.019748161,0.017696722,0.017438759,0.021265563,0.09586854,0.099518746,0.045762247,0.042218362,0.073937943,0.068951349,0.009257758,0.008407339
LPE 16:0,0.043896099,0.052264439,0.03087427,0.02827156,0.160287752,0.137611259,0.044167504,0.044098119,0.050875344,0.049203008,0.070386717,0.074753977,0.038813449,0.049017467,0.070100703,0.069252162,0.099648809,0.104785311,0.11863066,0.138470867
LPE 18:2,0.025019991,0.029928082,0.018123632,0.023473846,0.028762124,0.03853482,0.003055175,0.005185678,0.063133931,0.061061268,0.052209947,0.051530297,0.035486045,0.041033767,0.027226262,0.027529798,0.004920327,0.009733916,0.039166689,0.044642664
LPE 18:1,0.24339874,0.294070194,0.37375425,0.396786618,0.524822722,0.520143217,0.33392382,0.377393352,0.214168765,0.212406876,0.406239967,0.428342156,0.856344181,0.86105255,0.31016049,0.306291404,0.727796241,0.775957609,0.169104561,0.190992671
LPE 18:0,0.082380605,0.099917995,0.107548148,0.107676644,0.122988275,0.119696421,0.011177214,0.00814043,0.064269904,0.062485087,0.06059524,0.062024494,0.044931673,0.047589242,0.03367753,0.036800851,0,0,0.029914333,0.03120239
LPE 20:4,0.442357627,0.498926164,0.264573033,0.298578484,2.44153416,2.429695707,0.865095221,0.965010703,1.241022955,1.240621532,1.187786546,1.168454138,1.18298846,1.165069133,1.556592256,1.562374228,1.508696792,1.551730127,0.817857773,0.902776476
LPE 22:6,0.103395349,0.119877777,0.171241103,0.187141224,0.586166832,0.577830926,0.320287678,0.351331696,0.205358361,0.203443199,0.284575728,0.26405593,0.827618723,0.810793758,0.403615755,0.403967643,0.560865796,0.566266275,0.1453172,0.16207041
LPE 22:5,0.060415584,0.070145981,0.053508785,0.05972165,0.609982876,0.601224159,0.192602303,0.21304707,0.25880482,0.255940063,0.179614266,0.169264556,0.345495867,0.339140704,0.380625117,0.38571714,0.363816615,0.372979584,0.17285055,0.198260854
LPE 22:4,0.055134784,0.066959196,0.007625792,0.013196585,0.377404356,0.373037125,0.161874657,0.182367639,0.238980654,0.240814475,0.165586438,0.154510718,0.111115263,0.105901548,0.245391113,0.250561279,0.276255023,0.292871652,0.17491772,0.206572982
LPG 14:0,0,0,0,0,0.00398773,0,0,0,0,0,0,0,0,0,0,0,0,0,0,0
LPG 16:1,0,0,0.001571211,0,0,0,0,0,0,0,0,0,0,0,0,0,0,0,0,0
LPG 16:0,0,0,0,0,0.003291512,0,0,0,0,0,0,0,0,0.003008599,0,0,0,0,0.001535333,0
LPG 18:2,0,0,0,0,0,0,0.003726455,0.002547598,0,0,0,0,0.002242789,0.003908713,0.001085869,0,0.025554117,0.027409762,0.002113912,0
LPG 18:1,0.007724214,0.00881468,0.013677687,0.0185051,0,0,0,0,0,0,0,0,0,0,0,0,0,0,0,0
LPG 18:0,0,0,0,0,0.001229005,0,0,0,0,0,0,0,0,0,0,0,0,0,0,0
LPG 22:5,0,0,0,0,0,0,0,0,0,0,0,0,0,0,0,0,0,0,0,0
PG 30:0,0,0,0,0,0,0,0,0,0,0,0,0,0,0,0,0,0,0,0,0
PG 32:2,0,0,0,0,0,0,0,0,0,0,0,0,0,0,0,0,0,0,0,0
PG 32:1,0,0,0.011739327,0.012503318,0,0,0,0,0,0,0,0,0,0,0,0,0,0,0,0
PG 32:0,0.009432102,0.016065231,0.044005562,0.039978927,0,0.003010304,0.00237162,0.001692497,0.001662925,0,0,0,0.003621423,0.006122708,0.072443824,0.093114977,0,0,0,0
PG 34:3,0,0,0.009017423,0.008814272,0,0,0,0,0,0,0,0,0,0,0,0,0,0,0,0
PG 34:2,0.005191986,0.007940655,0.055202512,0.056386777,0,0.002925855,0.012333163,0.010823261,0.008771471,0.008117243,0,0,0.007170935,0.0100002,0.003569256,0.004889315,0,0,0.008551762,0.014185096
PG 34:1,0.037730377,0.055950769,0.444089062,0.410242003,0.07381426,0.078549141,0.073868595,0.086448157,0.079247726,0.069689248,0.058757414,0.058506457,0.476749036,0.582817578,0.286644176,0.333197695,0.208503026,0.15229473,0.138711705,0.204215518
PG 34:0,0.040271923,0.065548982,0,0,0.06947322,0.082015727,0.061914619,0.072524459,0.077118304,0.06342162,0.114698344,0.098746094,0.259617075,0.320303875,0.496602768,0.594155658,0.316051858,0.193617294,0.096839778,0.187466868
PG 36:5,0,0,0,0,0,0,0,0,0,0,0,0,0,0,0,0,0,0,0,0
PG 36:4,0,0,0.006359462,0.00791507,0,0,0,0,0.010718997,0.00944308,0,0,0,0,0,0,0,0,0.013968162,0.021422946
PG 36:3,0.004387167,0.007441135,0.037683955,0.038518407,0.004200273,0.006461005,0.0059017,0.005417314,0.01235206,0.011823359,0,0,0,0,0.012406209,0.007867601,0,0,0.02489963,0.034407291
PG 36:2,0.028043268,0.038640031,0.328012717,0.317144241,0.026497859,0.02481693,0.102412503,0.111797695,0.032337933,0.027533315,0.031276928,0.03653237,0.141153322,0.169042218,0.100332669,0.116628936,0.161228104,0.135509443,0.052822873,0.081324767
PG 36:1,0.023152135,0.038370767,0.224458232,0.202627088,0.029517998,0.030614536,0.047106236,0.055436193,0.042861219,0.036263426,0.02663937,0.034431833,0.257590297,0.331066109,0.130967413,0.163179899,0.154968407,0.089794048,0.065602887,0.119093101
PG 38:8,0,0,0,0,0,0,0,0,0,0,0,0,0,0,0,0,0,0,0,0
PG 38:7,0.005601102,0.00782894,0.025227755,0.017925887,0,0,0,0,0.002973618,0.002243429,0,0,0,0,0,0,0,0,0,0
PG 38:6,0.012697695,0.015014586,0.027237847,0.026802968,0.005370736,0.004937856,0.004083645,0.006329432,0.006692844,0.006158454,0,0,0,0,0,0,0,0,0,0
PG 38:5,0.006620478,0.009910407,0.023211799,0.022722375,0,0,0.006233596,0.004460873,0.009480449,0.008853716,0,0,0,0,0,0,0,0,0,0.001426534
PG 38:4,0.001178629,0.003960744,0.032399094,0.035281282,0.003241288,0.001842703,0.00442503,0.006852823,0.003028877,0.001888324,0,0,0,0,0,0,0,0,0,0
PG 38:3,0,0,0.014718859,0.013398099,0,0,0.004478281,0.00415494,0,0,0,0,0,0,0,0,0,0,0,0
PG 40:7,0.099461407,0.127936732,0.278927272,0.268999302,0.039778795,0.037966525,0.091679256,0.100759182,0.041244367,0.038978065,0.115376208,0.123455455,0,0,0.073575197,0,0,0.214622397,0.040759416,0.048032681
PG 40:6,0.018410723,0.025510822,0.056327643,0.05444507,0.012208129,0.009677181,0.027290083,0.030121689,0.015048147,0.012987658,0,0,0,0,0,0,0,0,0.001382641,0.005750702
PG 40:5,0,0,0,0,0,0,0,0.001247911,0,0,0,0,0,0,0,0,0,0,0,0
PG 40:4,0,0,0,0,0,0,0,0,0,0,0,0,0,0,0,0,0,0,0,0
PG 40:3,0,0,0,0,0,0,0,0,0,0,0,0,0,0,0,0,0,0,0,0
PG 42:9,0.015034161,0.018946331,0.020705921,0.01991092,0.013462247,0.010861645,0.002306174,0,0.011665711,0.010992964,0.004598593,0,0,0,0,0,0,0,0,0
PG 42:8,0.005692144,0.007897362,0.008069938,0.008293224,0,0.001708243,0,0,0.004970705,0.004621656,0,0,0,0,0,0,0,0,0,0
PG 42:7,0,0,0,0.003078125,0,0,0,0,0,0,0,0,0,0,0,0,0,0,0,0
PG 42:6,0,0,0,0,0,0,0,0,0,0,0,0,0,0,0,0,0,0,0,0
PG 44:10,0.006094843,0.002727992,0.001071221,0.001267442,0.001089126,0.001238969,0.0018995,0.002146287,0.007329142,0.007076537,0,0,0,0,0,0,0,0,0.001468443,0
PG 44:9,0,0,0,0,0,0,0,0,0,0,0,0,0,0,0,0,0,0,0,0
Chol :,18.57278877,20.74511967,22.29665773,18.49254198,19.18673372,16.2834125,15.53672993,16.9515449,17.71358562,18.69773338,23.82378761,22.67985409,21.8338906,22.41959332,25.72270313,24.42439197,20.17390041,19.81947665,36.44468454,37.0343356
Cer 32:2;2,0,0,0,0,0,0,0,0,0,0,0,0,0,0,0,0,0,0,0,0
Cer 32:1;2,0.011120745,0.010519628,0.003287299,0.003543508,0.016841319,0.018661626,0.011009798,0.01143658,0.008543166,0.008316076,0.018020338,0.018169288,0.013614037,0.013629695,0.043680434,0.0438372,0.018961695,0.019587837,0.018521155,0.018906039
Cer 34:2;2,0.011271211,0.011676069,0.003972914,0.003755838,0.007119072,0.00966663,0.008575356,0.011025333,0.009771442,0.009321887,0.018489343,0.017918498,0.008525187,0.011551517,0.029718977,0.02870885,0.020891897,0.020976019,0.021875475,0.023548221
Cer 34:1;2,0.20766935,0.232584344,0.077576775,0.081840417,0.129381848,0.130236504,0.133822295,0.139865998,0.104250526,0.102395792,0.294226567,0.293791887,0.31044957,0.297962971,0.505367952,0.486224748,0.271952407,0.278251258,0.378246196,0.3938469
Cer 36:2;2,0.008033833,0.009084451,0.005098693,0.005596967,0.002895198,0.002265958,0,0,0.004645231,0.004639478,0.014303533,0.01401813,0.015387057,0.016861136,0.022259907,0.022549282,0.004671835,0.004030509,0.013326971,0.013410192
Cer 36:1;2,0.050398442,0.052011131,0.031027119,0.032636306,0.031864353,0.033163032,0.014852393,0.015177985,0.017817636,0.017528317,0.070062275,0.069726882,0.147748923,0.140711107,0.098023294,0.095458805,0.033517897,0.034323503,0.053484729,0.05596666
Cer 38:1;2,0.013091246,0.015110453,0.003746998,0.003963199,0.008060544,0.007114542,0.002825792,0.004373842,0.006813712,0.007088595,0.023879689,0.021076276,0.028710194,0.028870834,0.02856207,0.0271715,0.008020288,0.0070078,0.025378601,0.026189226
Cer 38:0;2,0,0,0,0,0,0,0,0.002146428,0,0,0,0,0,0,0,0,0.003404596,0.002775704,0,0
Cer 40:2;2,0.027892358,0.032354434,0.002552401,0.002651908,0.016407031,0.021791315,0.013828748,0.017558883,0.008842942,0.009021365,0.046868004,0.0459694,0.031377338,0.03018055,0.058498778,0.055069406,0.039569642,0.039309133,0.027451682,0.02748851
Cer 40:1;2,0.089102547,0.100688595,0.023918428,0.023297453,0.039506245,0.033593587,0.027774525,0.03073566,0.024222303,0.023838449,0.117219135,0.118709953,0.096745211,0.096756534,0.102356133,0.098417715,0.051280788,0.05450931,0.056032388,0.05892954
Cer 42:2;2,0.286752187,0.321218975,0.059320834,0.06043906,0.158970591,0.153932915,0.354706008,0.362053678,0.076551451,0.074149801,0.350415663,0.351336263,0.166539616,0.163751234,0.476802535,0.458032097,0.466519058,0.482645157,0.161686258,0.164092193
Cer 42:1;2,0.231425949,0.26586259,0.137091144,0.146072975,0.149503631,0.16284189,0.186230347,0.199789061,0.113289389,0.108843158,0.327632272,0.319861506,0.367870755,0.370612463,0.241251492,0.230438771,0.279162305,0.279250879,0.176170172,0.168556176
Cer 44:2;2,0.010947594,0.016152757,0.001374383,0.001284153,0,0,0,0,0,0,0,0,0,0,0.025523838,0.02712508,0,0,0,0
Cer 44:1;2,0.008137262,0.008086873,0.003610925,0.003928554,0,0,0,0,0.002316424,0.00310948,0,0,0,0,0.009220286,0.009176021,0,0,0,0
CE 14:0,0.088696245,0.096864993,0.058139871,0.066833185,0.024329868,0.036280278,0.003235798,0,0.009381076,0.008384916,0.099728964,0.094908492,0.060206011,0.060239687,0.0086297,0.00734554,0,0.001076125,0.010581392,0.002984819
CE 16:1,0.682627595,0.5969494,0.107317746,0.113229706,0.293374829,0.314508438,0.097547157,0.08980469,0.094146577,0.089072502,0.649204525,0.658544519,0.254320385,0.27839221,0.11806955,0.109729669,0.306736746,0.268577741,0.120930835,0.12784837
CE 16:0,0.951581841,1.005123672,0.240907487,0.249622493,0.073500402,0.117975923,0.01846215,0.005786615,0.0581708,0.057931076,0.86374115,0.866113049,0.295165615,0.295882796,0.047268627,0.048506122,0.028123394,0.027909979,0.068846694,0.072091195
CE 18:2,0.436330543,0.39559758,0.068602902,0.065564622,0,0.001040829,0,0.002855256,0.066720343,0.066589662,0.357146516,0.345023901,0.112851385,0.109735639,0.017978014,0.017691493,0.012960769,0.016875612,0.080964671,0.085866159
CE 18:1,2.142725049,1.975379473,1.305629189,1.236946192,0.035794117,0.060782974,0.044407963,0.047367315,0.285595722,0.287815245,1.810611156,1.801081021,0.987388652,0.94650479,0.103732357,0.101645719,0.118811368,0.119265034,0.352527483,0.366547214
CE 18:0,0.16141401,0,0.226409972,0.227062663,0.013706115,0.009881582,0,0,0.036220708,0.036212995,0,0,0.151105768,0.151225663,0,0,0,0,0,0
CE 20:5,0.100713478,0.079685833,0.010254629,0.009331047,0.001051687,0,0,0,0.037564111,0.036285671,0.091604891,0.095373824,0.026490236,0.022952844,0,0.001265804,0,0,0.051376559,0.056265923
CE 20:4,0.281411982,0.243269096,0.047555938,0.045108943,0,0,0.001070657,0.001257961,0.111335241,0.108749059,0.254449436,0.257205126,0.098968928,0.09511438,0.022901686,0.020177987,0.013296696,0.015870704,0.143626315,0.155299188
CE 20:3,0.060863285,0.056444748,0.093279017,0.083412292,0,0,0.001347215,0.002420003,0.104760029,0.106598574,0.062236143,0.060723167,0.052562526,0.056328514,0.011879033,0.010471372,0.00399859,0.004765497,0.114253485,0.118380768
CE 22:6,0.568250052,0.446022121,0.106357487,0.101529571,0.004219771,0.002313465,0.003914978,0.004766616,0.181583806,0.174483764,0.45942487,0.46486762,0.078574455,0.072898288,0.030071763,0.030467955,0.016077411,0.011610949,0.19671487,0.209776488
CE 22:5,0.015085929,0.016255525,0.041329652,0.033688052,0.001240591,0.001525556,0,0,0.084270466,0.086094718,0.042100614,0.044027759,0.027868553,0.023794915,0.008167161,0.007744804,0,0,0.110477295,0.119218792
CE 22:4,0.029784695,0.035587408,0,0,0,0,0,0,0.084382381,0.081961745,0.03811073,0.034221998,0,0,0,0,0,0,0.108462497,0.112683116
DAG 28:1,0,0,0.003017861,0.003401671,0,0.005063765,0,0.002473778,0,0,0,0,0,0,0,0,0,0,0,0
DAG 28:0,0.00558322,0.004484708,0.011567884,0.012240898,0.02532739,0.026338028,0.008322873,0.009994042,0.005843954,0.005636887,0.00408543,0.005047001,0.003288294,0.00451166,0.009393947,0.00628056,0.006450577,0.006529272,0,0
DAG 30:2,0.001685124,0,0.002290009,0.002183248,0,0,0.002060613,0.002110634,0,0,0,0,0,0,0,0,0,0,0,0
DAG 30:1,0.008419999,0.00634242,0.025667529,0.027669895,0.028647305,0.0233506,0.014713915,0.014608935,0.005938745,0.005506314,0.005338432,0.006499084,0.008990735,0.009590579,0.011766644,0.012035427,0.008839518,0.007655772,0,0
DAG 30:0,0.020403126,0.017565555,0.060557165,0.064824872,0.076083889,0.081920161,0.034897689,0.03488392,0.01422607,0.013815498,0.015343819,0.015484393,0.018822427,0.017639168,0.034155189,0.033759357,0.025669977,0.027335814,0.002426453,0.002610906
DAG 32:3,0.001560305,0,0,0.001088102,0,0,0.001249945,0.001407739,0,0,0,0,0,0,0,0,0,0.001029514,0,0
DAG 32:2,0.00739305,0.008338803,0.020368711,0.021162996,0.017099946,0.008740918,0.018258149,0.02118536,0.006504106,0.006450334,0.006416753,0.007403856,0.007939639,0.008411333,0.006009648,0.004496435,0.004142296,0.006720998,0.002634758,0.002662862
DAG 32:1,0.049647711,0.05110942,0.196962591,0.215880558,0.130488352,0.11421206,0.099677855,0.101435709,0.041928478,0.040711061,0.031218764,0.032956058,0.065500604,0.065375487,0.0710593,0.068779089,0.05492354,0.056714915,0.008030477,0.008842265
DAG 32:0,0.062869645,0.066083964,0.148127187,0.159810835,0.127203114,0.125490905,0.077951105,0.076117768,0.048554648,0.047468702,0.03664961,0.039641186,0.042158776,0.04164908,0.044841054,0.044662766,0.056064192,0.060127443,0.006240607,0.006642632
DAG 34:3,0.008505547,0.010164371,0.017272265,0.018592203,0.006220537,0.003941846,0.015836626,0.018028155,0.014422837,0.013912111,0.005610441,0.003304971,0.004352453,0.004762062,0.00584755,0.005011307,0.004110645,0.006100926,0.003068176,0.003502135
DAG 34:2,0.061294811,0.062268462,0.20786129,0.22512055,0.073296193,0.055836318,0.123707131,0.12358073,0.07156075,0.069738841,0.040975533,0.04123255,0.074683528,0.071090835,0.044084994,0.042519539,0.047821042,0.051407938,0.02053538,0.020622018
DAG 34:1,0.263679588,0.275595634,0.99963439,1.074885956,0.407663507,0.317600384,0.362918077,0.362373009,0.197365963,0.192753557,0.161074544,0.158383026,0.348492487,0.342124982,0.234173223,0.225598871,0.228158596,0.24015599,0.054354662,0.05814579
DAG 34:0,0.056667036,0.060566347,0.107727989,0.115246232,0.05925255,0.054866547,0,0,0.038832397,0.038098071,0.031306046,0.034357539,0.031697489,0,0,0,0.019809828,0.02348114,0.00686639,0.005068779
DAG 36:5,0.003078211,0.003764703,0.003751264,0.003543068,0,0.00338409,0.005094926,0.004818005,0.004739375,0.004574658,0.00243455,0,0.00146722,0.001463935,0.004515236,0.006162087,0.00161303,0,0,0
DAG 36:4,0.01617849,0.014162004,0.025746389,0.027130709,0.028855884,0.024534369,0.017355951,0.017580547,0.03062207,0.03025486,0.011811099,0.014122276,0.015214781,0.015138728,0.022842424,0.023714073,0.006397236,0.007176606,0.011435801,0.007728788
DAG 36:3,0.035546923,0.028838396,0.103074647,0.107385291,0.01175004,0.024015395,0.038103416,0.039115206,0.063784166,0.062142205,0.024413919,0.023368797,0.034518513,0.034415202,0.024669619,0.025385594,0.016604719,0.017753239,0.020070813,0.020826937
DAG 36:2,0.174177051,0.16307611,1.011204493,1.081645185,0.198294177,0.083824725,0.198554467,0.199483225,0.150050861,0.143591141,0.107941502,0.107107201,0.275072649,0.267127812,0.075486736,0.072352551,0.102984243,0.105265608,0.067154175,0.06870359
DAG 36:1,0.317918544,0.119689932,0.646471404,0.69598498,0.526343685,0.141296141,0.10191166,0.10097398,0.126727454,0.119802061,0.077560631,0.07661688,0.246653229,0.240016706,0.091588197,0.09690693,0.101583704,0.103878196,0.08234248,0.087737721
DAG 36:0,0,0,0,0,0.001423491,0.004235004,0.003607521,0.005110226,0,0,0,0,0,0,0,0.002412753,0,0,0,0
DAG 38:6,0.023182285,0.020600948,0.035974658,0.036468832,0,0.010661051,0.020101039,0.020740556,0.012512973,0.013269444,0.014366277,0.014106861,0.011935595,0.012474697,0.012032222,0.012013835,0.007563841,0,0,0
DAG 38:5,0.022690897,0.030984101,0.063167494,0.067886332,0.036825657,0.040279507,0.035801956,0.035671805,0.047304798,0.041472638,0.028748003,0.026323647,0.034858548,0.035437162,0.031042465,0.026849525,0.023514597,0.024254844,0.012745259,0.012824146
DAG 38:4,0.038409384,0.038217805,0.089093226,0.092218349,0.090105976,0.08344379,0.065873715,0.065106343,0.0797763,0.077827384,0.048297096,0.048399632,0.075536837,0.070175907,0.070071135,0.067700861,0.077347759,0.079737755,0.02640364,0.02671904
DAG 38:3,0.058817873,0.027368329,0.101616044,0.108088688,0.096605161,0.033970344,0.054245218,0.053809877,0.044820484,0.043319648,0.026308852,0.026934855,0.046609086,0.045323219,0.027820189,0.026317344,0.051038735,0.05428777,0.02782406,0.026242875
DAG 38:2,0.19753693,0.019261733,0.092043224,0.096072057,0.472112753,0.050617612,0.039829583,0.040066244,0.017832288,0.016888523,0.007339896,0.005660662,0.025448868,0.025780788,0.017570577,0.021769739,0.025780968,0.02712713,0.123119777,0.117765442
DAG 38:1,0,0,0.045481985,0.0494111,0.857349997,0.164556553,0.047595967,0.051164876,0.036849528,0.034067454,0,0,0,0.086694821,0.032650052,0,0.077967456,0.079339888,0,0
DAG 40:7,0,0,0.06774622,0.071168796,0,0,0,0,0,0,0,0,0,0,0,0,0,0,0,0
DAG 40:6,0.019531231,0.020340188,0.043761666,0.045561349,0.016451741,0.014272819,0.020617181,0.020041143,0.024417548,0.022632266,0.013473301,0.014180444,0.018932129,0.018827764,0.017536075,0.016660375,0.005679,0,0.004175159,0.004548679
DAG 40:5,0.012232046,0.011510958,0.028145921,0.030616376,0.029264533,0.047530024,0.018969303,0.015216671,0.032520792,0.029650942,0.010740063,0.011016159,0.008736386,0.009932507,0.020451897,0.018583179,0.010944545,0.010700582,0.007982557,0.010463492
DAG 40:4,0,0,0.008398071,0.008383606,0,0,0.021256788,0,0,0,0,0,0.004748805,0,0,0,0,0,0,0
DAG 40:3,0.077789225,0,0.008294242,0.008166806,0.208076079,0.012668438,0.004634395,0.006127006,0,0,0,0,0,0,0.001729688,0.004415538,0.001996528,0.001416968,0,0
DAG 40:2,0.077670109,0.01614054,0.040087673,0.041261509,0.476777411,0.036148797,0.010754066,0.012614366,0.004979419,0.005567801,0,0,0.014969518,0.012549427,0.004294395,0.006974819,0.002835566,0.002672989,0,0
DAG 40:1,0.051667137,0.018951677,0.012939155,0.014293322,0.609893773,0.136319755,0.037518469,0.038565626,0.02906153,0.027566102,0,0,0.062511868,0.076340362,0.029330607,0.035660184,0.071621195,0.07126483,0,0
DAG 42:8,0,0,0.001290275,0.001288897,0,0,0,0,0,0,0,0,0,0,0,0,0,0,0,0
DAG 42:7,0.001759995,0.001998273,0.004761427,0.004596505,0,0,0,0,0.001132716,0,0,0,0,0,0,0,0,0,0,0
DAG 42:6,0,0,0.002209708,0.002893383,0,0,0,0,0,0,0,0,0,0,0,0,0,0,0,0
DAG 42:5,0,0,0,0,0,0,0,0,0,0,0,0,0,0,0,0,0,0,0,0
DAG 42:2,0.002338314,0.002460227,0.008866004,0.009828773,0.009571176,0,0.003974193,0.005036386,0.00417222,0.00382745,0,0,0,0.001017574,0.001987721,0.001610483,0,0.001414723,0,0
DAG 42:1,0.005945902,0.004607109,0.028641187,0.030093618,0,0,0,0,0.005404377,0.005521777,0,0,0.001980072,0.001638895,0,0,0,0,0,0
DAG 44:8,0,0,0,0,0,0,0,0,0,0,0,0,0,0,0,0,0,0,0,0
HexCer 32:2;2,0,0,0,0,0,0,0,0,0,0,0,0,0,0,0,0,0,0,0,0
HexCer 32:0;2,0,0,0,0,0,0.003657969,0.001332931,0,0.001482321,0.001010754,0,0,0,0,0,0,0,0,0,0
HexCer 34:1;2,0.132124248,0.139220809,0.052590143,0.05929282,0.04874073,0.081434967,0.053901683,0.054484625,0.032405216,0.032827988,0.143115021,0.144251498,0.065564365,0.06112376,0.051051838,0.050426157,0.067573135,0.072537247,0.054083232,0.056538558
HexCer 34:0;2,0.009075801,0.015502997,0,0,0,0.001252171,0,0,0.001601597,0.001480311,0.012056353,0.016018951,0,0,0,0,0,0,0.001251172,0
HexCer 36:1;2,0.057605401,0.033304024,0.013993332,0.015003996,0.017298415,0.057020338,0.005384987,0.003656806,0.008666111,0.008352972,0.058571019,0.063438167,0.022094294,0.013020098,0.023780869,0.023813032,0.007813879,0.01422177,0.019373369,0.024171191
HexCer 40:1;2,0.126232034,0.10969445,0.008651164,0.007186923,0.013818818,0.020210354,0.012599432,0.00968268,0,0,0.104489438,0.106138879,0.018063205,0.014787385,0.026569406,0.021776921,0.014126683,0.017062136,0.010563694,0.016922195
HexCer 42:2;2,0.360107496,0.386873096,0.033326334,0.026851067,0.066563474,0.06920025,0.199519211,0.210460714,0.019780275,0.028388922,0.289407135,0.281655027,0.042062764,0.041734007,0.076142033,0.074664273,0.189274658,0.199392025,0.040087193,0.045415809
HexCer 42:1;2,0.31194962,0.339594403,0.117686651,0.125268571,0.047862947,0.092482174,0.07541889,0.065296725,0.032071135,0.032813334,0.276717229,0.282306707,0.126948633,0.11671895,0.039110365,0.037229828,0.068140488,0.074456423,0.03978756,0.043041757
PC O-28:0,0.004140177,0.005249024,0.004796781,0.004633799,0.009620213,0.011844605,0.012925869,0.015663492,0.005455587,0.005225298,0.002427507,0.002244542,0.002368051,0.001344647,0.009162905,0.009022737,0.017971736,0.019427229,0.003580092,0.0039008
PC O-30:2,0,0,0.005874369,0.006377666,0,0,0,0.005489693,0,0,0,0,0.004805604,0.002963494,0.01131168,0.005151858,0.001145236,0.001725752,0.001650086,0.002817554
PC O-30:1,0.014332971,0.015183679,0.074205542,0.081803538,0.083623038,0.09167023,0.085173608,0.094137328,0.020891828,0.020818082,0.013576013,0.013321362,0.062860788,0.060394207,0.070046809,0.067740579,0.072081175,0.076401043,0.031285506,0.032236533
PC O-30:0,0.010817376,0.010811565,0.071427911,0.078242662,0.047315396,0.054844336,0.143591215,0.166148842,0.017395582,0.016915639,0.0108921,0.010600929,0.056724413,0.056249084,0.034681,0.03522279,0.12783746,0.133554891,0.022378339,0.024343852
PC O-32:3,0.007017545,0.008002562,0.012431374,0.015329978,0.011483587,0.012128225,0.038007168,0.038364156,0.010006116,0.00960612,0.005185071,0.004727941,0.010360766,0.010784328,0.010821796,0.009657668,0.029662712,0.030067707,0.006656957,0.006737484
PC O-32:2,0.035192746,0.041619398,0.160520933,0.176479979,0.059680682,0.111919089,0.239656261,0.263373154,0.06596432,0.066188067,0.036765737,0.036746354,0.144331778,0.139041884,0.100023547,0.093304853,0.196824975,0.207359381,0.058972678,0.061999986
PC O-32:1,0.059184064,0.060801731,0.475212905,0.520252912,0.216821327,0.264458244,0.672328776,0.749684838,0.146023522,0.143872474,0.054624745,0.05334592,0.432056976,0.419364646,0.18224308,0.174659164,0.598077675,0.634625086,0.238251134,0.251564122
PC O-32:0,0.029688249,0.030212623,0.287453006,0.31429672,0.05892377,0.07563853,0.381907708,0.438328836,0.073092611,0.072423931,0.024257438,0.02421539,0.24244225,0.234779901,0.049888047,0.052620649,0.370147708,0.395409785,0.127894553,0.133477771
PC O-34:3,0.029107778,0.029246502,0.0661389,0.076162454,0.032892833,0.040913758,0.148381278,0.155838353,0.061516023,0.058827005,0.02507947,0.025456579,0.057906416,0.063846834,0.035897768,0.033791568,0.119099254,0.120709121,0.047295824,0.049463218
PC O-34:2,0.145054993,0.157267989,0.66055941,0.725487627,0.169154631,0.196642764,0.791467915,0.870969198,0.223701628,0.220666955,0.146807956,0.145902115,0.617928428,0.60923325,0.183247007,0.17546657,0.67193047,0.710092176,0.22043276,0.231955865
PC O-34:1,0.15367112,0.163913887,0.910640763,0.99238339,0.130910491,0.169946383,2.014562762,2.249578943,0.241790574,0.238140538,0.11806389,0.119330176,0.83543879,0.821504434,0.114389031,0.111172039,1.742654355,1.859972552,0.325404314,0.351395918
PC O-36:5,0.064905922,0.05743797,0.211145388,0.243197973,0.131365369,0.132968467,0.336817883,0.350084437,0.182507605,0.179231798,0.065657502,0.066164343,0.197987764,0.2109512,0.239295704,0.225854028,0.285882419,0.293465714,0.143347527,0.152982508
PC O-36:4,0.057493032,0.047737837,0.236347056,0.276003214,0,0.09115014,0.584001127,0.595302195,0.127694587,0.125456498,0.041198926,0.041462328,0.187275301,0.202688422,0,0,0.459280167,0.471706756,0,0.107995785
PC O-36:3,0.060840347,0.064167188,0.210199789,0.232121086,0.050849016,0.060126086,0.41929608,0.459833066,0.08959529,0.087858458,0.061683156,0.060787297,0.182670667,0.183316265,0.062744965,0.053505844,0.34803048,0.362760166,0.070258715,0.075329447
PC O-36:2,0.077568078,0.087720549,0.317086378,0.345698156,0.062142156,0.046671165,0.615546208,0.67492015,0.078196351,0.076723088,0.076423616,0.077953339,0.293442189,0.289731842,0.041021779,0.037477547,0.506130448,0.534551453,0.077654904,0.081480402
PC O-36:1,0.021518551,0.021349047,0.153479705,0.168643305,0.01366461,0.02027063,0.14365435,0.161758169,0.028490043,0.027141306,0.019062988,0.017724015,0.159692356,0.160758061,0.012899669,0.011463162,0.145406448,0.154873033,0.046164312,0.048963457
PC O-38:6,0.04311565,0.036183296,0.276517054,0.30754376,0.047179143,0.058457565,0.539192964,0.603668497,0.097478371,0.099570917,0.042583636,0.038693211,0.197856173,0.184438256,0.187616943,0.176496612,0.38978746,0.420576071,0.077827471,0.084699572
PC O-38:5,0.074446551,0.075283092,0.348695166,0.384095371,0.1453328,0.147520453,1.110651765,1.219729207,0.239152059,0.235693671,0.082218816,0.086567759,0.267906045,0.278247651,0.193286582,0.181220846,0.812486025,0.854198126,0.175015067,0.186658039
PC O-38:4,0.023499966,0.022807984,0.157114456,0.172609458,0.026641132,0.028281424,0.388495893,0.419753459,0.088151068,0.088119102,0.02048767,0.020576735,0.123800747,0.124414083,0.02954546,0.029330449,0.307481314,0.321236673,0.077223491,0.077892684
PC O-38:3,0.004894609,0.006908463,0,0.065348168,0.007676611,0.008476839,0.136582773,0.149509954,0.009052219,0.007976282,0.003044453,0.003680359,0.046764703,0.0451963,0.014108064,0.013154155,0.100929806,0.107063173,0.009279596,0.009831661
PC O-38:2,0.00830688,0.008166391,0.017942541,0.019374848,0.003653967,0.00582248,0.070483228,0.074158672,0.002519558,0.0016042,0.006488745,0.005323392,0.014938708,0.016965593,0.009342145,0.005235932,0.051006701,0.057011163,0.001341198,0.00352558
PC O-38:1,0,0,0,0,0,0,0.028250207,0.032224944,0,0,0,0,0,0,0,0,0.024996207,0,0,0
PC O-38:0,0,0,0,0,0,0,0,0,0.003901465,0.004332598,0,0,0,0,0,0,0,0,0.023396451,0.025720376
PC O-40:7,0.020094187,0.018965716,0.154110976,0.164182999,0.391840108,0.37520981,0.339383292,0.362120629,0.040709995,0.039343354,0.017967128,0.015632513,0.11287229,0.110221109,0.055341624,0.051895083,0.230112907,0.236207047,0.02550975,0.02661012
PC O-40:6,0.018779212,0.020848066,0.135278532,0.148941657,0,0,0.452128948,0.485685879,0.059637752,0.059512773,0.017865222,0.017898478,0.103431,0.100026293,0.050585821,0.047557878,0.29131589,0.309216207,0.038566259,0.041647847
PC O-40:5,0.015325784,0.017025128,0.050533288,0.057058317,0.024443683,0.024224083,0.294374683,0.32233798,0.052771598,0.051116324,0.014920768,0.014712967,0.041311932,0.041795756,0.027636313,0.026474398,0.206206274,0.216927364,0.037964199,0.040683622
PC O-40:4,0.005435299,0.006651691,0.012106291,0.015264551,0,0.001289884,0,0,0.021887861,0.021834062,0.002980189,0.002480841,0.00894079,0.008194451,0.007999294,0.007763815,0,0,0.015397059,0.017355041
PC O-40:3,0.001475837,0.002234673,0.005856787,0.005086725,0.003174812,0,0.041253389,0.045549128,0,0,0,0,0.00177824,0.001440291,0.003485528,0,0.029930536,0.031613712,0,0
PC O-40:2,0,0.001155531,0,0,0,0,0,0,0,0.014149186,0,0,0,0,0,0,0,0,0.020487721,0.022522473
PC O-40:1,0.00193537,0.003374054,0.001606896,0.001336209,0.001316739,0.002352118,0.016719827,0.020148525,0.001642157,0,0.001593665,0.001868813,0,0,0.004934975,0.004643222,0.015249863,0.015152676,0.003981635,0.004695906
PC O-42:7,0.001431818,0.004802337,0.005677635,0.004269275,0,0.004473892,0.045969419,0.085241985,0.030253644,0.027235933,0.01500973,0.021707282,0.030481684,0.035520491,0.055827713,0.03362731,0.049452937,0.032067297,0.003316967,0.001482298
PC O-42:6,0.003508996,0.002177393,0.005113006,0.0066921,0,0,0.031948606,0.028911269,0,0,0,0,0,0,0,0,0.011086105,0.014251426,0,0
PC O-42:5,0.009696199,0.012024156,0.001552228,0.002836709,0.011560948,0.017327063,0.035997925,0.038872667,0.015410032,0.014235729,0.006080527,0.006457356,0.004476203,0.005737208,0.011646167,0.009166971,0.025774731,0.028806392,0.013457033,0.012824261
PC O-42:4,0,0.002605537,0,0,0,0,0.013807924,0.013671073,0.008396818,0.007806824,0,0,0,0,0,0.003498162,0.007529453,0.007492379,0.005712485,0.005605916
PC O-42:3,0,0,0,0,0,0,0.006289298,0.009555186,0,0,0,0,0,0,0,0,0.002130094,0.001382704,0,0
PC O-42:2,0,0,0,0,0.001480364,0.01119903,0.017908262,0.01824515,0,0,0,0,0,0,0.00279635,0.00154906,0.01005349,0.012087693,0,0
PC O-42:1,0,0,0,0,0,0,0,0.001485347,0,0,0,0,0,0,0,0,0,0,0,0
PC O-44:7,0,0,0,0,0,0,0,0.001518031,0,0,0,0,0,0,0.001326875,0,0,0,0,0
PC O-44:6,0,0,0,0,0,0,0,0.00368181,0,0,0,0,0,0,0.001266858,0.00122723,0,0,0,0
PC O-44:5,0.002053396,0.002826726,0,0,0.007129799,0.010732716,0.016036468,0.018272402,0.007159505,0.006746972,0.00105975,0.002683733,0.001009757,0.005919648,0.016340401,0.012555968,0.013869222,0.009226728,0.001007212,0.001503718
PC O-44:4,0.017150237,0.021134219,0.024792911,0.030851236,0,0,0,0,0,0,0.005993112,0.00575311,0.03431222,0.03803977,0,0,0,0,0.038293936,0.035957709
PC O-44:3,0,0,0.003512543,0.003294018,0,0,0,0.001547003,0,0,0,0,0,0,0.00469293,0.004488888,0,0,0,0.002725648
PC O-44:2,0,0,0,0,0,0.011288297,0,0,0,0,0,0,0,0,0,0,0,0,0,0
PC O-44:1,0,0,0,0,0,0,0,0,0,0,0,0,0,0,0,0,0,0,0,0
PC 28:0,0.018175808,0.019190858,0.022171869,0.024233447,0.207053344,0.214533756,0.044374552,0.048457594,0.009295986,0.009055576,0.012185182,0.012275276,0.015872571,0.015705636,0.12829277,0.122386808,0.035055205,0.037099153,0.003679783,0.003508216
PC 30:1,0.082763102,0.090081708,0.081184674,0.090187531,0.293540318,0.351076986,0.164522455,0.17088942,0.047084091,0.047927888,0.048733578,0.050513839,0.061509097,0.059494156,0.220976605,0.205919572,0.107229277,0.113005188,0.02448634,0.025371447
PC 30:0,0.294056964,0.303489766,0.277159792,0.302685608,1.10248762,1.180058358,0.499013563,0.556910683,0.215632156,0.211491742,0.213579881,0.212476141,0.206041641,0.200677699,0.768997809,0.742993891,0.405703265,0.431348423,0,0
PC 32:2,0.284799888,0.321533324,0.155672606,0.170954939,0.246461645,0.292983462,0.368685461,0.386031248,0.207368244,0.208847203,0.161018164,0.162777517,0.110078891,0.106733698,0.18237809,0.173013589,0.233563274,0.245569016,0.112419837,0.117499343
PC 32:1,1.561203767,1.710287929,1.390153285,1.53512138,3.066134113,3.530812489,2.485594721,2.578947801,1.392664378,1.389628075,0.963422978,0.975134326,1.115562789,1.121097125,2.410734128,2.266448667,1.768719042,1.866578865,0.937600169,1.00552493
PC 32:0,0.749738409,0.791465719,0.412878563,0.447798471,0.54243894,0.558333745,0.586307787,0.686216461,0.956964756,0.95188015,0.684672781,0.696407299,0.356954206,0.354467411,0.486175048,0.517512163,0.635459491,0.688869651,0.932140813,1.005889462
PC 34:4,0.324406305,0.209095586,0.056109775,0.096677073,0.353368009,0.43248041,0.251825727,0.186885498,0.153106125,0.138128486,0.115876547,0.117747384,0.063241755,0.097727009,0.24332149,0.227579862,0.165724935,0.15620152,0.080520447,0.08072983
PC 34:3,0.37491422,0.325077233,0.09889349,0.121265902,0.193711608,0.219596325,0.262226195,0.258267144,0.379272571,0.371549075,0.191581514,0.191646858,0.081891519,0.095996092,0.162561912,0.156410742,0.183726052,0.186670063,0.221327954,0.230012137
PC 34:2,1.583824886,1.738088404,1.121667175,1.239520887,1.114940371,1.227262792,1.841088707,1.986530803,1.983302254,1.984306409,0.891752754,0.903214211,0.826159017,0.830792322,0.941429455,0.884221104,1.168218142,1.240814852,1.218679185,1.28857799
PC 34:1,6.504247635,7.068117779,6.393408252,6.980355836,7.678931284,8.144717287,8.806701724,9.452389093,6.172164853,6.151430738,4.3507868,4.40084635,5.185776974,5.195137074,6.651226873,6.315338231,6.684552689,7.025344741,4.339999602,4.682024228
PC 34:0,0,0,0,0,0,0,0,0,0,0,0,0,0,0,0,0,0,0,0.557760418,0.603331444
PC 36:5,0.443015314,0.335950472,0.0854221,0.120434003,0.265623226,0.258161465,0.269864843,0.250290902,0.281262824,0.25754753,0.175030423,0.177513517,0.070067402,0.098422038,0.225701698,0.210337568,0.168554958,0.165532253,0.124712031,0.129316843
PC 36:4,1.390638242,0.937635907,0.358640744,0.535906888,1.201026481,1.333441602,1.092068814,0.942446056,1.01187943,0.944158394,0.586340603,0.591726307,0.387253432,0.548923138,1.021935881,0.954602324,0.783831921,0.757521136,0.551837906,0.561917116
PC 36:3,0.593536977,0.633052736,0.384169084,0.41957159,0.395421852,0.413697639,0.553433216,0.601413687,1.569289152,1.550492592,0.360027211,0.364708728,0.258644434,0.260733835,0.36050652,0.344752135,0.351557961,0.372659327,0.909605048,0.96577728
PC 36:2,3.46358241,3.786347982,3.113492522,3.396375083,1.392942676,1.449747834,3.840141784,4.194057099,3.678230711,3.667380482,1.856978108,1.882493007,2.213136962,2.21896364,1.210845248,1.148943278,2.462559036,2.593998585,2.21562504,2.368957818
PC 36:1,0.682603965,0.742534404,1.139566716,1.256774028,1.287859282,1.31096109,0.68782535,0.734517911,1.447847828,1.443477715,0.710702604,0.726079085,1.405660785,1.408028398,1.228541547,1.161622773,0.737051102,0.773874556,1.111645401,1.200892047
PC 38:6,0.422426297,0.410880929,0.173821738,0.195362212,0.174684625,0.187522614,0.262217618,0.272363057,0.338734283,0.319057713,0.16088533,0.160224821,0.069452269,0.076706983,0.20671246,0.197504133,0.095909495,0.100070529,0.108834141,0.113168268
PC 38:5,1.053452361,0.834321456,0.297483784,0.391625847,0.478991249,0.446158255,0.875477635,0.875445053,1.027774252,0.988751844,0.457786984,0.460171885,0.250731266,0.317928342,0.457943114,0.415980184,0.509369603,0.51194897,0.423065142,0.440637663
PC 38:4,0.430458577,0.403416367,0.271758175,0.31978904,0.462416139,0.483170881,0.439594966,0.45531972,0.903339298,0.878782336,0.314332967,0.319328704,0.258705657,0.29809335,0.456562381,0.432707726,0.314693716,0.324987372,0.471691074,0.504563675
PC 38:3,0.150307529,0.177809221,0.199842032,0.210459667,0.150903542,0.146987491,0.270071667,0.293767425,0.264968431,0.269367233,0.099721357,0.099563163,0.141554126,0.131065807,0.141043727,0.135900701,0.170035288,0.182992568,0.153190601,0.166142309
PC 38:2,0.210434056,0.228027798,0.164427375,0.179824829,0.265240724,0.261010972,0.406345134,0.441162684,0.250986276,0.246311935,0.115921115,0.1169554,0.133782435,0.133976002,0.240822076,0.231803798,0.269666532,0.276275828,0.153539621,0.163578911
PC 38:0,0,0,0,0,0,0,0,0,0,0,0,0,0,0,0,0,0,0,0.002951356,0.002862948
PC 40:8,0.141038149,0.08120156,0.012680694,0.01977356,0.173319674,0.017346293,0.046391235,0.034950846,0.095066958,0.085921551,0.026745234,0.02918576,0,0.004877982,0.02896339,0.02713396,0.001935859,0,0.023790557,0.020559723
PC 40:7,0.361386657,0.357449772,0.164637323,0.185794722,0.108850841,0.117581952,0.200384327,0.20521824,0.266536606,0.250211551,0.169974051,0.169701863,0.094989015,0.101092301,0.100691766,0.09737498,0.114062691,0.116997374,0.086936327,0.090455193
PC 40:6,0.218167844,0.223662978,0.107230117,0.120986409,0.137381907,0.158067337,0.283163722,0.299006555,0.297900876,0.29512408,0.127439,0.129975521,0.096816421,0.098698556,0.15815408,0.145737801,0.155733714,0.163227954,0.105779384,0.113726863
PC 40:5,0.175710622,0.173484556,0.04699156,0.051702563,0.158587865,0.140688949,0.241645365,0.254472978,0.320832073,0.316804203,0.11049634,0.11144118,0.049552612,0.051043474,0.15593144,0.143139025,0.136570059,0.14019684,0.135946992,0.147774668
PC 40:4,0.052956882,0.056732264,0.022378025,0.025193259,0.063219237,0.062965899,0.078293597,0.08330022,0.131730541,0.133287327,0.038249641,0.039710484,0.017147522,0.018844507,0.072331863,0.06906347,0.054356712,0.054417041,0.06966463,0.07686044
PC 40:3,0.025495463,0.027630297,0.012701087,0.012826174,0.036242128,0.035852859,0.045809395,0.050867774,0,0,0.013743542,0.014722285,0.007352239,0.005219312,0.03614252,0.036708029,0.028532135,0.029502185,0,0.018902751
PC 40:2,0.027630801,0.030102962,0.012943984,0.014514064,0.054516683,0.053689537,0.053911872,0.055995291,0.035011016,0.034263689,0.014487836,0.014652006,0.009923325,0.007403897,0.05048302,0.048870508,0.035389966,0.036326585,0.020854569,0.02181867
PC 40:1,0.010914127,0.012569626,0.004345609,0.003819411,0,0,0,0,0.01881981,0.017989096,0,0.004573634,0.003999588,0.004217358,0,0,0,0,0,0.013029848
PC 40:0,0,0,0,0,0,0,0,0,0.006214813,0.006528548,0,0,0,0,0,0,0,0,0,0
PC 42:9,0.05080292,0.036866363,0.009600609,0.012594004,0.026007027,0.025579753,0.035291958,0.026567707,0.045746778,0.038679182,0.01911498,0.019079082,0.004753207,0.008335808,0.016757073,0.020766764,0.017231805,0.014265252,0.010145625,0.010305389
PC 42:8,0.035720616,0.026325183,0.00724221,0.007814725,0.021156794,0.017901979,0.030620855,0.026226616,0.044914854,0.041977587,0.012919604,0.013528538,0,0.001547191,0.015230256,0.013870899,0.014455086,0.014044204,0.013297586,0.012467515
PC 42:7,0.062375492,0.065157309,0.012049477,0.013409937,0.263767437,0.23708835,0.051804371,0.054889881,0.040872712,0.037515469,0.027052152,0.027130493,0.003789474,0.001758321,0.026548465,0.024935822,0.026782746,0.027103524,0.012491197,0.012863178
PC 42:6,0.058637021,0.062197006,0.007485885,0.007160005,0,0,0.047660625,0.050899155,0.055101034,0.053015479,0.032377053,0.030968363,0.002941743,0.002247494,0.02829231,0.029543463,0.023965765,0.026265889,0.01736481,0.017518854
PC 42:5,0.030358159,0.029280626,0,0.00184267,0.029818455,0.028181979,0.032300076,0.033528281,0.056587639,0.056160948,0.017180784,0.01747427,0,0,0.024203955,0.020159279,0.017553303,0.018283962,0.021509297,0.023113164
PC 42:4,0.021536879,0.022043192,0,0,0.010235888,0.013029685,0.021902621,0.024051868,0.03705334,0.037798318,0.010153434,0.010486135,0,0,0.014801428,0.013586656,0.010069249,0.011121172,0.015243855,0.015969493
PC 42:3,0,0,0,0,0.010862686,0.01090107,0.010545036,0.011456034,0.012353073,0.01226668,0,0,0,0,0.012576249,0.011840435,0.004426617,0.002907793,0.005626417,0.006272701
PC 42:2,0.025203995,0.024806132,0.004772108,0.003682847,0.039970729,0.033669634,0.038653884,0.040527427,0.036544023,0.035553579,0.010502891,0.011370909,0.002092476,0.001488284,0.032640948,0.032304843,0.025940593,0.025956563,0.019353546,0.019519475
PC 42:1,0.017019944,0.018635718,0.010287065,0.011126406,0.018640821,0.020367033,0,0,0.029017873,0.028639166,0.008423066,0.00862118,0.013385993,0.013327039,0.018283675,0.017171495,0,0,0.014602516,0.015704015
PC 42:0,0.001436761,0.002345581,0,0,0.001723025,0.001619511,0,0,0.005846816,0.00486784,0,0,0,0,0.002774789,0.003093873,0,0,0,0
PC 44:10,0.019056151,0.01568673,0,0,0.009657618,0.017690916,0.011414223,0.003831813,0.010272108,0.008726672,0.003248999,0.003355986,0,0,0.001769342,0.002773733,0,0,0,0
PC 44:9,0.032700768,0.040232969,0.001558156,0.002582047,0.086639742,0.112771081,0.060581955,0.056083026,0.049049842,0.048031809,0.079510657,0.087748477,0.063099837,0.084349165,0.058490282,0.058155432,0.147949874,0.161916959,0.050296909,0.05022599
PC 44:7,0.028243573,0.02969978,0,0,0.001028454,0.005428871,0.011005944,0.011167857,0.011772827,0.011165337,0.009601182,0.011298227,0,0,0.004489199,0.004693552,0.001420408,0.001419835,0,0
PC 44:6,0.007564419,0.008233031,0,0,0.001693356,0.002031727,0.003661867,0.004365799,0.005316966,0.005355217,0.001642602,0.002321948,0,0,0.003241674,0.00168415,0,0,0,0
PC 44:5,0,0.008251755,0,0,0,0,0.007338497,0.008581477,0.013899722,0.014438142,0.001388994,0.001015704,0,0,0.008415358,0.003782418,0.002094723,0.00137461,0.004782014,0.00489938
PC 44:4,0.066918008,0.011077608,0,0,0.079009808,0.008238417,0.00307579,0.003932627,0.015424187,0.015224114,0.003275308,0.001665773,0,0,0.008606496,0.007953346,0,0,0.003416134,0.004327607
PC 44:3,0,0.007654289,0,0,0,0.007793565,0.006485041,0.008015153,0.017004883,0.016459088,0,0,0,0,0.012019286,0.01084701,0.001495423,0.00125648,0.007290409,0.007736189
PC 44:2,0.019379683,0.019341416,0.001955331,0.002805931,0.027725701,0.024408083,0.019719503,0.01988304,0.026150801,0.025926601,0.006473347,0.005862836,0,0,0.022215492,0.021412791,0.009547136,0.011731919,0.010324676,0.010977089
PC 44:1,0.01022626,0.011484089,0.007552282,0.005585976,0.016449461,0.016920422,0,0,0.016496912,0.016135199,0.002501377,0.003529027,0.006553638,0.004913897,0.016831743,0.015441531,0,0,0.006017612,0.005820446
SM 32:2;2,0.034383306,0.008472192,0.001865204,0.001750455,0.144032348,0.022525214,0.012830848,0.006141456,0.010726329,0.009112123,0.002333654,0.004176062,0,0,0.003661691,0.013682549,0.005709188,0.003755662,0.007466302,0.007592507
SM 32:1;2,0.088531609,0.099527165,0.039302348,0.041065886,0.105150692,0.122716886,0.087397486,0.088610005,0.078506577,0.078430377,0.104591106,0.106492197,0.058477026,0.054192583,0.084579147,0.081939812,0.092044977,0.095038632,0.108375898,0.109142509
SM 32:0;2,0.01259039,0.017674107,0,0,0,0.001328735,0,0,0.002476153,0.002436945,0.015036203,0.017106919,0,0,0.005090112,0.003575276,0,0,0.001779831,0.002107051
SM 34:2;2,0.184218552,0.146345771,0.039022866,0.04301739,0.138505765,0.12182963,0.13963396,0.125589592,0.100262994,0.099517324,0.141678928,0.141828193,0.08924445,0.091854408,0.067494032,0.072736573,0.110973696,0.114220058,0.176334447,0.182058892
SM 34:1;2,1.872048869,2.022016282,1.552091283,1.66322521,1.540378735,1.94268684,1.657011536,1.673253303,1.79152394,1.766940252,2.098624708,2.091774645,2.077563459,2.021258457,1.170863912,1.201085559,1.858437923,1.960550614,2.331385115,2.395872507
SM 34:0;2,0.369253444,0.414318322,0.050909468,0.05164275,0.083180615,0.067088018,0.080020036,0.093620609,0.099337145,0.096290384,0.401969666,0.398061076,0.067559564,0.063103854,0.091964255,0.08648029,0.068065275,0.068649471,0.104639528,0.107075478
SM 36:2;2,0.214117879,0.198499805,0.111609421,0.110767605,0.186678972,0.189045746,0.208901972,0.143221835,0.104925658,0.096481327,0.120113819,0.122984649,0.174271297,0.179275644,0.074888059,0.076218515,0.076579976,0.072680315,0.145535766,0.151130648
SM 36:1;2,0.280452231,0.326330825,0.502571516,0.540586186,0.273162212,0.393651418,0.12096764,0.085794913,0.220168603,0.222618275,0.381376673,0.367498118,0.668347196,0.654807506,0.208786268,0.202679414,0.122941407,0.131585752,0.305448124,0.322113962
SM 36:0;2,0.030070148,0.032735036,0,0,0,0,0,0,0,0,0.054917198,0.053731315,0,0,0,0,0,0,0.00120519,0
SM 38:2;2,0.015190955,0.021823217,0.003721903,0.001312451,0.003688014,0.013363919,0.003685286,0,0.023204346,0.024765614,0.024545131,0.018672111,0.005685911,0.0053947,0.003808389,0.006001022,0,0,0.039993857,0.040207437
SM 40:2;2,0.189006402,0.195721043,0.026287521,0.025716918,0.096603174,0.119202577,0.090145382,0.084245343,0.069794059,0.068877026,0.169327246,0.172887725,0.042374861,0.046975078,0.079539181,0.078882273,0.077716553,0.085900523,0.153115145,0.169787632
SM 40:1;2,0.410934817,0.454145284,0.272603915,0.292251677,0.212777628,0.316500614,0.158512415,0.132355647,0.195130221,0.188711673,0.480642417,0.475867225,0.367221584,0.368003074,0.168149142,0.163188113,0.156500741,0.165134203,0.282737423,0.296514594
SM 40:0;2,0.006172115,0.02088721,0,0,0,0,0,0,0,0,0.010507921,0.015711706,0,0,0,0,0,0,0,0
SM 42:2;2,1.697376996,1.82816389,0.494429475,0.520621675,0.892604632,0.96059681,2.320200612,2.448582739,0.571833281,0.562167718,1.590151203,1.604765965,0.647854347,0.638884185,0.773970051,0.712020404,2.111238505,2.184399225,0.791238085,0.826048565
SM 42:1;2,0.776442002,0.848802001,0.880209929,0.933799014,0.505094485,0.779761882,0.656052118,0.592452228,0.404476088,0.403694052,0.846754708,0.851015693,1.167381988,1.151813856,0.364962463,0.355680415,0.561478781,0.613203807,0.472917875,0.501428213
SM 44:2;2,0.066110385,0.065995397,0.012958804,0.006945541,0.085030283,0.083295725,0.079201166,0.08108767,0.030857718,0.032070191,0.063560676,0.064844387,0.012895805,0.00914016,0.078698394,0.070237657,0.064941883,0.073309677,0.042648725,0.041595828
SM 44:1;2,0,0,0.01748898,0.015245372,0,0.008278072,0,0,0.003302603,0.007870329,0.006052133,0.009561681,0.030647527,0.02308299,0.018554363,0.019723246,0,0,0.011975447,0.012946549
TAG 52:4,0.034686679,0.02916019,0.080333894,0.086166728,0.036502985,0.039265594,0.021255453,0.021762622,0.076399566,0.077047307,0.073795102,0.070108129,0.143483665,0.125035606,0.054658796,0.052824123,0.045722582,0.045366072,0.222003411,0.231939128
TAG 52:1,0,0,0,0,0.114383197,0.073270501,0,0,0.121784894,0,0,0,0,0,0,0,0,0,0,0
TAG 56:5,0.036683825,0.03709934,0.203931537,0.217723838,0.025569053,0.018182984,0.015927715,0.019811147,0.156951619,0.155083057,0.093093025,0.088919273,0.308791884,0.264845714,0.06344044,0.060459608,0.039566846,0.036337057,0.371282323,0.385564504
TAG 56:4,0,0,0.239844395,0,0,0,0,0.022511077,0.094086221,0.098782828,0.051747113,0,0.326017389,0,0,0,0,0,0.182827585,0.187682984
TAG 60:8,0.013614949,0.017848684,0.037123919,0.037774898,0,0,0,0,0.066240316,0.069846917,0.042906064,0.040741013,0.053214295,0.04486032,0,0,0,0,0.131425428,0.137872821
TAG 54:5,0.049299419,0.037389585,0.101869136,0.107494205,0.024466579,0.012023957,0.015606164,0.023583006,0.11490761,0.117115411,0.109324668,0.101857077,0.188848551,0.168076306,0.084677311,0.082524669,0.052636353,0.052392186,0.336971194,0.351792936
TAG 56:7,0,0,0.140797816,0,0,0,0,0,0.09971011,0.098149937,0,0,0,0,0,0,0,0,0.279984812,0
TAG 50:1,0.083841893,0.079405912,0.87473314,0.946293727,0.143705581,0.136110038,0.038960895,0.041002788,0.105735596,0.109748567,0.099503087,0.101746741,0.751863431,0.708237987,0.205468417,0.202622305,0.091101251,0.094909409,0.180187299,0.184606933
TAG 56:3,0.036137979,0.032666178,0.246733136,0.268371204,0.049073183,0.022190374,0,0.02986233,0.068131917,0,0,0,0.321603914,0.287722612,0.039153236,0.038193925,0,0,0,0
TAG 58:7,0.034746081,0.038892595,0,0,0.013601128,0,0,0.017432021,0.138252095,0.138577526,0,0,0,0,0,0,0,0,0.298779428,0.310762996
TAG 54:4,0.073122778,0.054411848,0.274443988,0.292882286,0.038515134,0.036776481,0.034158443,0.039373176,0.165292828,0.1668571,0.135937701,0.132030444,0.42626302,0.370414573,0.07066266,0.071647244,0.064032856,0.064510967,0.435754871,0.448704953
TAG 56:2,0.023256805,0.021114149,0.152556309,0.166387195,0.111443018,0.038789269,0.017835978,0.022047205,0.047399924,0.047556275,0.02878749,0.027425306,0.192789328,0.179856896,0.037522512,0.036714489,0.019873949,0.020414558,0.056413847,0.061325819
TAG 52:2,0.206217271,0.196527432,1.561425242,1.681639999,0.150370772,0.134745629,0.101480579,0.114728733,0.231410569,0.230192707,0.37634655,0.373532534,2.18818249,1.999566678,0.309080511,0.300262171,0.263049169,0.277038535,0.513913991,0.531371977
TAG 56:6,0.044183807,0.047721632,0.155609674,0.166092009,0.03074355,0.026806607,0.020504008,0.025048251,0.165608849,0.16464371,0.126849302,0.119804086,0.257097211,0.230102857,0.08042436,0.079482297,0.048152694,0.054369055,0.418500321,0.441356315
TAG 54:3,0.193691502,0.163713172,1.503784405,1.607330169,0.062314134,0.052933418,0.086087068,0.098802584,0.220887594,0.221473742,0.334973481,0.331568305,2.037560488,1.818613132,0.117718288,0.113690691,0.156029761,0.166282086,0.484281236,0.49944214
TAG 58:6,0.022274658,0.026085108,0.089499193,0.096022058,0.010195057,0.012389306,0.012663799,0.014241634,0.140243713,0.135745807,0.060290778,0.056236959,0.131285186,0.11880976,0.036444879,0.033365208,0.019340327,0.020825071,0.272932107,0.284451151
TAG 48:0,0.027610542,0.019224372,0.183324859,0.202292065,0.072646771,0.111137248,0.020919116,0.013025277,0.0360536,0.036900136,0.026365057,0.030561965,0.124422406,0.118436759,0.047492942,0.047095362,0.020050412,0.022327786,0.02883067,0.028170194
TAG 54:2,0.078585433,0.08285093,0.884683881,0.955385591,0.114304615,0.065747336,0.028238987,0.033569483,0.155165857,0.160762626,0.127134077,0.121924721,1.177667348,1.083615015,0.108258039,0.105280597,0,0.046785227,0.289309367,0.291750084
TAG 52:5,0,0,0,0,0,0,0,0,0,0,0,0,0,0,0,0,0,0,0,0.110599467
PE O-30:1,0,0,0,0.004524116,0.003539313,0,0,0,0,0,0,0,0,0,0,0,0,0,0,0
PE O-30:0,0,0,0.003370712,0.002253116,0,0,0,0,0,0,0,0,0,0,0,0,0,0,0,0
PE O-32:2,0.003303776,0.011343367,0.07448732,0.078005894,0.00473385,0.0940083,0.053230689,0.046048327,0.011318945,0.011014951,0.005810093,0.005812741,0.083260534,0.075931661,0.062630797,0.058655905,0.029587658,0.0326611,0.010267444,0.014033639
PE O-34:3,0.045279211,0.056476332,0.078192785,0.083322674,0.077956238,0.103340126,0.076657657,0.073641048,0.067846596,0.069646534,0.038560508,0.040338889,0.075517978,0.064343345,0.078286091,0.073706299,0.054422033,0.053805259,0.047116867,0.047644334
PE O-34:2,0.270822776,0.304447294,0.972930722,1.051948828,0.406647607,0.762734849,0.595267849,0.617003025,0.355547661,0.352623461,0.286166354,0.271733718,1.125388854,1.005725535,0.675394218,0.646294801,0.520878055,0.537109066,0.341662704,0.348463066
PE O-34:1,0.046527031,0.03624636,0.268511853,0.273996772,0.142129024,0.172127817,0.224419859,0.225073587,0.116446682,0.112301597,0.035701473,0.036112227,0.226943807,0.19798294,0.126416015,0.122141356,0.223043388,0.215068234,0.263006639,0.271413516
PE O-36:6,0.453639809,0,0.21771074,0.243620052,1.171153485,1.630637342,0.878133577,0.664877982,0.553392236,0.518358981,0,0.848580296,0.896219092,0.966486676,0.987136676,1.340494021,1.649741371,1.469258349,0,0.333227596
PE O-36:5,0.497298078,0.488189998,1.226524099,1.347062223,1.809711736,1.811242649,0.816272938,0.819666782,1.142165852,1.122068886,0.430069367,0.414691492,1.034604762,1.006052426,1.695915118,1.603799426,0.58119111,0.605095042,0.607108689,0.621516718
PE O-36:4,0.106506724,0.106363774,0.163354126,0.18214509,0.138340398,0.164382778,0.10248812,0.090545363,0.071169117,0.06636191,0.088606471,0.086387391,0.184816151,0.171043293,0.106837433,0.098024973,0.10706238,0.106104071,0.069355677,0.070483461
PE O-36:3,0.382280343,0.404242263,0.63623032,0.671421267,0.582912645,0.577277399,0.721207897,0.742684418,0.433604585,0.427563462,0.328898776,0.320931757,0.672382313,0.596327325,0.532282551,0.49042885,0.586773252,0.615454106,0.294369271,0.300112962
PE O-36:2,0.342116103,0.35644619,0.748396,0.7704266,0.201977051,0.369575489,0.615171478,0.611498753,0.315089485,0.312385496,0.338163606,0.334924942,0.767632646,0.700369032,0.340952845,0.327411987,0.541702631,0.553397266,0.274358599,0.282712265
PE O-36:1,0,0,0.178273892,0.071822168,0,0,0,0,0,0,0,0,0.10015949,0.136966514,0,0,0,0.031865184,0,0
PE O-38:6,0.680145303,0.671269529,0.855698224,0.941365524,2.143975706,1.986810938,0.964541768,1.013074947,1.321617804,1.29929077,0.591292351,0.552618018,0.713076294,0.632829593,1.911637143,1.835568725,0.675709899,0.703365368,0.632917405,0.681430872
PE O-38:5,0.7611905,0.753821999,1.006479503,1.087500419,1.550342142,1.449841335,0.953399366,0.973946713,1.998467052,1.944456385,0.787612838,0.76830826,0.926751212,0.878728968,1.516764732,1.480900908,0.770945273,0.817891173,1.150016378,1.201707066
PE O-38:4,0.163970379,0.156514965,0.220120285,0.239932022,0.174703355,0.172436464,0.237748619,0.244327742,0.045559194,0.030453405,0.141227726,0.13415068,0.232525035,0.214487604,0.15654577,0.14725581,0.236346643,0.232410961,0.038779087,0.058760732
PE O-38:3,0,0.058450961,0.145054005,0.151159268,0.084550421,0.10311063,0.213937332,0.204360156,0.074756472,0.061777894,0.048965678,0,0.10826262,0.103012644,0.094067108,0.092172995,0.169976494,0.164307974,0,0
PE O-40:8,0.266842299,0.209304428,0.318278116,0.376580398,0.681094,0.66453148,0.430880351,0.443467764,0.490847382,0.428577933,0.24256118,0.234770674,0.299986845,0.335275282,0.600436266,0.568694821,0.347762073,0.327656506,0.24491116,0.252798905
PE O-40:7,0.285589308,0.311251095,0.870239933,0.912388824,0.621717778,0.612709021,0.486069896,0.502967564,0.527689311,0.541543759,0.288713729,0.283743306,0.762658756,0.697194174,0.629670282,0.580219849,0.385991964,0.376606556,0.270037261,0.286357543
PE O-40:6,0.238981373,0.229735757,0.319947157,0.329410078,0.608251933,0.524379311,0.430565319,0.433704444,0.704792213,0.684353528,0.214745634,0.205454824,0.294773067,0.255974739,0.577098191,0.559304766,0.306155544,0.310976564,0.385972465,0.405219797
PE O-40:5,0.225973998,0.217403991,0.288456198,0.305794431,0.334661163,0.293397748,0.506850032,0.490295364,0.592264532,0.579307383,0.224978607,0.212100515,0.213061022,0.202032884,0.356537809,0.360474033,0.392793711,0.39033098,0.378072576,0.401999714
PE O-42:9,0.006146233,0,0,0,0.041679455,0.037722809,0.018575224,0.024506292,0.049667661,0.042536705,0.015253259,0.018077643,0,0.016078229,0.057826925,0.052690713,0.018020413,0.019245151,0.024887799,0.024461707
PE O-42:8,0.024602349,0.021089695,0,0,0.05948935,0.056074368,0.03313919,0.031697426,0.03979743,0.035004963,0.018669933,0.018268389,0.005928898,0.007252124,0.048404812,0.048721954,0.030023171,0.022674583,0.016008982,0.014922178
PE O-44:6,0,0,0,0,0.019115208,0.009306153,0,0.019520729,0,0,0,0,0,0,0.027406199,0.028958736,0,0,0,0
PE 28:0,0,0.026573211,0,0.007878086,0,0.035098615,0,0,0,0,0,0,0,0,0.003201117,0.087313779,0,0,0,0
PE 30:1,0,0,0,0,0,0,0.005153035,0.006923249,0,0,0,0,0,0,0.003343417,0.001635197,0.00265609,0.003920083,0,0
PE 30:0,0,0,0,0.001171164,0,0,0,0,0,0,0,0,0,0,0,0,0,0,0,0
PE 32:1,0.10182511,0.111322717,0.081270354,0.085168925,0.105361884,0.188686305,0.09490702,0.096253848,0.031523077,0.032735603,0.072689314,0.068944454,0.072604511,0.065368534,0.11769733,0.113173873,0.066287503,0.072687357,0.016178438,0.015791225
PE 32:0,0.077145142,0.076725342,0.074650555,0.075373571,0.345789289,0.40534873,0.10013136,0.092138598,0.055230485,0.053055552,0.053458929,0.053338926,0.031317418,0.024765593,0.199273054,0.201795726,0.070333232,0.074359381,0.03317919,0.032000388
PE 34:3,0.064008894,0.061377009,0.01122527,0.013209319,0.041369914,0.063265352,0.03045358,0.029713833,0.023326847,0.022593973,0.035772611,0.034897914,0.003696861,0.002697565,0.030127807,0.029340954,0.009690375,0.014157697,0.007267015,0.006830288
PE 34:2,0.43533146,0.437270072,0.336152362,0.359685336,0.201715236,0.260416762,0.284991221,0.280341607,0.203869335,0.202095771,0.244146762,0.237031177,0.256777573,0.233931778,0.156331129,0.148069128,0.173975442,0.183556199,0.099481847,0.099215699
PE 34:1,1.453708902,1.44259391,0.956800385,1.024404235,1.37585839,1.667322826,0.886519569,0.846258354,0.773732496,0.756772306,1.06921523,1.052549768,0.836445683,0.766878174,1.113610001,1.083461493,0.597545555,0.615812446,0.413367204,0.431168432
PE 34:0,0,0,0,0,0,0,0,0,0,0,0,0,0,0,0,0,0,0,0.416374525,0
PE 36:5,0.218814431,0.183201207,0.047757028,0.067704647,0.128798355,0.134405746,0.084087374,0.082003222,0.063580966,0.060155886,0.109702515,0.104959852,0.05852753,0.071450217,0.090376214,0.081883022,0.061096823,0.053002308,0.026036839,0.029973473
PE 36:4,0.553834365,0.453609389,0.151785313,0.185401654,0.500755599,0.580723448,0.21102946,0.185382382,0.254748247,0.246382099,0.362422333,0.361099995,0.184511477,0.207765588,0.372705273,0.357652827,0.159161764,0.153431825,0.107787489,0.113867903
PE 36:3,0.548066829,0.506465031,0.260479776,0.291350958,0.296576476,0.348003686,0.210400251,0.194435038,0.577182437,0.57465355,0.340303205,0.32383048,0.208302483,0.190457421,0.228451679,0.222916189,0.141188327,0.141845007,0.249242207,0.258665152
PE 36:2,3.570174323,3.67052868,2.660801528,2.80404828,1.352312957,1.46609372,1.826364498,1.846237295,2.600119278,2.53580562,2.371958169,2.328795714,2.17289183,2.033381336,1.061723183,1.028367029,1.252264352,1.261880347,1.189897772,1.282396233
PE 36:1,4.248269094,4.156358153,4.445893885,4.66973616,3.912451224,4.61778333,3.472950478,3.382527924,4.498789516,4.387765957,2.989762137,2.914433877,2.96235808,2.674791216,3.072938692,3.002693575,2.567118214,2.627191357,2.685611307,2.835589163
PE 38:6,0.570596347,0.558870114,0.168225464,0.183099876,0.249299013,0.237053283,0.112787785,0.110669898,0.203611272,0.191833932,0.290592729,0.277960685,0.115928809,0.111351455,0.188067103,0.178176769,0.06325704,0.069729381,0.069032145,0.075132069
PE 38:5,2.21267525,2.015507455,0.650025056,0.764807141,1.0236556,0.994079193,0.806564559,0.740986575,1.044353954,0.989026344,1.26307474,1.234715066,0.581710921,0.658379537,0.681607111,0.490501773,0.572990693,0.471751826,0.366691924,0.38536224
PE 38:4,2.306049855,2.026932462,1.080308581,1.248244943,2.175199957,2.219331552,0.866094212,0.780923667,2.28406729,2.21829959,1.427670794,1.404159076,0.750586139,0.801285164,1.516708938,1.460112684,0.591999408,0.588196108,0.863320847,0.899283384
PE 38:3,0.437479168,0.395758111,0.332623037,0.35447035,0.190023753,0.240549857,0.255504512,0.245874532,0.660987242,0.631017599,0.270156023,0.262016938,0.210606073,0.184424765,0.190130871,0.186776902,0.147585293,0.145358867,0.340692359,0.367067228
PE 38:2,1.300880315,1.240319554,0.751554977,0.778331929,0.471951745,0.541033765,0.929905983,0.890800054,1.306441395,1.241885852,0.614059565,0.596292392,0.445113683,0.408466138,0.380253207,0.371057757,0.564591719,0.586095388,0.686280356,0.715148265
PE 38:1,0,0,2.177516639,2.205024636,0,0,0,0,2.987760333,2.849758357,1.607039616,0,1.480037822,1.322274901,0,0,0,0,1.885318426,2.026684224
PE 40:7,0.783529646,0.633641746,0.304048575,0.348796364,0.519806479,0.563079652,0.184270322,0.188740994,0.514142056,0.465498793,0.442305587,0.435322998,0.203781082,0.233122062,0.356269849,0.336486215,0.146306237,0.139231299,0.167608767,0.167315864
PE 40:6,0.592559568,0.572387509,0.43167859,0.448130268,0.506168825,0.528531565,0.158318946,0.152666379,0.636435001,0.619560254,0.39674354,0.377056424,0.219113355,0.198433378,0.352043899,0.343798323,0.101050573,0.099514063,0.201190421,0.207572064
PE 40:5,0.97092,0.736940768,0.161026356,0.205336486,0.600778332,0.47422074,0.361633779,0.344866126,1.144069365,1.088859346,0.458498388,0.446767504,0.119713408,0.150486046,0.469291658,0.438566419,0.213540785,0.1999541,0.392740102,0.417297994
PE 40:4,0.797654068,0.607269474,0.234970501,0.295819466,0.603787024,0.680029759,0.346976422,0.290860692,1.091706838,1.028378366,0.44605063,0.435994808,0.180104627,0.220643083,0.538075935,0.514794091,0.239051722,0.224832137,0.491481105,0.517079898
PE 40:3,0.381407846,0.339701704,0.008259402,0.004157116,0,0,0.331333057,0.299153586,0,0,0.184731926,0,0.144895093,0.126342827,0,0,0.172956018,0.179347586,0,0
PE 40:2,0.701877594,0.663443666,0.47168887,0.487060098,0.457970739,0.520441134,0.806577679,0.760834259,0.824989685,0.784444258,0.32287578,0.308488277,0.248063033,0.21869212,0.376715159,0.374629303,0.471056879,0.491334004,0.435986177,0.458765715
PE 40:1,0.199072229,0.182053395,0.193232164,0.197767235,0,0,0,0,0.268272567,0.251356891,0.13265808,0.131697717,0.137574035,0.12531751,0,0,0.107890134,0.113575652,0.173596156,0.192142312
PE 42:8,0.152885356,0.093502108,0,0.001988846,0.11986652,0.117308541,0.011577143,0.01732708,0.149718471,0.126831445,0.075932938,0.080300227,0,0.010210189,0.085132113,0.087415375,0.013275901,0.012708423,0.047208204,0.043957639
PE 42:7,0.22979779,0.17360168,0.031470659,0.032031984,0.094902042,0.090809054,0.009953231,0.004692559,0.168560619,0.148624968,0.066159357,0.069309022,0.002898025,0,0.082896632,0.084424959,0,0,0.047284757,0.038799062
PE 42:6,0.219769068,0.193368034,0.071919615,0.072630117,0.047844517,0.051816553,0.083201823,0.079650797,0.165917739,0.161140781,0.159414355,0.143309832,0.122309879,0.100796372,0.086790414,0.069674721,0.157459346,0.144023734,0.046788919,0.046903682
PE 42:5,0.297187536,0.223393144,0.023538598,0.074995695,0.195279822,0.19301712,0.214884833,0.180754973,0.352557652,0.331090216,0.127522243,0.123723572,0.029947417,0.035351744,0.14725572,0.137587515,0.087460204,0.078312047,0.123880323,0.138891408
PE 42:4,0.031663053,0.030963392,0.012154314,0.01074544,0,0,0,0.003852335,0.058797738,0.055369269,0,0,0,0,0.013060213,0.015245219,0,0,0.016949445,0.015896327
PE 42:2,0.040825333,0.042732638,0.013808984,0.015910974,0.033752735,0.036774313,0.045285843,0.047608819,0.06118573,0.059159614,0.012211583,0.011747634,0.00177648,0.001144864,0.034367179,0.01113454,0.016027891,0.017083978,0.030401183,0.034082552
PE 42:1,0.002338954,0.016042061,0.049810228,0.048222035,0,0,0,0,0.09601393,0.091815567,0.002808441,0.005885021,0.014565432,0.005954263,0.003424232,0.005294598,0,0,0.055297658,0.05831707
PE 44:10,0.011305648,0.006277896,0,0,0.005485687,0.015800938,0,0,0,0,0.001976266,0.001460244,0,0,0,0,0,0,0,0
PE 44:9,0.018627204,0.006291973,0,0,0.009915642,0,0,0,0,0.001150788,0,0,0,0,0,0.001253912,0,0,0,0
PE 44:8,0.023940473,0.010673431,0,0,0.004621998,0.002297174,0,0,0.010407588,0.008293003,0.002210651,0.002987241,0,0,0.002621092,0,0,0,0,0
PE 44:7,0.023203719,0.021529912,0,0.001544091,0,0,0.003925087,0.003081089,0.016606936,0.017041527,0.003357513,0,0,0,0.002945992,0.001332725,0,0,0,0
PE 44:6,0.029256754,0.027651658,0,0,0.004736404,0.004218445,0.01743337,0.019757919,0.024407386,0.020001682,0.007591359,0.008495954,0,0,0.012090587,0.011018783,0,0.002996911,0.002430451,0.002135626
PE 44:5,0.057997169,0.055918304,0,0,0.07576808,0.02849146,0.056498968,0.041673018,0.088756034,0.084822893,0.026385197,0.014052739,0,0,0.032001522,0.028889997,0.005711243,0.007615163,0.019263188,0.027990826
PE 44:4,0.022267974,0.038808398,0.003983138,0.004160193,0,0,0.006093433,0.007969432,0.051341242,0.048583812,0.001613117,0.004786046,0,0,0.005860808,0.004489228,0,0,0.019913133,0.018940746
PE 44:3,0.001573394,0.004826925,0,0,0.002065888,0,0,0,0.00496595,0.004144626,0,0,0,0,0.001170071,0,0,0,0,0.001486169
PE 44:2,0.002946352,0.005775366,0,0,0.013947128,0.002994111,0.004193384,0.007343395,0.034794479,0.032186439,0,0,0,0,0.012271207,0.01017367,0,0,0.007570312,0.003821663
PE 44:1,0.001532355,0,0,0,0,0.001951126,0,0,0.010920461,0.0105627,0,0,0,0,0,0,0,0,0.001566478,0.003058896
LPA,0,0,0,0,0,0,0,0,0,0,0,0,0,0,0,0,0.001367616,0,0.001059625,0
LPI O-,0,0,0,0.001227714,0,0,0,0.001144167,0,0,0,0,0.004034095,0.005548678,0.001518345,0.001917192,0.007885903,0.010902747,0.003877286,0
LPI,1.136814168,1.225153504,1.557010413,1.690780594,0.63394721,0.63030553,0.61722551,0.579279254,0.354634461,0.356760216,0.518971343,0.516188588,0.186146184,0.173691248,0.332535323,0.35718268,0.67829297,0.725504605,0.13749268,0.139724368
LPS O-,0,0,0,0,0,0,0,0,0,0,0,0,0,0.001985549,0,0,0,0,0,0
LPS,0.064925175,0.070331007,0.085359153,0.094667301,0.045007835,0.045320587,0.038233093,0.039587682,0.026173566,0.026210188,0.084632848,0.08334552,0.036817523,0.055204347,0.037912607,0.023847754,0,0,0.013927881,0.015514795
PA,0.04746773,0.050274867,0.057843449,0.062096135,0.107732003,0.107320331,0.295258633,0.275918058,0.09133203,0.10615642,0.025970958,0.029679314,0.057346181,0.057990989,0.024330432,0.023369205,0.195254707,0.195337447,0.027953918,0.030894536
PA O-,0,0,0,0.001133849,0,0,0.021114478,0.020068679,0,0,0,0,0,0,0,0.001636213,0.012850511,0.013109737,0,0
PI O-,0.010194977,0.009625469,0.069694847,0.058310889,0.116206438,0.121639674,0.152476903,0.121349801,0.016507908,0.017488754,0.009523818,0.012166034,0.096102631,0.104325013,0.15525969,0.181518727,0.222762652,0.198775953,0.014619513,0.007901631
PI,8.2583959,7.688037162,6.256464496,5.242414601,9.525519417,9.702954772,12.22759555,9.422223897,9.316866545,9.995660003,17.641029,19.88359115,11.17433237,12.07330688,14.89004583,17.57207798,17.96626563,16.73321571,11.90794232,8.772642746
PS,1.340143218,1.336307378,1.591018009,1.397065689,1.861645282,1.905055016,1.798533099,1.626263506,1.5605667,1.760366783,2.752043777,3.074154337,3.051727363,3.190698233,2.810250394,3.06818348,2.832035347,2.863164362,2.319958364,1.964021071
diHexCer,0.069424433,0.071790658,0.063959569,0.077970616,0.029509028,0.032394595,0.136462282,0.145033096,0.051890138,0.050256683,0.058501059,0.056149975,0.066394793,0.044301414,0.052009428,0.055697494,0.164513404,0.113032888,0.041337068,0.037474627
triHexCer,0.746672867,0.972547339,0.217620599,0.196136789,0.510836083,1.182882067,0.626433303,0.116806742,0.605860068,0.612376307,1.819466739,1.850154009,0,0.008368169,0.329226686,0.354761263,0.004541517,0,0.084986489,0.117277093
LPC O-,0,0.001478019,0.017858836,0.034980273,0.057580129,0.008034505,0.02996587,0.022713126,0.02321667,0.018361832,0,0.001465823,0.015140839,0.010316938,0.006707652,0.009833738,0.18231017,0.187877745,0.003777029,0.002274903
LPC,0.294919891,0.322143397,0.284237888,0.36558315,0.693771808,0.774969229,0.495218942,0.529126466,0.416414052,0.403750902,0.391294979,0.351066645,0.959025227,1.011252697,0.548243457,0.529216038,1.038720618,0.939461266,0.345026349,0.365861549
LPE O-,0.0602318,0.079224915,0.383810244,0.373414394,0.359415188,0.337424374,0.060860846,0.05842475,0.100122678,0.094876602,0.017566267,0.025589379,0.11453982,0.129793664,0.098770292,0.105445396,0.070608418,0.084106662,0.019178066,0.017078183
LPE,1.074876252,1.255419158,1.067370448,1.158947796,4.970116738,4.870460634,1.966104195,2.183848956,2.356362895,2.34367223,2.424433607,2.394201829,3.538662202,3.519116917,3.073151472,3.084712867,3.615937546,3.743275823,1.677017245,1.883396653
LPG,0.007724214,0.00881468,0.015248898,0.0185051,0.008508248,0,0.003726455,0.002547598,0,0,0,0,0.002242789,0.006917312,0.001085869,0,0.025554117,0.027409762,0.003649246,0
PG,0.319000142,0.449691487,1.648465602,1.566254798,0.278653932,0.29662662,0.448304002,0.500212715,0.367504494,0.320092094,0.351346858,0.351672209,1.145902089,1.419352686,1.176541511,1.313034082,0.840751395,0.785837912,0.445007297,0.717325504
Chol,18.57278877,20.74511967,22.29665773,18.49254198,19.18673372,16.2834125,15.53672993,16.9515449,17.71358562,18.69773338,23.82378761,22.67985409,21.8338906,22.41959332,25.72270313,24.42439197,20.17390041,19.81947665,36.44468454,37.0343356
Cer,0.955842725,1.0753503,0.352577913,0.369010336,0.560549831,0.573267998,0.753625261,0.794163447,0.377064222,0.368252398,1.28111682,1.270578083,1.186967887,1.170888042,1.641265696,1.582209475,1.197952408,1.222667109,0.932173627,0.950933657
CE,5.519484704,4.947179848,2.30578389,2.232328767,0.447217379,0.544309044,0.169985917,0.154258456,1.154131261,1.140179929,4.728358993,4.722090474,2.145502517,2.113069727,0.368697891,0.355046466,0.500004974,0.46595164,1.358762095,1.426962032
DAG,1.68417971,1.104492718,4.273821247,4.576095548,4.620984315,1.729119948,1.505393792,1.499441867,1.161886847,1.116067729,0.71145456,0.712147077,1.485120537,1.51951069,0.946950782,0.908633222,1.041463332,1.07355085,0.487410627,0.491658098
HexCer,0.997094601,1.024189779,0.226247624,0.233603377,0.194284385,0.325258222,0.348157134,0.34358155,0.096006654,0.104874281,0.884356196,0.893809227,0.274733261,0.247384202,0.21665451,0.20791021,0.346928845,0.377669602,0.16514622,0.186089511
PC O-,1.021682939,1.065896003,5.057930523,5.645899859,1.749877225,2.087848306,10.21279308,11.24536365,2.050445767,2.028373182,0.939999524,0.944019177,4.478173028,4.4631094,1.835454833,1.705997035,8.271561734,8.681218674,1.98900523,2.218587171
PC,22.11906791,22.46855837,16.64433527,18.53813897,22.25068238,23.61253036,25.34904368,26.74012901,23.99270698,23.67763959,13.21783895,13.3912235,13.58847432,13.98003434,18.67759493,17.72802451,18.08069485,18.90967874,15.31004697,16.38113254
SM,6.246900099,6.701457546,4.005072633,4.24794813,4.266887554,5.141872086,5.614560459,5.554955341,3.706525715,3.65998361,6.51218339,6.516979667,5.409525014,5.307786495,3.195009459,3.144131118,5.306628904,5.568427939,4.976796759,5.165622372
TAG,0.957953621,0.884111126,6.730694523,6.831855969,0.997834756,0.780368744,0.413638205,0.536801334,2.204262876,2.028483651,1.687053495,1.596456553,8.629090604,7.518194216,1.255002392,1.22416269,0.8195562,0.90155801,4.503397889,4.487394402
PE O-,4.801215594,4.392597999,8.592255986,9.124679761,10.85868186,11.59564701,8.358557163,8.272908427,8.912040211,8.639628004,4.125997585,4.787005763,8.723949377,8.264094988,10.58224698,10.51592093,7.628127063,7.585283492,5.048849002,5.617266072
PE,23.69299857,22.0502076,16.1986602,17.36840762,15.66781725,17.31097785,12.82000222,12.26230353,23.34389164,22.43275523,15.99307162,13.85641157,11.79615876,11.18416384,12.02083041,11.52113827,8.773528761,8.773504675,11.73691667,11.96863088
