mol%, MBA 453 cells, MBA 453 cells, MDA 231 cells, MDA 231 cells, MDA 468 cells, MDA 468 cells, MBA 436 cells, MBA 436 cells, HCC70  cells, HCC70  cells,HCC38 CM,HCC38 CM, MBA 453 CM, MBA 453 CM, MDA 231 CM, MDA 231 CM, MDA 468 CM, MDA 468 CM, MBA 436 CM, MBA 436 CM, HCC70  CM, HCC70  CM
LPA 16:1,0.002349529,0.001978701,0,0,0,0,0,0,0.001467388,0.001351222,0,0,0,0,0,0,0,0,0,0,0,0
LPA 16:0,0.009939175,0.009038968,0.007850277,0.010931541,0.005609523,0.004299643,0.005664082,0.005723925,0.007147131,0.006035857,0,0,0,0,0,0,0,0,0,0,0,0
LPA 18:2,0,0,0,0,0,0,0,0,0,0,0,0,0,0,0,0,0,0,0,0,0,0
LPA 18:1,0,0,0,0,0,0,0,0,0,0,0,0,0,0,0,0,0,0,0,0,0,0
LPA 18:0,0.007332996,0.006922042,0.029556486,0.033385943,0.001893515,0,0.003301698,0.003230203,0.002078469,0.001825005,0.189277584,0.160989238,0.04428525,0,0,0,0.003670073,0.00443464,0.004482686,0.008648719,0.007329696,0.007715365
LPI O-14:0,0,0,0,0,0,0,0,0,0,0,0,0.001090944,0.001318321,0.003488624,0.083439907,0.010117376,0.001659289,0.002788676,0.047783794,0.03910598,0,0
LPI O-16:0,0.006339226,0.005898005,0,0,0.014366111,0.014570996,0,0,0,0,0,0,0,0,0,0,0.002303377,0,0,0,0,0
LPI O-18:1,0,0,0,0,0.006638089,0.003792997,0,0,0,0,0,0,0,0,0,0,0,0,0,0,0,0
LPI O-18:0,0.001001173,0,0,0.004855055,0,0.00178408,0,0.001111099,0,0,0,0,0,0,0,0,0,0,0,0,0,0
LPI 16:1,0.058082874,0.057028172,0,0,0.078880845,0.083526567,0.0074621,0.007722504,0.010836751,0.012152309,0,0,0,0,0,0,0.047264602,0.062021877,0,0,0,0
LPI 16:0,0.101143392,0.099029399,0,0.018007772,0.091344231,0.094327245,0.025941218,0.025425704,0.046240371,0.047806373,0,0,0,0,0,0,0.063151322,0.075333249,0,0,0.031188706,0.030765942
LPI 18:2,0,0,0,0,0,0,0.003548782,0.003829261,0.003089654,0.003146184,0,0,0,0,0,0,0,0,0,0,0,0
LPI 18:1,0.177710115,0.172805776,0.056008476,0.053363847,0.261161133,0.26641753,0.084827466,0.079699121,0.04669261,0.050070584,0.016715632,0,0,0,0,0,0.101973579,0.110018644,0,0,0.028460837,0.027141447
LPI 18:0,0.37855362,0.362966797,0.390212141,0.393768957,0.17491479,0.173861305,0.647773321,0.635788224,0.347334387,0.362175025,0.051025415,0.033300817,0,0,0.019643298,0.015983715,0.075313517,0.087007234,0.226363576,0.219658935,0.164184345,0.159378425
LPI 20:4,0.020207228,0.02028405,0.008246843,0.002797298,0.038196529,0.039241566,0.049040694,0.048019467,0.059526402,0.060891757,0,0,0,0,0,0,0,0,0,0,0.025695259,0.022328271
LPI 22:6,0,0,0,0,0,0,0.016034298,0.015225191,0.017566546,0.018045203,0,0,0,0,0,0,0,0,0,0,0,0
LPI 22:5,0,0,0,0.002583154,0,0,0.008523724,0.007170994,0.013248244,0.013627201,0,0,0,0,0,0,0,0,0,0,0,0
LPI 22:4,0,0,0,0,0,0,0.005970105,0.006142989,0,0,0,0,0,0,0,0,0,0,0,0,0,0
LPS O-18:2,0,0.012178407,0,0,0,0,0,0,0,0,0,0,0,0,0,0,0,0,0,0,0,0
LPS 18:1,0.03114114,0.031419574,0.041298675,0.04083619,0.055716591,0.057474974,0.019284268,0.018853364,0.012187015,0.012724953,0,0,0,0,0,0,0.053834354,0.060572696,0.004653452,0,0.020804975,0.020360049
LPS 18:0,0.06340028,0.061819904,0.078175984,0.078545277,0.049945263,0.050297575,0.052770544,0.051397787,0.02545925,0.025881557,0,0,0.505338823,0.477454739,0,0,0.053867212,0.061531356,0.025770012,0,0.056476171,0.054831717
LPS 20:4,0,0,0,0,0,0,0,0,0.002334857,0,0,0,0,0,0,0,0,0,0,0,0,0
PA 28:0,0,0,0,0,0,0,0,0,0,0,0,0,0,0,0,0,0,0,0,0,0,0
PA 30:1,0.001708098,0.001969377,0,0,0.016391661,0.017496576,0,0,0.002232534,0.002859038,0,0,0,0,0,0,0,0,0,0,0,0
PA 30:0,0.003392942,0.001624223,0,0,0.002827535,0,0.004437789,0.004507931,0.007892607,0.007901704,0,0,0,0,0,0,0.001510834,0.002110565,0,0,0,0
PA 32:2,0.002349456,0.001639063,0,0,0,0,0,0,0.003265725,0.003809127,0,0,0,0,0,0,0,0,0,0,0,0
PA 32:1,0.016752091,0.013886324,0.001288763,0,0.020844866,0.018737781,0.011332483,0.010957983,0.022528833,0.023609586,0,0,0,0,0,0,0.008577428,0.011704249,0,0.001028552,0,0
PA 32:0,0.008588286,0.006576351,0.076390639,0.075541159,0.003628099,0.001254347,0.020717982,0.019859196,0.012581653,0.01326165,0,0,0,0,0,0,0,0,0,0,0,0
PA 34:2,0.015329886,0.013212244,0,0,0.018146184,0.015684014,0.008621979,0.008216382,0.016605083,0.017334415,0,0,0,0,0,0,0.005253819,0.006266983,0,0,0,0
PA 34:1,0.02547909,0.021296733,0.025415958,0.018791421,0.032246218,0.027410151,0.034066698,0.032308856,0.034082384,0.034925603,0.011269052,0.007298834,0.007862808,0.007693854,0,0,0.022218414,0.024091019,0.013886044,0.013018212,0.004825961,0.004553498
PA 34:0,0,0,0.141073514,0.13577843,0,0,0.011359868,0.010496781,0,0,0,0,0,0,0,0,0,0,0,0,0,0
PA 36:4,0,0,0,0,0,0,0,0,0.008225829,0.008182728,0,0,0,0,0,0,0,0,0,0,0,0
PA 36:3,0,0,0,0,0,0,0.002970707,0.002320984,0.009381139,0.010516737,0,0,0,0,0,0,0,0,0,0,0,0
PA 36:2,0.015220672,0.01223365,0.001589014,0.001946083,0.028420494,0.021856732,0.020020284,0.019531063,0.016832467,0.016709883,0.004615334,0.00351805,0.001639657,0.00263841,0,0,0.020161498,0.02210846,0,0.00180533,0.004169216,0.00388475
PA 36:1,0.006232068,0.005287677,0.011562459,0.014712843,0.003578739,0.002324641,0.004008914,0.003962371,0.001772054,0.002013581,0.021240874,0.016445285,0,0,0,0,0,0,0.008380375,0.006836327,0.005319426,0.005174428
PA 38:6,0,0,0,0,0,0,0,0,0.002810352,0.002824775,0,0,0,0,0,0,0,0,0,0,0,0
PA 38:5,0,0,0,0,0,0,0,0,0.004795048,0.004964294,0,0,0,0,0,0,0,0,0,0,0,0
PA 38:4,0,0,0,0,0,0,0.001437025,0.001904665,0.006176837,0.006827516,0,0,0,0,0,0,0,0,0,0,0,0
PA 38:3,0,0,0,0,0,0,0,0,0.005934416,0.006097658,0,0,0,0,0,0,0,0,0,0,0.001786505,0.001871396
PA 38:2,0,0,0,0,0,0,0,0,0,0,0,0,0,0,0,0,0,0,0,0,0,0
PA 38:1,0,0,0,0,0,0,0,0,0,0,0,0,0,0,0,0,0,0,0,0,0,0
PA 40:8,0,0,0,0,0,0,0,0,0,0,0,0,0,0,0,0,0,0,0,0,0,0
PA 40:7,0,0,0,0,0,0,0,0,0,0,0,0,0,0,0,0,0,0,0,0,0,0
PA 40:4,0,0,0,0,0,0,0,0,0,0,0,0,0,0,0,0,0,0,0,0,0,0
PA 44:10,0,0,0,0,0,0,0.001049521,0,0,0,0,0,0,0,0,0,0,0,0,0,0,0
PA O-32:0,0,0,0,0,0,0,0,0,0,0,0,0,0,0,0,0,0,0,0,0,0,0
PA O-34:2,0,0,0,0,0,0,0,0,0,0,0,0,0,0,0,0,0,0,0,0,0,0
PA O-34:1,0,0,0,0,0,0,0,0,0,0,0,0,0,0,0,0,0,0,0,0,0,0
PA O-34:0,0,0,0,0,0,0,0,0,0,0,0,0,0,0,0,0,0,0,0,0,0,0
PI O-34:1,0.068149695,0.055562815,0,0,0.175140108,0.140501444,0.00171383,0.001639481,0,0,0,0,0,0,0,0,0.177759359,0.180927572,0,0,0,0
PI O-36:4,0.007310868,0.005902349,0,0,0.020340142,0.016254428,0.003489022,0.003572618,0,0,0,0,0,0,0,0,0.025241251,0.0259552,0,0,0,0
PI O-38:6,0.019415048,0.015278006,0,0,0.030214007,0.024282259,0.002529735,0.002607909,0.003220426,0.003081612,0,0,0,0,0,0,0.044297111,0.046668799,0,0,0.002784035,0.002565237
PI O-38:5,0.037911608,0.031510528,0,0,0.116100766,0.094819124,0.01097486,0.010828735,0.007803385,0.007581451,0,0,0,0,0,0,0.144828463,0.153780556,0,0,0.014062958,0.013963779
PI O-38:4,0,0,0,0,0,0,0.015424053,0,0,0,0,0,0,0,0,0,0,0,0,0,0,0
PI O-38:2,0,0,0,0,0.008111463,0.006480337,0,0,0,0,0,0,0,0,0,0,0,0,0,0,0,0
PI O-40:7,0,0,0,0,0,0,0,0,0.001625579,0,0,0,0,0,0,0,0,0,0,0,0,0
PI O-40:6,0.008542791,0,0,0,0,0,0.004583223,0.004328856,0.001857739,0.001968381,0,0,0,0,0,0,0,0.032938095,0,0,0.001235689,0
PI 28:0,0.001521478,0.001695241,0,0,0,0,0,0,0,0,0,0,0,0,0,0,0.001897162,0.00269031,0,0,0,0
PI 30:1,0.035877683,0.031767763,0,0,0.026263138,0.0240502,0,0,0,0,0,0,0,0,0,0,0.034657557,0.036763123,0,0,0,0
PI 30:0,0.042260692,0.036270934,0,0,0.022594803,0.019274884,0.002922749,0.003275613,0.00215466,0,0,0,0,0.00275864,0,0,0.038008915,0.040665692,0,0,0,0
PI 32:1,1.019894596,0.878583526,0.04439285,0.043524065,0.69010317,0.589538053,0.068994782,0.067644859,0.161409808,0.161920899,0,0,0.46028825,0.422753849,0,0,0.900922821,0.950748509,0.023304654,0.021098157,0.20093095,0.194322197
PI 32:0,0.165506409,0,0.02821224,0.026694139,0,0,0.018655187,0.017378817,0,0,0,0,0.221307118,0.197985578,0,0,0,0,0,0.007604488,0.056582025,0.054554547
PI 34:2,1.157166578,0.984480295,0.112717033,0.110724054,1.577736531,1.340564256,0.183060128,0.175929019,0.263788536,0.26744368,0.091894288,0.074657285,0.39864236,0.359411488,0,0,1.65870028,1.736006074,0.132590068,0.140463057,0.423926764,0.418925838
PI 34:1,2.967292228,2.706921321,0.412763186,0.413405125,2.039685406,1.62363521,0.569093892,0.556492977,0.520917247,0.510853477,0.299697649,0.279714867,1.68032212,1.517585966,0.317801616,0.121825479,2.344038363,2.467789648,0.48161453,0.499249436,0.776897312,0.748549115
PI 34:0,0,0,0.130217672,0.129393298,0,0,0,0,0,0,0,0,0,0,0.225326687,0,0,0,0,0,0,0
PI 36:5,0.045599911,0.041080229,0,0,0.052127922,0.047788221,0.0245661,0.024346535,0.049691843,0.049497678,0,0,0,0,0,0,0.049761143,0.052721027,0,0,0.081070451,0.079103568
PI 36:4,0.207693897,0.179500224,0.064750042,0.061782764,0.210373115,0.17396436,0.192705306,0.189640489,0.510016367,0.508515425,0.184148951,0.17479756,0.141737776,0,0,0,0.331598921,0.349142651,0.155672245,0.168542796,0.722231592,0.700707268
PI 36:3,0.200056884,0.161172663,0.110208169,0.108976055,0.283430591,0.231206272,0.223174757,0.215559385,0.688608136,0.684121692,0.082052468,0.059471597,0.133512843,0.105495227,0,0,0.438959867,0.460120016,0.137274964,0.147119961,0.881230899,0.851062127
PI 36:2,1.965382358,1.611266394,0.689565922,0.69118511,2.375638189,1.914202575,1.070040532,1.050491292,0.488255394,0.485675976,0.606685462,0.585944482,0.802683618,0.696556205,0.240344954,0.074061771,2.454265823,2.57852284,0.747559021,0.773071857,0.965860778,0.934647894
PI 36:1,0.987703383,0.771868945,0.920849117,0.933025149,0.218007723,0.142717864,0.616956408,0.599969494,0.11169762,0.109290139,0.268322961,0.254342159,0.610090116,0.528256929,0.587111479,0.189942146,0.385110407,0.384655769,0.549636214,0.569647382,0.262642702,0.257606095
PI 38:7,0,0,0,0,0,0,0,0.013893835,0.01537486,0.015076835,0,0,0,0,0,0,0,0,0,0,0.008163204,0.008028984
PI 38:6,0.076035302,0.062634868,0.029038465,0.029624618,0.049480912,0.040324034,0.092900606,0.090851361,0.229472922,0.228992596,0,0,0,0,0,0,0.097303507,0.100195943,0,0,0.292220779,0.28509745
PI 38:5,0.260556622,0.218619214,0.338541183,0.345010011,0.462275171,0.381183568,0.545996749,0.534962771,0.63993133,0.637224845,0.26452721,0.247882053,0.126822534,0,0,0,0.572731686,0.606061131,0.397313799,0.434512095,1.089267773,1.066855682
PI 38:4,0.50743656,0.413448977,2.264757365,2.293524043,0.490589244,0.389255565,2.578206842,2.525369038,2.386601698,2.367280071,4.024218244,3.78371172,0.412451167,0.344935665,2.14361906,0.666217813,0.737970281,0.758262143,2.355861138,2.433504419,4.627919083,4.496941591
PI 38:3,0.330198237,0.257520019,1.267153358,1.264032634,0.232723006,0.173615664,1.564539207,1.527540194,2.14548751,2.098368428,0,0,0.212601681,0.195337872,0.742859897,0.236315719,0.322119461,0.333144756,0.848109356,0.885869124,3.338913837,3.282051973
PI 38:2,0.148523963,0.114943875,0.126197791,0.128556542,0.151391333,0.114683387,0.104391727,0.102213913,0,0,0,0,0.072719124,0.055017355,0,0,0.140156618,0.143823644,0,0,0,0
PI 38:1,0.127438161,0.093980299,0.072510426,0.076747047,0.014574431,0.01030511,0.030024967,0.029354853,0.006949098,0.008078145,0,0,0.015083092,0,0,0,0.026485381,0.02738888,0,0,0.005728072,0
PI 40:8,0,0,0,0.001374439,0,0,0.015346692,0.014906494,0.015733985,0.014651333,0,0,0,0,0,0,0,0,0,0,0.007077592,0.00573024
PI 40:7,0.029308376,0.025011351,0.062405059,0.068050814,0.039402235,0.031751863,0.103455057,0.10417575,0.093556346,0.0896841,0,0,0,0,0,0,0.055611609,0.060285872,0,0,0.095346923,0.095459158
PI 40:6,0.123144911,0.101500643,0.354463204,0.357963086,0.052745808,0.041675952,0.510241614,0.499446135,0.385514966,0.377636318,0.202869784,0.195306084,0,0,0,0,0.104718711,0.106998192,0.314844616,0.319848532,0.598324905,0.582451113
PI 40:5,0.120884877,0.096020949,0.401833017,0.407528631,0.083235521,0.064689655,0.391246295,0.384449408,0.318875432,0.311485422,0.50028981,0.466823884,0.021381649,0,0,0,0.115708206,0.115714557,0.282609397,0.289572969,0.523648818,0.504436649
PI 40:4,0.050374108,0.038973236,0.180194549,0.184441666,0.031973396,0.025297383,0.245752549,0.242042488,0.046381491,0.044257768,0.6324485,0.574858638,0,0,0,0,0.03929383,0.039301293,0.222935095,0.227597931,0.076815688,0.069148946
PI 40:3,0.041545619,0.036600153,0.157207393,0.157616547,0.045293044,0,0.124452152,0.122268002,0.021671053,0.021324151,0,0,0,0,0,0,0,0,0.206324785,0.214604616,0.022256994,0.022302948
PI 40:2,0.01052826,0.008369956,0.003818348,0.003493516,0.012594547,0.008429121,0.004459831,0.004358516,0,0,0,0,0,0,0,0,0.005558554,0.005658988,0,0,0.005397007,0
PI 40:1,0.007892328,0.005492871,0.007609138,0.008500563,0,0,0.005484021,0.004932004,0,0,0,0,0,0,0,0,0,0,0,0,0,0
PI 42:9,0,0,0,0,0,0,0,0.001051163,0,0,0,0,0,0,0,0,0,0,0,0,0,0
PI 42:7,0,0,0,0,0,0,0.002082846,0.003075596,0,0,0,0,0,0,0,0,0,0,0,0,0,0
PI 42:6,0,0,0,0,0,0,0.017234459,0.017056471,0.001435934,0,0,0,0,0,0,0,0,0,0,0,0,0
PI 42:5,0,0,0,0,0,0,0.00393709,0.003739676,0,0,0,0,0,0,0,0,0,0,0,0,0,0.005334875
PI 42:4,0,0,0,0,0,0,0.001895267,0.001841742,0,0,0,0,0,0,0,0,0,0,0,0,0,0
PI 42:3,0,0,0,0,0,0,0.002298642,0.002547764,0,0,0,0,0,0,0,0,0,0,0,0,0,0
PI 42:2,0,0,0,0,0,0,0.001323745,0.001282022,0,0,0,0,0,0,0,0,0,0,0,0,0,0
PI 42:1,0,0,0,0,0,0,0,0,0,0,0,0,0,0,0,0,0,0,0,0,0,0
PS 30:1,0,0,0,0,0,0,0,0,0,0,0,0,0,0,0,0,0,0,0,0,0,0
PS 30:0,0,0,0,0,0,0,0.001067341,0.001045208,0,0,0,0,0,0,0,0,0.005717247,0.006065749,0,0,0,0
PS 32:1,0.014721605,0.013355696,0.01657053,0.015015197,0.033093931,0.029638998,0.021225781,0.020976421,0.002276413,0.002386366,0.022380933,0.015910252,0.006064175,0,0,0,0.084804316,0.092391307,0.006387763,0.003812355,0.007683117,0.007671885
PS 34:3,0,0,0,0,0,0,0.002052987,0.001690747,0,0,0,0,0,0,0,0,0,0,0,0,0,0
PS 34:2,0.074721389,0.067218859,0.015356024,0.016675129,0.084732104,0.074011542,0.02687219,0.02668621,0.013753156,0.014405029,0.03550389,0.024747464,0.117188955,0.110081104,0,0,0.14346811,0.154931007,0.023290425,0.020649483,0.027832719,0.027069817
PS 34:1,0.269989787,0.233971633,0.236559068,0.238469999,0.266542129,0.227390048,0.290796812,0.28737179,0.0968783,0.102816214,0.250767592,0.257349573,0.638200834,0.584348262,0.400164034,0.11419403,0.653352444,0.713004417,0.320206657,0.331443849,0.233714491,0.225685284
PS 36:4,0.033558351,0.030241656,0,0,0.035448304,0,0.032254438,0.031903012,0.012325184,0.011956436,0,0,0,0,0,0,0.022509552,0.024200435,0,0,0.012038251,0.012079715
PS 36:3,0.015225754,0.01324615,0,0.014827002,0.022780589,0.019268723,0.021126884,0.020818875,0.023463243,0.024464903,0.017785177,0.005809551,0,0,0,0,0.053150279,0.056727836,0.010916217,0.009353417,0.051764058,0.050029521
PS 36:2,0.372593316,0.323852693,0.194866516,0.194817136,0.573469667,0.480869191,0.270736177,0.26898336,0.200835767,0.209122287,0.29691155,0.282760672,0.736249831,0.686498029,0.33162203,0.100186059,0.988451969,1.069426431,0.323982751,0.333237979,0.399307237,0.383405978
PS 36:1,0.65115552,0.536187075,1.374988063,1.386810775,0.680218504,0.53608817,1.283197972,1.256015761,0.743195815,0.776836868,0.985538155,0.956370881,1.647496089,1.509051592,2.375343457,0.728397734,1.597743693,1.71254722,1.61359203,1.68882196,1.473206542,1.43284971
PS 38:6,0,0,0,0,0,0,0.006908893,0.00696596,0.00197799,0.00185307,0,0,0,0,0,0,0,0,0,0,0.001835769,0.002366561
PS 38:5,0,0,0,0,0,0,0.035960836,0.036042938,0.014319013,0.012436979,0,0,0,0,0,0,0.004457517,0.00193174,0,0.01954541,0.01131284,0.011384608
PS 38:4,0.130426014,0.108952568,0.138742537,0.154936138,0.10869742,0.080273969,0.251913413,0.253771179,0.140652209,0.13688132,0.152865882,0.149600271,0.154971543,0.131810186,0.186648339,0.052504718,0.121896636,0.128157328,0.23105605,0.238451116,0.211889055,0.203563018
PS 38:2,0.039013866,0.032799007,0.031482521,0.032227589,0.079330352,0.062834706,0.042736763,0.043821565,0,0,0.013191657,0,0.063812925,0.040746569,0,0,0.113240696,0.121024621,0.043915259,0.041088345,0,0
PS 40:7,0.006891031,0.006918618,0,0,0.005238719,0,0.021114567,0.0213752,0.013147131,0.012390203,0,0,0,0,0,0,0.029854538,0.031535865,0,0,0.014428958,0.01481932
PS 40:6,0.380069382,0,0.087787166,0.092063114,0,0,0.194251548,0.19367815,0.26989389,0.274983726,0.074475047,0,0.37956789,0.345461439,0.264953039,0,0.360133134,0.37866735,0.177910824,0.182649227,0.395263265,0.382190285
PS 40:5,0.035969053,0,0.001900784,0.006457687,0.02078383,0.020130871,0.012231902,0.010575379,0.101863089,0.112009543,0.07285799,0.067637661,0,0,0.025780968,0,0.045658492,0.046787609,0,0,0.18527236,0.176723777
PS 40:4,0,0.009627986,0.077499352,0,0,0,0.061858034,0.060109343,0.028778888,0.030165504,0.157267574,0.148175875,0,0,0.054820281,0.020895686,0.029629811,0.030575594,0.070417236,0.078480338,0.052009949,0.04918958
PS 40:3,0,0,0,0,0.001393837,0,0.008241699,0.008268596,0.010549246,0.011000386,0,0,0,0,0,0,0.002379189,0.002169711,0,0,0.011437472,0.010410732
PS 40:2,0.008660368,0.006858143,0.024558904,0.025199264,0.039515382,0.030678248,0.032420699,0.031474479,0.012841438,0.014149403,0.00145058,0,0,0,0,0,0.05795393,0.0616395,0.035040521,0.036553515,0.015977789,0.015664751
PS 40:1,0.00328288,0.001993077,0.052428026,0.056151727,0,0,0.025048277,0.024056136,0.010890278,0.012147413,0,0,0,0,0.041172984,0,0.002841325,0.004279255,0.03557956,0.032766938,0.012308806,0.011811516
PS 42:2,0.001535093,0,0.014003696,0.012335332,0.027017912,0.019986877,0.013863657,0.013400869,0.008131343,0.00851743,0,0,0,0,0,0,0.037432779,0.039618303,0,0.002755933,0.011407111,0.011657633
PS 42:1,0,0,0.05485167,0.05394134,0,0,0.016024397,0.015093932,0.005443455,0.005494142,0,0,0,0,0.022180095,0,0,0,0.016690434,0.012064141,0.01050197,0.010333747
PS 44:5,0,0,0,0,0,0,0.00404631,0.003906845,0,0,0,0,0,0,0,0,0,0,0,0,0,0
PS 44:4,0,0,0,0,0,0,0,0,0.001110705,0.00127355,0,0,0,0,0,0,0,0,0,0,0,0
PS 44:3,0,0,0,0,0,0,0,0,0,0,0,0,0,0,0,0,0,0,0,0,0,0
diHexCer 32:2;2,0,0,0,0,0,0,0,0,0,0,0,0,0,0,0,0,0,0,0,0,0,0
diHexCer 34:1;2,0,0.001009041,0.104067062,0.095095349,0.039569366,0.041330318,0.009895481,0.013963295,0.009682375,0.010153582,0.198857916,0.182455949,0,0,0,0,0.045262951,0.044592966,0.002416583,0.002323617,0.014292574,0.017209287
diHexCer 36:2;2,0,0,0,0,0,0,0,0,0.002400065,0,0,0,0,0,0,0,0,0,0,0,0,0
diHexCer 38:1;2,0,0,0,0,0,0,0,0,0,0,0,0,0,0,0,0,0,0,0,0,0,0
diHexCer 40:2;2,0,0,0.001147038,0,0,0,0,0,0,0,0,0,0,0,0,0,0,0,0,0,0,0
diHexCer 40:1;2,0,0,0.064034055,0.058360812,0,0,0,0.002187845,0,0,0.003965739,0.010984667,0,0,0,0,0,0,0,0,0.002048007,0.001165427
diHexCer 42:2;2,0,0,0.088232432,0.085057206,0.027488975,0.005398919,0.009729146,0.017410573,0.008011023,0.008738798,0.06755404,0.022788834,0,0,0,0,0.003068841,0,0,0,0.005585514,0.004597699
diHexCer 42:1;2,0,0,0.35196865,0.338497225,0,0,0.013224206,0.022584201,0.010059271,0.009753084,0.086891998,0.089029156,0,0,0.091057777,0.033785773,0,0,0,0.014891731,0.017825627,0.014998092
diHexCer 44:0;2,0,0,0.044969543,0.037420514,0.032696785,0,0,0,0,0,0,0,0,0,0,0,0,0,0,0,0,0
triHexCer 36:1;2,0,0,0,0,0,0,0.001394115,0.008468548,0,0,0,0,0,0,0,0,0,0,0,0,0,0
triHexCer 40:1;2,0,0,0.142265036,0.13132503,0,0,0.017107769,0.030559044,0,0.001113453,0,0,0,0,0,0,0,0,0,0,0,0
triHexCer 42:2;2,0,0,0.239028941,0.23812783,0.025714164,0.001697127,0.118726122,0.125026015,0.067106027,0.071490622,0.740594196,0.524880807,0,0,0,0,0,0,0.019529275,0,0,0.085059534
triHexCer 42:0;2,0,0,0,0,0,0.646257928,0.172405536,0.064598307,0.48867781,0,13.96252317,13.63134805,0,0,0,0,0,0,0,0,0,0
triHexCer 44:1;2,0,0,0.008587415,0,0,0,0,0,0,0,0,0,0,0,0,0,0,0,0,0,0,0
LPC O-16:1,0.024532775,0.027783134,0.001219553,0,0.020593577,0.028209161,0.018114746,0.018275547,0.015265545,0.011481883,0.001352939,0.001738115,0,0,0.003285985,0,0.001781201,0.06757849,0,0,0,0.063314152
LPC O-16:0,0.015521842,0.023925842,0.00899525,0.008860572,0.086584192,0.097339292,0.017362902,0.017964608,0,0,0.001098663,0.001684973,0.003356628,0,0,0,0.001042138,0.001619219,0,0,0,0
LPC O-18:3,0,0,0,0,0,0,0,0,0,0.002406337,0,0,0,0,0,0,0,0.00123866,0,0,0,0.002853453
LPC O-18:2,0.002049789,0.003781142,0,0.001547638,0.004749227,0.006431493,0.009080629,0.008897838,0.004989972,0.001016977,0,0,0,0,0,0,0,0.058345139,0,0.002807397,0,0.032417546
LPC O-18:1,0.001769909,0.002150984,0.005301459,0.002814558,0.036708045,0.041424019,0.015001667,0.015662432,0.003641798,0.003798838,0.003099885,0,0,0,0,0,0,0,0,0.001884817,0,0
LPC O-18:0,0,0,0.003411487,0,0,0,0.003536337,0.002940887,0,0,0,0,0,0,0,0,0,0,0,0,0,0
LPC O-20:4,0,0,0,0.00118236,0,0,0.00103095,0,0,0.00141959,0,0,0,0,0,0,0,0,0,0,0,0.002786677
LPC O-20:3,0,0,0.011817119,0.019555741,0,0,0,0,0,0.006828967,0.367927796,0.406020938,0.339502577,0.360527734,1.083509088,0.259699878,0,0,0.609228686,0.577351444,0,0.006056438
LPC O-20:1,0,0,0,0,0,0,0,0,0,0,0,0,0,0,0,0,0,0,0,0,0,0
LPC O-22:6,0,0,0.002830568,0.001382943,0,0,0,0,0,0,0.008946427,0.003494554,0.003877526,0,0.044638499,0.002993228,0,0,0,0.00254753,0,0
LPC O-22:5,0,0,0,0,0,0,0,0,0,0,0,0,0,0,0,0,0,0,0,0,0,0
LPC O-22:4,0,0,0,0,0,0,0,0,0,0.003716923,0,0,0,0,0,0,0,0,0,0,0,0
LPC 14:0,0.135279595,0.150216842,0.003446618,0.004305659,0.095252173,0.112804989,0.012267043,0.011444515,0.016749219,0.018280675,0.006929013,0.059338707,0.014663037,0.024570068,0,0,0.015340784,0.099465349,0,0.00195161,0,0.008873378
LPC 16:1,0.125493715,0.143161342,0.031858525,0.032083502,0.172026839,0.19614025,0.040821144,0.042130168,0.044534703,0.04820845,0,0,0.007005349,0.014140028,0,0,0.016872281,0.166229315,0.017123466,0.020106804,0.002221962,0.060094201
LPC 16:0,0.583409972,0.649695086,0.310945062,0.302197972,0.420228101,0.48051781,0.184041701,0.1861426,0.182228744,0.227715831,0.692182274,0.581120394,1.064350516,0.85264704,0.101766569,0.046785352,0.095042544,0.271647965,0.309676011,0.327945664,0.048665192,0.208825217
LPC 18:3,0,0,0,0,0,0,0,0,0,0.001016722,0,0,0,0,0,0,0,0,0,0,0,0
LPC 18:2,0,0.002103284,0.003991569,0,0.014141914,0.022184938,0.014431858,0.014383726,0.014087456,0.020941701,0,0,0,0,0,0,0,0.005295883,0,0.002202084,0,0.026342011
LPC 18:1,0.263515144,0.287313611,0.235389647,0.235191338,0.380481099,0.438499424,0.143516715,0.147479659,0.098992389,0.114727182,0,0,0.066154053,0.041999321,0,0,0.036293763,0.335499826,0.320463573,0.435738212,0.011028734,0.132530838
LPC 18:0,0.042978394,0.051001343,0.232650671,0.222313691,0.001193895,0.001341535,0.037668146,0.039289206,0.013905747,0.018172436,0.001229999,0.001606176,0,0,0.030628126,0.0024985,0,0,0,0,0.002001576,0.005507607
LPC 20:4,0,0,0,0,0.00409806,0.004619579,0.016914199,0.016619178,0.015066545,0.026939343,0.433611459,0.281517786,0,0,0,0,0,0.013279106,0.185978086,0.164127291,0,0.058397614
LPC 20:3,0,0,0,0,0,0.001015841,0.00422078,0.003496006,0.009701605,0.018803132,0,0,0,0,0,0,0,0,0,0,0,0.017874947
LPC 20:1,0,0,0,0,0,0,0,0,0,0,0,0,0,0,0,0,0,0.003488104,0,0,0,0
LPC 22:6,0,0,0,0,0,0,0.011301637,0.013208263,0.015138255,0.031599338,0,0,0,0,0,0,0,0,0,0,0,0
LPC 22:5,0,0,0,0,0,0,0.005439489,0.005564131,0.00485745,0.007706397,0.176365996,0,0,0,0,0,0,0,0,0,0,0.012580231
LPC 22:4,0,0,0,0,0,0,0,0,0,0,0.076247332,0.022348106,0,0,0,0,0,0,0,0,0,0
LPE O-16:1,0.170664777,0.1708504,0.120083662,0.114678788,0.209683742,0.211847556,0.090179478,0.086729777,0.060427918,0.04288575,0.041148418,0.060686618,0.478605174,0.71445805,0,0,0.050021876,0.139153988,0.246563709,0.263983782,0.049347988,0.098141138
LPE O-16:0,0.017465367,0.021606448,0,0,0,0,0,0,0,0,0,0,0,0.005843703,0,0,0,0,0,0.004570976,0,0
LPE O-18:2,0.058990308,0.059595023,0,0,0.06946674,0.06799532,0.028236135,0.027012771,0.028694569,0.018115326,0,0.001532262,0,0,0,0,0,0.022333023,0,0,0.012957523,0.041481365
LPE O-18:1,0.026073364,0.026160512,0.192463456,0.184188473,0.006656919,0.007625874,0.059142694,0.055264593,0.030626829,0.024346533,0,0,0,0,0,0,0,0,0,0,0.026021411,0.042896343
LPE O-18:0,0,0.001529852,0,0,0,0,0,0,0,0,0,0,0,0,0,0,0,0,0,0,0,0
LPE O-22:6,0,0.001251842,0.005748059,0.006523152,0,0.002373866,0,0,0,0,0.039604271,0.046281022,0.02969472,0.027448889,0.189670133,0.043037154,0,0,0.026508466,0.034677943,0,0
LPE O-22:5,0,0,0,0,0,0,0,0,0,0,0.002303097,0,0,0,0,0,0,0,0.001519545,0.002970982,0,0
LPE 14:0,0,0,0,0,0,0,0,0,0,0,0,0,0,0,0,0,0,0,0,0,0,0
LPE 16:1,0,0,0,0,0,0,0,0,0,0,0,0,0,0,0,0,0,0,0,0,0,0
LPE 16:0,0,0,0,0,0,0,0,0,0,0,0,0,0,0,0,0,0,0,0,0,0,0
LPE 18:2,0,0,0,0,0,0,0,0,0,0,0,0,0,0,0,0,0,0,0,0,0,0
LPE 18:1,0,0,0,0,0,0,0,0,0,0,0,0,0,0,0,0,0,0,0,0,0,0
LPE 18:0,0.267317127,0.260952497,0.292501892,0.283665523,0.107451106,0.10981026,0.138480739,0.131008944,0.07693781,0.062079236,0,0,0,0,0,0,0.037970283,0.061576032,0,0,0.050583115,0.100262115
LPE 20:4,0.447966278,0.458654336,1.04470397,1.065029484,0.495612453,0.530035225,0.346096389,0.345441589,0.575632548,1.686579397,3.872994186,3.764094053,3.301661772,3.433478459,6.719914337,1.492899922,0.126519859,1.732313919,6.108010706,6.533639502,0.1747873,2.164148836
LPE 22:6,0.144773171,0.14657244,0.373126549,0.381155835,0.241972743,0.267356714,0.141340674,0.140545033,0.219074851,0.530070679,1.140037192,1.081966922,1.210349299,1.200861354,2.508686138,0.577240967,0.101387108,0.943466589,2.365841543,2.522938304,0.077331769,0.760718175
LPE 22:5,0.135438445,0.133069513,0.238354037,0.241728264,0.195569938,0.213374532,0.04296197,0.042234068,0.128177319,0.313444493,1.399724112,1.334096264,1.45727089,1.425836064,1.814206611,0.350238706,0.0800623,0.799677516,0.918735878,0.973292248,0.051229691,0.523512294
LPE 22:4,0.010383549,0.013425613,0.073882968,0.070262309,0.037067284,0.040060148,0.026186661,0.025788497,0.008842401,0.023863958,1.221230559,1.15227782,0.026089902,0.017090669,0.592990259,0.040972289,0,0.108669579,0.562033095,0.651985658,0,0.041850606
LPG 14:0,0,0,0,0,0,0,0,0,0,0,0,0,0,0,0.275450017,0.122980439,0,0,0,0,0,0
LPG 16:1,0,0,0,0,0,0,0,0,0,0,0,0,0,0,0,0,0,0,0,0,0,0
LPG 16:0,0,0,0,0,0,0,0,0,0,0,0,0,0,0,0,0,0,0,0,0,0,0
LPG 18:2,0,0,0,0,0,0,0,0,0,0,0,0,0,0,0,0,0,0,0,0,0,0
LPG 18:1,0,0,0,0,0,0,0,0,0,0,0,0,0,0,0,0,0,0,0,0,0,0
LPG 18:0,0,0,0,0,0,0,0,0,0,0,0,0,0,0,0,0,0,0,0,0,0,0
LPG 22:5,0,0,0,0,0,0,0,0,0,0,0,0,0,0,0,0,0,0,0,0,0,0
PG 28:0,0,0,0,0,0,0,0,0,0,0,0,0,0,0,0,0,0,0,0,0,0,0
PG 30:0,0,0,0,0,0,0,0,0,0,0,0,0,0,0,0,0,0,0,0,0,0,0
PG 32:2,0,0,0,0,0,0,0,0,0,0,0,0,0,0,0,0,0,0,0,0,0,0
PG 32:1,0,0,0,0,0,0,0,0,0,0,0,0,0,0,0,0,0,0,0,0,0,0
PG 32:0,0.003110818,0,0,0,0,0,0.024715865,0.024472294,0.029550945,0.039890035,0,0,0,0,0,0,0.069246433,0.014086902,0,0,0.195395623,0.137056725
PG 34:3,0,0,0,0,0,0,0,0,0,0,0,0,0,0,0,0,0,0,0,0,0,0
PG 34:2,0,0,0,0,0,0,0,0,0,0,0,0,0,0,0,0,0,0,0,0,0,0
PG 34:1,0,0,0,0,0,0,0,0,0,0,0,0,0,0,0,0,0,0,0,0,0.200168353,0
PG 34:0,0.067726343,0.035503521,0.027362157,0.026312059,0.038193326,0.040421563,0.065777133,0.065742023,0.153461885,0.213885562,0.103355034,0.058077512,0.246271173,0.101011569,0.279356903,0.003169646,0.79584917,0.563046904,0.108521854,0.133472752,1.345815155,0.957922354
PG 36:5,0,0,0,0,0,0,0,0,0,0,0,0,0.002388183,0,0,0,0,0,0,0,0,0
PG 36:4,0.003769617,0.001514333,0,0,0,0,0.005002348,0.004900237,0.002601714,0.001279241,0,0,0,0,0,0,0,0,0,0,0.001438997,0
PG 36:3,0.010234975,0.009175591,0,0,0.005480085,0.006367732,0.016213173,0.016830063,0.006510417,0.005556132,0,0,0,0,0,0,0.003042324,0,0,0,0.03839027,0.010039182
PG 36:2,0.010687377,0,0,0,0,0,0.08450092,0.086375366,0.043627139,0.061037473,0,0,0,0,0,0,0.257854693,0.170891577,0,0,0.397634471,0.281133278
PG 36:1,0,0,0,0,0,0,0.061858892,0.062218992,0.061588433,0.090398936,0,0,0,0,0,0,0.150851259,0.053842333,0,0,0.696786168,0.465485838
PG 38:8,0,0,0,0,0,0,0,0,0,0,0,0,0,0,0,0,0,0,0,0,0,0
PG 38:7,0,0,0,0,0,0,0.010168205,0.0106942,0,0,0,0,0,0,0,0,0,0,0,0,0,0
PG 38:6,0,0,0,0,0,0,0.02716262,0.028390516,0.002661321,0.001115414,0,0,0,0,0,0,0,0,0,0,0,0
PG 38:5,0,0,0,0,0,0,0.006907568,0.007805043,0.003115764,0,0,0,0,0,0,0,0,0,0,0,0,0
PG 38:4,0.029809711,0.025113308,0,0,0,0,0.011414561,0.011133167,0.002400202,0.001184113,0,0,0,0,0,0,0,0,0,0,0,0
PG 38:3,0,0,0,0,0,0,0.008684436,0.008989301,0.001785396,0.002748029,0,0,0,0,0,0,0,0,0,0,0.008391615,0.001328676
PG 40:7,0.011683726,0.013293812,0.049925968,0.047240347,0.019383709,0,0.17230581,0.188838843,0.013742308,0.014367463,0,0,0,0,0,0,0,0,0,0,0.002736477,0.003312187
PG 40:6,0.006580071,0.008442428,0,0,0,0,0.034789167,0.035657443,0.003727809,0.001033859,0,0,0,0,0,0,0,0,0,0,0,0
PG 40:4,0,0,0,0,0,0,0.001114757,0,0,0,0,0,0,0,0,0,0,0,0,0,0,0
PG 40:3,0,0,0,0,0,0,0,0,0,0,0,0,0,0,0,0,0,0,0,0,0,0
PG 40:2,0,0,0,0,0,0,0,0,0,0.004753122,0,0,0,0,0,0,0,0,0,0,0,0
PG 42:8,0,0,0,0,0,0,0.012602375,0.013606988,0,0,0,0,0,0,0,0,0,0,0,0,0,0
PG 42:7,0,0,0,0,0,0,0.007516638,0.008754564,0,0,0,0,0,0,0,0,0,0,0,0,0,0
PG 42:6,0,0,0,0,0,0,0,0,0,0,0,0,0,0,0,0,0,0,0,0,0,0
PG 42:3,0,0,0,0,0,0,0,0,0,0,0,0,0,0,0,0,0,0,0,0,0,0
PG 44:10,0,0,0,0,0,0,0.004157846,0.00429672,0,0,0,0,0,0,0,0,0,0,0,0,0,0
Chol :,18.32604447,19.3959613,26.15939257,25.93416327,22.73776683,22.93614008,22.94738722,24.0739009,24.58232607,27.18640648,32.40832883,30.72389327,36.89358086,34.64981501,34.99893136,59.64385086,31.36945428,38.54606645,29.65643307,27.88579168,37.06143045,36.56068252
Cer 32:2;2,0,0,0,0,0,0,0,0,0,0,0,0.002853109,0,0,0,0.08023936,0,0,0,0,0,0
Cer 32:1;2,0.006291285,0.005936875,0.027924095,0.024473593,0,0.008536463,0.003024863,0.002838472,0.006180644,0.00607348,0.008550561,0.036860418,0.010428998,0.020121343,0.049134181,0.152268251,0.039758938,0.044810283,0.015941915,0.018348761,0.016755238,0.015873553
Cer 34:2;2,0.002104361,0.002206356,0.018070231,0.022148368,0,0.005489901,0.005089616,0.005139037,0.002472452,0.002300573,0,0.02459324,0,0,0,0.179637743,0.03376172,0.037774494,0.001816009,0,0.007899304,0.007354249
Cer 34:1;2,0.070593676,0.071287515,0.166111402,0.170139786,0.043542928,0.058944204,0.056008129,0.053351589,0.059044926,0.062148946,0.069681876,0.106762762,0.305216276,0.310351953,0.198608306,0.26509923,0.577271761,0.724447736,0.165218069,0.166818128,0.222388197,0.210240729
Cer 34:0;2,0,0,0,0,0,0,0,0,0,0,0,0,0,0,0,0.282087959,0,0,0,0,0,0
Cer 36:2;2,0,0,0.006481345,0.007109001,0,0,0.004298857,0.004244701,0,0,0,0,0,0,0,0.131000655,0.001535594,0.009110628,0.011206611,0.013924026,0.001876349,0.001760508
Cer 36:1;2,0,0,0.002509292,0.006719313,0,0,0.010895794,0.010346299,0.003398961,0.003090453,0,0.043760118,0,0,0,0.279633553,0.025824979,0.025227824,0.003618366,0.004318816,0.006992476,0.006139764
Cer 38:1;2,0,0,0,0,0,0,0.001447809,0.001531841,0.00219692,0.001990105,0,0.034707777,0,0,0,0.281007186,0.010089857,0.01334215,0,0,0.002822165,0.002473141
Cer 40:2;2,0.010153025,0.009623937,0.073177883,0.067607799,0.007828243,0.018233291,0.006558928,0.006847715,0.005337353,0.003855377,0.038987881,0,0.196727181,0.220691363,0.107471363,0.150879277,0.05809219,0.069947877,0.132760923,0.134406837,0.012151822,0.011468026
Cer 40:1;2,0.00911721,0.007892236,0.098169681,0.096252386,0,0.001032164,0.022748164,0.022074407,0.015959801,0.016701719,0.018674561,0.075246681,0.074226124,0.096433021,0.09494586,0.423349687,0.022164692,0.034637742,0.084535739,0.084853098,0.051550693,0.049883997
Cer 42:2;2,0.058156962,0.0574545,0.209283245,0.198630737,0.074895969,0.103546322,0.088212595,0.086001719,0.130310416,0.132847169,0.106050141,0.124686627,0.302504234,0.333094425,0.260952372,0.331248895,0.395014375,0.473718584,0.290702848,0.287295302,0.283537409,0.267256932
Cer 42:1;2,0.059265808,0.045896835,0.496928119,0.437401822,0,0,0.107529788,0.106239803,0.110543221,0.112500981,0.064708873,0.089673998,1.146332939,1.385957428,0,0.430571086,0.043408749,0.078003475,0.58293849,0.486230651,0.236094951,0.223208498
Cer 44:2;2,0,0,0,0,0,0,0,0,0.018951648,0.017516983,0,0,0,0,0,0,0,0,0,0,0,0
Cer 44:1;2,0,0,0,0,0,0,0.001853894,0.001602855,0.008875723,0.007520542,0,0.005738415,0,0,0,0.41534733,0,0,0,0,0.011674084,0.010582683
CE 14:0,0,0,0,0,0,0,0.039795355,0.037980438,0,0,0,0.22018966,0,0,0,1.428407966,0,0,0,0,0,0
CE 16:1,0,0,0,0,0.426567029,0,0.051129396,0.04956709,0.004615061,0.005167291,0,0.795079607,0,0,0,2.983959747,0.323673849,0,0,0,0,0
CE 16:0,0,0,0,0,0,0,0.28898978,0.273080179,0.003999835,0.005143556,0,0.555257864,0,0,0,3.826021195,0.022842562,0.036516093,0.062491179,0.045226001,0.032064868,0.033432814
CE 18:2,0,0,0,0,0,0,0.053318255,0.050895456,0.006706536,0.006349772,0.063676361,0.282492742,0,0,0.119909606,2.085655778,0.039068604,0.045115477,0.068020186,0.07450811,0.021472501,0.020844961
CE 18:1,0,0,0.0027736,0.033438425,0,0,0.60299906,0.5942919,0.028471706,0.026394207,0.123439538,0.988228605,0,0,0,7.446886437,0.112595868,0.129732629,0.593731607,0.598221713,0.07299773,0.07343957
CE 18:0,0,0,0.234972282,0.280668649,0,0,0.163313235,0.158060029,0,0,0,0.380781577,0,0,0,2.059562543,0,0,0,0,0,0
CE 20:5,0,0,0,0,0,0,0.003291414,0.003550202,0,0,0.020867742,0.006126382,0,0,0,0.580750396,0,0,0,0,0.005265138,0.005251037
CE 20:4,0,0,0.001257972,0.003826055,0,0,0.030137409,0.028062533,0.007708588,0.007914572,0.33812704,0.364994737,0.004395944,0.011080163,0.16422195,0.616962503,0.008004027,0.044180159,0.079737756,0.080766415,0.034058253,0.033459806
CE 20:3,0,0,0.02061866,0.025743267,0,0,0.033292745,0.036172685,0.025257668,0.024926633,0.01728972,0.029414214,0,0,0,0,0,0,0,0.001225281,0.045289226,0.045142901
CE 22:6,0,0,0.077717651,0.083707699,0,0,0.172273358,0.177403584,0.030932902,0.029007613,0.184606626,0,0,0,0.051459736,0,0.002899601,0.003914017,0.228606534,0.225149064,0.059428909,0.06047429
CE 22:5,0,0,0,0,0,0,0.014624731,0.01623088,0.00268612,0.001813442,0.254591576,0.284576849,0,0,0,0.218639135,0,0,0,0,0.018812813,0.019651978
CE 22:4,0,0,0,0,0,0,0.012303694,0.013123312,0,0,0.292199403,0.337652631,0,0,0,0.795586086,0,0,0.004717943,0.00818897,0.00366311,0.003870368
DAG 28:1,0.005561027,0.005911053,0,0,0,0.006999439,0,0,0.003452692,0,0,0,0,0,0,0,0.002745081,0.00297809,0,0,0,0
DAG 28:0,0.012147088,0.01287516,0,0,0.016392397,0.022855899,0.002917446,0.002653686,0.006497009,0.006545985,0,0,0,0,0,0,0.014350892,0.006588057,0,0,0,0
DAG 30:2,0.003160273,0.003797304,0,0,0,0.004058782,0,0,0.004594574,0.003633183,0,0,0,0,0,0,0,0.002173894,0,0,0,0
DAG 30:1,0.032837603,0.033107146,0,0,0.037691331,0.041674027,0.006174028,0.006315638,0.016332622,0.016357653,0,0.016347749,0,0,0,0,0.021421396,0.019915304,0,0,0,0
DAG 30:0,0.050517857,0.052941056,0,0,0.085667763,0.098199834,0.026466558,0.02433496,0.04067529,0.042669306,0,0.008290635,0,0,0,0,0.052118193,0.047068443,0,0,0.001315087,0
DAG 32:3,0,0,0,0,0,0,0,0,0.001115711,0,0,0,0,0,0,0,0,0,0,0,0,0
DAG 32:2,0.024601515,0.024506241,0,0,0.019717452,0.030477487,0.005525016,0.005768718,0.017594359,0.017619414,0,0.024668585,0,0,0,0.021457057,0.012660272,0.019181724,0,0,0.001852011,0.001727244
DAG 32:1,0.157613286,0.161612772,0.03887074,0.041147083,0.182172964,0.220489842,0.067907936,0.066068234,0.093929563,0.094539546,0,0.045488738,0,0,0,0.004827767,0.126555664,0.143434617,0,0,0.018254893,0.017932379
DAG 32:0,0.068382843,0.07247377,0.016193494,0.029716768,0.058431021,0.076354086,0.097858756,0.093471188,0.077143507,0.077048763,0,0.019390486,0,0,0,0,0.046821262,0.034618457,0,0,0.009570826,0.007620805
DAG 34:3,0.004993508,0.00416461,0,0,0.004885662,0.009313596,0.004102387,0.004050099,0.01338876,0.013042921,0,0,0,0,0,0,0.005671431,0.007570604,0,0,0.00478978,0.004896355
DAG 34:2,0.12423624,0.126983589,0.041771392,0.042211416,0.166502444,0.197128707,0.054610552,0.052926964,0.071277689,0.071562785,0,0.051907331,0,0,0,0,0.122581662,0.138825,0,0,0.023490873,0.023165487
DAG 34:1,0.349486837,0.35861847,0.256499962,0.261558072,0.414100332,0.501848809,0.300930565,0.2889137,0.204869196,0.205050444,0,0.060425776,0.125875773,0.116971136,0,0.036016064,0.357955932,0.405439162,0.10827725,0.121424972,0.066303453,0.063087322
DAG 34:0,0,0,0.097771908,0.108308176,0,0,0.056178416,0.052523526,0,0,0,0.003991595,0,0,0,0,0,0,0,0,0,0
DAG 36:5,0,0,0,0,0,0,0.001433253,0.001159773,0.00451318,0.004468291,0,0,0,0,0,0,0,0,0,0,0.001747816,0.001548383
DAG 36:4,0.007295003,0.006398258,0,0,0,0.008356868,0.010052609,0.011386126,0.027502235,0.025694014,0,0.035901908,0,0,0,0,0.01914789,0.020860552,0,0,0.015085627,0.014723695
DAG 36:3,0.014716089,0.014449769,0.02264681,0.02676114,0.021321377,0.030057067,0.019940875,0.0189245,0.046774551,0.046329637,0,0.041063229,0,0,0,0,0.036638363,0.039865659,0.001095812,0.002753032,0.022796677,0.021988445
DAG 36:2,0.153776696,0.157279619,0.131322277,0.129302552,0.22825176,0.283242981,0.126466846,0.122776413,0.081910247,0.07890673,0,0.050365618,0.067063637,0.067611329,0,0.0488772,0.215674305,0.243477856,0.080746531,0.081724611,0.035132914,0.03298455
DAG 36:1,0.112222462,0.115316511,0.211827549,0.202841052,0.051271392,0.064436433,0.122767656,0.116675493,0.028342046,0.028070127,0,0.008151082,0.3547776,0.339172448,0,0.032842151,0.143477039,0.101447629,0.04842061,0.057011605,0.020390243,0.019243049
DAG 36:0,0,0,0,0,0,0,0,0,0.002886193,0.004078944,0,0,0,0,0,0,0,0,0,0,0,0
DAG 38:6,0.001706852,0,0,0,0,0.002572462,0.010732171,0.011155013,0.015727457,0.014145095,0,0,0,0,0,0,0.004313047,0.008147454,0,0,0.005920773,0.00572814
DAG 38:5,0.010308103,0.012290877,0.026982635,0.024703437,0,0.01942068,0.02068104,0.024330403,0.033047791,0.02765268,0,0,0,0,0,0,0.025467011,0.027398879,0,0,0.021902806,0.018327462
DAG 38:4,0.016924363,0.017376645,0.044574084,0.044253791,0.019967119,0.024717859,0.030585336,0.030461961,0.044858946,0.044321968,0,0,0,0,0,0.106580215,0.039838619,0.04008188,0.084292807,0.088906259,0.026968655,0.026317846
DAG 38:3,0.011220044,0.010736747,0.035595931,0.032331348,0,0.010800385,0.019395654,0.01941555,0.045677308,0.043679356,0,0,0,0.029824657,0.044374842,0,0.023073154,0.027087141,0.039396595,0.039644794,0.021009164,0.019302502
DAG 38:2,0.028263974,0.028401906,0.047840619,0.045433737,0.030806763,0.043705613,0.019207189,0.018855798,0.004163532,0.004155534,0,0,0.083672434,0.09862628,0,0,0.044246371,0.040566144,0.041570392,0.044459776,0.005905778,0.006297164
DAG 38:1,0.060650834,0.061792397,0.309108088,0.337384041,0.107827516,0.06060336,0.01620779,0.016213664,0,0,0,0,1.427609801,1.320360932,0,0,0.169527163,0.036003268,0,0,0,0
DAG 40:7,0,0,0,0,0,0.006283667,0.002242399,0.002654556,0.002457099,0.005854689,0,0,0,0,0,0,0.015639621,0.00176092,0,0,0.003368353,0.01007411
DAG 40:6,0,0.004481456,0,0,0,0,0.012457515,0.011884067,0.015191288,0.013337779,0,0,0,0,0,0,0.009380396,0.013495245,0,0,0.007633299,0.006910453
DAG 40:5,0.003332753,0,0.010594524,0,0,0,0.00827416,0.009633721,0.010209767,0.009710789,0,0,0,0,0,0,0.021366982,0.009426029,0,0.015192221,0.007900417,0.006127141
DAG 40:3,0,0,0,0,0,0,0.001313184,0.001153447,0,0,0,0,0,0,0,0,0,0,0,0,0,0
DAG 40:2,0.007443619,0,0,0,0,0.005767076,0.004192388,0.004036578,0,0,0,0,0,0,0,0,0.009826245,0.005771869,0,0,0,0
DAG 40:1,0.040180587,0.039250713,0.215493914,0.256998833,0,0.041341331,0.013588564,0.012784199,0.007285371,0,0,0,0,0,0,0,0.105580243,0.026324905,0,0,0,0
DAG 42:2,0,0,0,0,0,0.001678764,0.002188335,0.001909814,0,0,0,0,0,0,0,0,0,0.001633185,0,0,0,0
DAG 42:1,0,0,0,0,0,0,0.003696162,0.003174748,0.00108882,0,0,0,0,0,0,0,0,0,0,0,0,0
DAG 44:8,0,0,0,0,0,0,0,0,0,0,0,0,0,0,0,0,0,0,0,0,0,0
HexCer 32:2;2,0,0,0,0,0,0,0,0,0,0,0,0,0,0,0,0.11637067,0,0,0,0,0,0
HexCer 32:1;2,0,0.001507459,0.00668662,0.00746282,0,0,0,0,0,0,0.0101544,0.024350193,0.009726633,0,0.024481321,0,0.008891721,0,0,0,0,0
HexCer 32:0;2,0,0.002400216,0,0.00103193,0,0,0,0,0,0,0,0,0,0,0,0,0.019831249,0,0.001577549,0,0,0
HexCer 34:1;2,0.021647223,0.022281485,0.102639976,0.107801271,0.010096823,0.02714435,0.036462867,0.033482335,0.018105456,0.019305281,0.145010935,0.178851933,0.02354416,0.019353037,0.323333228,0.052279883,0.036592527,0.029466705,0.081697708,0.086084772,0.017824598,0.018617253
HexCer 34:0;2,0,0,0,0,0,0,0,0,0,0,0,0,0,0,0,0,0.004336955,0,0,0,0,0
HexCer 36:2;2,0,0,0,0,0,0.001168626,0,0.001903463,0,0,0,0,0,0,0,0,0,0,0,0,0,0
HexCer 36:1;2,0,0,0,0,0,0.005338913,0.003141354,0.003349913,0,0,0,0,0,0,0,0,0.034115501,0,0,0,0,0
HexCer 40:1;2,0,0,0.09066903,0.087333906,0,0,0,0,0,0,0,0,0,0,0,0,0,0,0,0,0,0
HexCer 42:2;2,0.004627922,0.007089868,0.115251837,0.112611965,0.017798746,0.046433872,0.063365398,0.059324262,0.059641764,0.05987601,0.097611691,0.081787363,0.003733935,0,0.174014706,0.012139249,0.024190435,0.047300596,0.103852769,0.095792966,0.05938448,0.054656502
HexCer 42:1;2,0.01193246,0.009251686,0.448340817,0.444277061,0,0,0.09030782,0.089541243,0.050619389,0.049133524,0.069727172,0.040560493,0.005853971,0.017788287,0.785779869,0.132092353,0,0,0.153149729,0.160170408,0.050741483,0.052717051
PC O-28:0,0,0,0.001087347,0,0.014974899,0.009392694,0.00957569,0.009301391,0.002749284,0.003265403,0.010555349,0.006432008,0,0,0,0,0.013739533,0.008429722,0,0,0.002947072,0.002659593
PC O-30:2,0.016735753,0.017718831,0,0,0,0,0.005095801,0.005553271,0.00193347,0.003720268,0,0,0,0,0,0,0,0.018840719,0,0,0.001269124,0.001003362
PC O-30:1,0.013615522,0.013422667,0.033682525,0.034183038,0.077027487,0.101502315,0.037956659,0.037616579,0.016149806,0.016936191,0.046943738,0.041119056,0.002377434,0,0.01057255,0.004830387,0.071945166,0,0.027428013,0.029440139,0,0
PC O-30:0,0.030529774,0.031975477,0.038904176,0.039919489,0.268135648,0.27777901,0.044537116,0.044091282,0.016100224,0.017412989,0.024299533,0.020084108,0.003283056,0.00336297,0.015501375,0,0.175855998,0,0.032802963,0.033417548,0,0
PC O-32:3,0.010641509,0.01008582,0.001797323,0.001919595,0.073247209,0.020423263,0.010372722,0.010122874,0.007761855,0.008197191,0.002959579,0.001095974,0,0,0,0,0.048391067,0.020670791,0,0,0.009721483,0.009632913
PC O-32:2,0.043710275,0.040353616,0.081662452,0.081017797,0.110786164,0.153709113,0.075746665,0.073862937,0.029288198,0.030799874,0.097377656,0.088007333,0.009280887,0.004253147,0.033047051,0,0.11029308,0,0.052946818,0.055307266,0,0
PC O-32:1,0.172720143,0.171643254,0.262458003,0.259732921,0.690474345,0.737990821,0.264265189,0.259734462,0.086988061,0.094494109,0.30882468,0.286291699,0.065354003,0.069133428,0.160573429,0.029315836,0.485295448,0,0.194706657,0.192830831,0,0
PC O-32:0,0.061197089,0.061575157,0.166398979,0.168278082,0.498027922,0.522219871,0.165565135,0.160160221,0.066427136,0.075042698,0.127128684,0.109568818,0.045789581,0.040579632,0.14067586,0.040382197,0.40919367,0,0.125603612,0.126951242,0,0
PC O-34:3,0.018067071,0.017734872,0.039861119,0.037720298,0.188207403,0.116590496,0.050084961,0.048534064,0.030861456,0.031415467,0.088473314,0.086773529,0.013605572,0.018567046,0.014978006,0.029831761,0.166478377,0.107579142,0.036502492,0.042719892,0.044486051,0.041734177
PC O-34:2,0.069658102,0.057508672,0.241872493,0.2344926,0.562488627,0.702750203,0.261562556,0.262477141,0.077761798,0.083355221,0.253166215,0.236995917,0.067686101,0.050008544,0.143197759,0.007981086,0.49663826,0,0.203093912,0.2065885,0,0
PC O-34:1,0.31109808,0.319366113,0.497423857,0.485892991,1.690981273,1.794398504,0.473032377,0.469093256,0.123174991,0.1328961,0.33858706,0.318603155,0.150539327,0.149765788,0.31824258,0.090030689,1.141987376,1.211261617,0.314351636,0.321716998,0.154008419,0.145259767
PC O-34:0,0,0,0.257382148,0.257103739,0,0,0.07261588,0.071002531,0.021831978,0.024406031,0.045862113,0.039816582,0,0,0.252863921,0.069546445,0,0,0.059794173,0.064210222,0,0
PC O-36:5,0.010400128,0.008557217,0.057325478,0.056288387,0.155697147,0.058253041,0.113739917,0.113635026,0.061601253,0.063736573,0.236163871,0.227856766,0.061711442,0.144375233,0.05819534,0.004938069,0.173637387,0,0.153430672,0.152236269,0,0
PC O-36:4,0.039514994,0.039948971,0.107660567,0.102249282,0.508446949,0.189668519,0.169355236,0.16719268,0.08658087,0.090229623,0.139102509,0.140156199,0.001789701,0.007399819,0.094926546,0.009510348,0.377590548,0.188851985,0.138426389,0.145290555,0.108799338,0.102716168
PC O-36:3,0.027771391,0.029268896,0.092587508,0.088946529,0.145424792,0.246383351,0.10538108,0.105521883,0.035895144,0.038911055,0.072759655,0.067633486,0.0018176,0,0.059027936,0,0.132083605,0,0.073073428,0.068315873,0,0
PC O-36:2,0.067396418,0.067208314,0.198252226,0.191426739,0.37253966,0.39594044,0.19095152,0.18613204,0.019854063,0.021978084,0.054643498,0.056818166,0,0,0,0.020538056,0.205044695,0,0.084093012,0.085777214,0,0
PC O-36:1,0.025759709,0.027686694,0.281258999,0.275787741,0.086179787,0.098489474,0.138805013,0.135181603,0.0190162,0.020608122,0.043820277,0.041029942,0,0.001639831,0.198792014,0.038357919,0.079419933,0,0.094005691,0.097051331,0,0
PC O-38:6,0.003919276,0.003325612,0.026284631,0.035773832,0.069778341,0.05878111,0.1324905,0.132495545,0.054627062,0.058622701,0.135201349,0.12809101,0,0,0.001411544,0,0.11477195,0,0,0,0,0
PC O-38:5,0.009715515,0.006276376,0.151398169,0.137335955,0.157242778,0.117678743,0.187902973,0.188019948,0.072108684,0.073287974,0.241185438,0.234667403,0.337470328,0.613498726,0.286127158,0.133670977,0.123471554,0,0.338177888,0.339468043,0,0
PC O-38:4,0.003056368,0.003466948,0.145911117,0.139849078,0.073790925,0.062952608,0.141549728,0.140928187,0.0428256,0.044503095,0.084154168,0.078892335,0.002874495,0.002735174,0.136021524,0.016765282,0.061599518,0,0.104550791,0.109005511,0,0
PC O-38:3,0,0,0.048277663,0.045904562,0.013083099,0.023365838,0.042917476,0.041783395,0.015542952,0.016795182,0.001776827,0.001129255,0,0,0.010736018,0,0.01593075,0,0.01667568,0.016504616,0,0
PC O-38:2,0,0,0,0,0.039415317,0.045250796,0.020497057,0.019789135,0.007734172,0.008923466,0,0,0,0,0,0,0.023811446,0,0,0,0,0
PC O-38:1,0.002581341,0.00230974,0.017751722,0.017190441,0.034054399,0.039019713,0.028814982,0.027575725,0.01579379,0.017144059,0.003865572,0.001785196,0,0,0,0,0.035708466,0,0.00999617,0.009532775,0,0
PC O-38:0,0,0,0,0,0,0,0.001125967,0,0.01086106,0.012615595,0.003103408,0,0,0,0,0.034867141,0,0,0,0,0,0
PC O-40:7,0,0,0.022126029,0.024311173,0.036158778,0.037214503,0.069470808,0.070744947,0.025993607,0.026514015,0.061583287,0.05806989,0,0,0,0,0.038817305,0,0.033765752,0.020413367,0,0
PC O-40:6,0,0,0.044571555,0.047539502,0.016310127,0.024115218,0.064972705,0.066042962,0.02290384,0.024256042,0.072196526,0.071721358,0,0,0.022445213,0,0.023933206,0.026862864,0.025139851,0.028589035,0.030551221,0.030388808
PC O-40:5,0,0,0.030489069,0.029653018,0.01308831,0.012922677,0.04028088,0.039964155,0.013885873,0.014391346,0.051399465,0.049075098,0,0,0.004293481,0,0.011685169,0.010438655,0.027721772,0.021050371,0.017061338,0.016547469
PC O-40:4,0,0,0,0,0.006099485,0,0.025185652,0.025969963,0.018441221,0.019055772,0.007179081,0,0,0,0,0,0.00807739,0,0,0,0.023218552,0.021202289
PC O-40:3,0,0,0,0,0,0,0.013811916,0.013671547,0.024925878,0.025181401,0,0,0,0,0,0,0,0,0,0,0.02935815,0.028984624
PC O-40:2,0,0,0,0,0.047787347,0.051352631,0,0,0,0,0,0,0,0.001648846,0,0,0,0,0,0.002884334,0,0
PC O-40:1,0,0,0,0,0.044592786,0.054394169,0.014391882,0.01421663,0.028866817,0.029503793,0.002379193,0,0,0,0,0.001487585,0.044308258,0,0.001589202,0.002208502,0,0
PC O-42:7,0,0,0,0.003125007,0.007219342,0.003356538,0.010125877,0.009975761,0.007861691,0.008587775,0.001471403,0,0,0.006161202,0.001207209,0,0.004047027,0.001145838,0.002533911,0.006855356,0.011643455,0.010570356
PC O-42:6,0,0,0,0,0,0,0.014658185,0.014463567,0.012205447,0.013940349,0,0,0,0,0,0,0.011426274,0,0,0,0.013937426,0.01393535
PC O-42:5,0.002789061,0.003777048,0.019439078,0.003987087,0.023275289,0.01730153,0.013225593,0.013230934,0.022042737,0.021752913,0.027831473,0.016620265,0.081916914,0.136641171,0.063720823,0.001817901,0.024931128,0.020596316,0.069348907,0.065922446,0.027101343,0.025352224
PC O-42:4,0,0,0,0,0.005849786,0.001386368,0.01317352,0.01315456,0.023486092,0.023110777,0,0,0,0,0,0,0.014418579,0.004986702,0,0,0.028959237,0.027013572
PC O-42:3,0,0.001137451,0,0,0,0,0.005302965,0.005593057,0.016687569,0.017821192,0,0,0,0,0,0,0,0.003700771,0,0,0.019900844,0.018611406
PC O-42:2,0.012235189,0.011916837,0,0,0.049296046,0.055523931,0.008676343,0.007942733,0.01070898,0.01083707,0,0,0.031243745,0.025398478,0.005961397,0.001677362,0.041450981,0.046753739,0,0.001082623,0.011952235,0.010863612
PC O-42:1,0,0,0,0,0,0,0.001358418,0.001444381,0.004656469,0.005070147,0,0,0,0,0,0,0,0,0,0,0.00516534,0.004943806
PC O-44:7,0,0,0,0,0,0,0,0,0.015614347,0.017702706,0,0,0,0,0,0,0,0,0,0,0.01849333,0.018012501
PC O-44:6,0,0,0,0,0,0,0.004895359,0.004641611,0.018132587,0.019995051,0,0,0,0,0,0,0,0,0,0,0.020641624,0.019205169
PC O-44:5,0.001613328,0.002126408,0,0.001102588,0.012037981,0.00702434,0.006625428,0.007186911,0.025632421,0.026766888,0.010235405,0.012049039,0.023377244,0.027679007,0.007158526,0.043515644,0.016472949,0.012888125,0.005256596,0.005235014,0.028166027,0.026974684
PC O-44:4,0,0.075212545,0.070367214,0.07137336,0,0.061821769,0.077081756,0.072127985,0.073766586,0.071631325,0.02555416,0.029356631,0,0,0,0,0.015572594,0.022453372,0.038892675,0.037340814,0.0719111,0.071770165
PC O-44:2,0,0,0,0,0,0,0,0,0,0,0,0.008013478,0,0,0.004736206,0,0.003977693,0.001514799,0,0,0,0
PC O-44:1,0,0,0,0,0,0,0,0,0,0,0,0,0,0,0,0,0,0,0,0,0,0
PC 28:0,0.267227301,0.268918516,0.09996381,0.098710974,0.264020739,0.276297019,0.044093956,0.043502696,0.069242308,0.073910822,0.03127949,0.017424464,0.145556853,0.142017846,0.069752375,0.006351992,0.14606492,0,0.034850352,0.03609591,0,0
PC 30:1,0.857180541,0.846672547,0.226588409,0.220987346,0.48945709,0.507798962,0.156472862,0.157088566,0.236108193,0.241414096,0.057190362,0.023492656,0.231862464,0.226605438,0.055853256,0,0.270404619,0,0.062873822,0.065712119,0,0
PC 30:0,0.764347134,0.766491998,0.356103231,0.349889335,1.500012856,1.605161014,0.461725741,0.45578967,1.11177091,1.190892804,0.439803342,0.211377104,0.555254104,0.562542738,0.298706003,0.077529178,0.937999714,0,0.31587771,0.320136899,0,0
PC 32:2,0.783897728,0.788880185,0.325912659,0.309414233,0.514257283,0.568862396,0.32278312,0.329058164,0.457868166,0.453660598,0.102789054,0.064903137,0.133641554,0.131140999,0.094503165,0.005985621,0.254619643,0,0.118548225,0.125359313,0,0
PC 32:1,6.235971282,6.349209212,2.669564673,2.576525342,3.998252357,4.305985591,2.49698374,2.503173741,3.390603996,3.467032107,1.205404533,0.802974826,2.328344389,2.273352356,1.246673533,0.323857393,2.272177601,0,1.271561074,1.300188606,0,0
PC 32:0,0.395081105,0.401255945,0.528949786,0.514537391,0.934650298,1.044393347,1.064293858,1.054077819,2.979547359,3.144752147,1.42362075,0.77954301,0.562533415,0.52675553,0.602171369,0.138021494,0.742817129,0.829144639,0.934075461,0.9446456,2.34506184,2.219561842
PC 34:4,0.312939923,0.309742932,0.180491698,0.176488322,0.976742348,0.235624619,0.116284118,0.107853123,0.193924726,0.216889453,0.086856929,0.082466378,0.192815455,0.240023529,0.090791629,0.049023624,0.54374703,0.141308036,0.124625402,0.130557676,0.169610717,0.158374272
PC 34:3,0.091075143,0.0952706,0.177925793,0.173026615,0.221227106,0.147446174,0.199043516,0.19968471,0.383212839,0.397516203,0.148928518,0.11593679,0.037069302,0.032079049,0.088193309,0.00515828,0.167201364,0,0.130998998,0.137839346,0,0
PC 34:2,3.47068261,3.506872938,1.542561952,1.481692009,2.803354412,3.028825631,1.930776808,1.933754428,2.19853854,2.218577555,0.770153377,0.584276732,0.723102322,0.69648181,0.529872848,0.145571464,1.24256359,0,0.886756826,0.881956073,0,0
PC 34:1,11.8370174,12.13950311,6.5004064,6.24839027,8.06972315,8.867605781,8.905410922,8.858160018,7.588537094,7.821052027,3.114523668,2.164468371,5.274411851,5.11596633,3.968382337,1.062852602,5.102492608,5.566310363,5.519767454,5.627661588,5.543962446,5.266058313
PC 34:0,0,0,0.130856578,0.109562551,0,0,0,0,0,0,0.236350078,0.204437834,0,0,0.226582937,0.05201973,0,0,0,0,0,0
PC 36:5,0.215233852,0.213335819,0.185029841,0.177815623,0.718694361,0.202492605,0.207673236,0.201255964,0.301776439,0.313798787,0.078834907,0.096249358,0.068091407,0.089941424,0.255135578,0.04792199,0.32109369,0,0.1412533,0.144630399,0,0
PC 36:4,0.684630861,0.685171948,0.640068677,0.612358489,2.003869206,0.579301272,0.736336633,0.704034569,1.048959235,1.104417723,0.5120496,0.45814877,0.528287306,0.619895975,0.469171819,0.184862203,1.254837894,0,0.751273347,0.78011582,0,0
PC 36:3,0.309265546,0.314955466,0.584853508,0.560887677,0.391273438,0.477655556,0.69421382,0.70512864,1.241995775,1.245678083,0.363424628,0.28592834,0.082199776,0.051223366,0.263330762,0.118330086,0.198497995,0,0.322658709,0.323990166,0,0
PC 36:2,4.045094234,4.129898875,3.394577096,3.249319047,4.305083221,4.753158488,3.871191801,3.863487599,1.886314077,1.903498078,0.867817428,0.699190711,0.882732128,0.860363998,1.180864137,0.339347353,1.829156887,1.984430406,1.739809052,1.773207814,1.384051272,1.304778895
PC 36:1,0,0,3.292089327,3.156878234,0,0,0,0,0,0,0.646527004,0,0.602843305,0.583608831,2.187654723,0.594635486,0,0,1.542933233,1.564365523,0,0
PC 36:0,0,0,0,0,0,0,0,0,0,0,0,0.002184488,0,0,0,0,0,0,0,0,0,0
PC 38:6,0.072952355,0.073199241,0.146795785,0.116123488,0.123754534,0.069390019,0.332543622,0.334723893,0.462976081,0.466257201,0.164458137,0.123159071,0.411391399,0.414285805,0.598324445,0.17684143,0.081124912,0,0.204684839,0.197619539,0,0
PC 38:5,0.320076546,0.314507255,0.58408969,0.568009335,1.191827697,0.423730688,0.552692872,0.53815374,0.727188285,0.736961827,0.269260553,0.295948259,0.111956831,0.132512552,0.256236533,0.083164226,0.518640469,0,0.356482424,0.362699555,0,0
PC 38:4,0.121920899,0.125860251,0.671308766,0.64222678,0.201579438,0.15038587,0.45740603,0.448449642,0.625213419,0.627223731,0.396001928,0.377848641,0.101600681,0.109757875,0.529956761,0.183186004,0.170736427,0,0.412006415,0.413190282,0,0
PC 38:3,0.047800919,0.046976016,0.286268767,0.273248788,0.066645965,0.079821449,0.246355611,0.243219964,0.29052745,0.292345975,0.100233369,0.079523631,0.008231974,0.002951076,0.185035698,0.035216648,0.046861452,0,0.145660524,0.145068253,0,0
PC 38:2,0.316402188,0.326338455,0.229325762,0.21831849,0.322868832,0.36462392,0.28155216,0.28205377,0.051676053,0.053035693,0.046009726,0.032594911,0.068263449,0.065000923,0.073945732,0.001298196,0.148775032,0,0.128249193,0.129110065,0,0
PC 38:1,0,0,0.133515649,0.12625769,0,0,0.067465634,0.065954572,0.011918959,0.01272561,0,0,0,0,0,0,0,0,0,0,0,0
PC 38:0,0,0,0,0,0,0,0,0,0,0,0,0,0,0,0,0.001522284,0,0,0,0,0,0
PC 40:8,0.006104961,0.001327914,0.022815928,0.041468009,0.033298416,0.021345403,0.031730558,0.031470187,0.05790715,0.060378307,0,0.048112499,0,0,0,0.425880369,0.018465923,0,0,0,0,0
PC 40:7,0.057543234,0.061800236,0.18969743,0.176942067,0.110446438,0.103180057,0.262729916,0.258107924,0.251533631,0.250029246,0.048114789,0.048891769,0,0,0.055954742,0,0.071653375,0,0.105443843,0.095814228,0,0
PC 40:6,0.02278868,0.02568481,0.190530479,0.180168802,0.011770188,0.034712065,0.142645803,0.143804069,0.179387939,0.181555417,0.081793094,0.082717053,0.001787085,0,0.102237438,0.076613568,0.027650261,0.03609405,0.083131414,0.089994138,0.152889649,0.149136152
PC 40:5,0.030622002,0.02979718,0.119050296,0.116597673,0.101750178,0.044413386,0.099431534,0.097626049,0.098969482,0.096915557,0.107524628,0.109832788,0.007324802,0.004099748,0.086422409,0,0.054465004,0,0.066719356,0.067405111,0,0
PC 40:4,0.003112379,0.004539709,0.066514184,0.063607795,0.004582497,0.011713995,0.067386294,0.065617047,0.068971243,0.068724925,0.067151557,0.057839376,0,0,0.027446782,0,0.005493065,0.009103306,0.042210172,0.043152375,0.064402891,0.060298582
PC 40:3,0,0,0,0,0,0,0,0,0,0,0,0,0,0,0,0,0,0,0,0,0.009371452,0.00906186
PC 40:2,0.019903162,0.020230932,0.052301746,0.050936238,0.024797501,0.033700147,0.043659518,0.042526929,0.010280077,0.01120997,0,0,0,0,0,0.026466957,0.017838923,0.019550863,0.01259959,0.010420821,0.009682082,0.00877864
PC 40:1,0,0,0.040813636,0.040951862,0,0,0,0,0,0,0,0,0,0,0.008864039,0,0,0,0,0,0,0
PC 40:0,0,0,0.012364516,0.013067057,0,0,0.006531049,0.006541882,0.001182125,0.001350057,0,0,0,0,0,0,0,0,0,0,0.002733166,0.001800402
PC 42:9,0,0,0.014569485,0.012966609,0,0,0.010862061,0.010942155,0.036491396,0.035847927,0,0,0,0.001432786,0.001248894,0,0.001567289,0,0.003767745,0.002315117,0.024471312,0.023892349
PC 42:8,0,0,0.006821986,0.00451006,0,0,0.01150033,0.011981444,0.028512071,0.028486769,0.003775984,0.008061925,0,0,0,0,0,0,0.003569171,0,0.020684225,0.019446763
PC 42:7,0,0,0.022531391,0.017616914,0.002069336,0.003084262,0.030130759,0.030134103,0.028751982,0.028424942,0,0,0,0,0,0,0,0,0,0,0.022328687,0.021641803
PC 42:6,0,0,0.029608547,0.027933672,0,0.001562251,0.023845991,0.023242116,0.028843969,0.029256698,0.011371593,0.01486814,0,0,0.008402515,0,0,0.001458941,0.004366431,0.006725081,0.026525541,0.026063872
PC 42:5,0,0,0.009075385,0.008805095,0,0,0.017355106,0.016802458,0.022963291,0.022232877,0.00948972,0.002213433,0,0,0,0,0.001154588,0,0.002570222,0,0.027847848,0.026849762
PC 42:4,0,0,0.009861529,0.007202239,0,0,0.01571062,0.014844184,0.019810077,0.02055937,0.002827453,0,0,0,0,0,0,0,0,0,0.024804895,0.025140308
PC 42:3,0,0,0.00835605,0.008220112,0,0,0.012639383,0.012349714,0.007706778,0.008024824,0,0,0,0,0.002540289,0,0,0,0,0,0,0
PC 42:2,0.011280003,0.01000199,0.058166704,0.058217022,0.019585425,0.027198491,0.035604125,0.034565971,0.010647762,0.01031804,0,0,0,0,0.003699548,0.006868789,0.013609767,0.017945534,0.006870715,0.006639006,0.010877092,0.009782363
PC 42:1,0,0,0.083068762,0.077944341,0,0,0.024624512,0.023359371,0.008348561,0.009078319,0,0,0,0,0.052028519,0,0,0.001691949,0.006908622,0.00349238,0.01130791,0.011507453
PC 42:0,0,0,0.008417305,0,0,0,0,0,0,0,0,0,0,0,0.001705105,0,0,0,0,0,0,0
PC 44:10,0,0,0,0,0,0,0.004350511,0.003374912,0.005183698,0.005471516,0,0,0,0,0,0,0,0,0,0,0.001930386,0.005861518
PC 44:9,0.051947214,0.051775538,0.212418536,0.175058536,0.060801963,0.074454193,0.008216733,0.009619712,0.016719198,0.014735724,0.215622582,0.204427828,0,1.055587426,0.698525807,0,0.017100357,0.057695308,0.536277893,0.579337792,0.027304272,0.02635242
PC 44:7,0,0,0.004488417,0.002286066,0,0,0.008803598,0.007918683,0.011986971,0.010869148,0,0,0,0,0,0,0.027632961,0,0,0,0.011385683,0.010986564
PC 44:6,0,0,0.001564113,0,0,0,0.002779024,0.002192392,0.005332081,0.005329849,0,0,0,0,0,0,0,0,0,0,0,0
PC 44:5,0,0,0.003027647,0.0024455,0,0,0.009802222,0.008971003,0.011055641,0.011579936,0,0,0,0,0,0,0,0,0,0,0,0
PC 44:4,0,0,0.012566013,0.011860874,0,0,0.007951167,0.007596627,0,0,0,0,0,0,0,0,0,0,0,0,0.010591071,0.009833781
PC 44:3,0,0,0.016634522,0.015692969,0,0,0.014994762,0.015760373,0.006175229,0.00499173,0,0,0,0,0,0,0,0,0,0,0,0
PC 44:2,0,0,0.064847913,0.061632577,0.003852484,0.01295061,0.022741817,0.023553193,0.006921822,0.007681513,0,0,0,0,0.009690641,0.003891875,0.003357937,0.008124857,0.001238544,0,0.008623499,0.007491032
PC 44:1,0,0,0.125803049,0.11908877,0,0,0.017004574,0.016460091,0,0,0,0,0,0,0.068868968,0,0,0,0,0,0,0.001011612
PE O-30:1,0,0,0,0,0,0,0,0,0.011271305,0,0,0,0,0,0,0,0.057094546,0,0,0,0,0
PE O-30:0,0,0,0,0,0,0,0,0,0,0,0,0,0,0,0,0,0,0,0,0,0,0
PE O-32:2,0.412260686,0.408900572,0,0.009722481,0.106843527,0.191853982,0.032752594,0.031401154,0.026100813,0.028854943,0.003838899,0,0.423025407,0.367033204,0,0,0.158947798,0.260916973,0,0,0.033293909,0.031141056
PE O-34:3,0.322704301,0.320122852,0.02920669,0.036020504,0.153918762,0.229164792,0.073043307,0.070356636,0.087702995,0.092437587,0.048548862,0.01924689,0.170846783,0.078964777,0,0,0.19232462,0.285604048,0.003350814,0,0.110749066,0.10016064
PE O-34:2,1.465396414,1.449940009,0.493248308,0.497348002,0.781552885,1.317790528,0.470586071,0.441766913,0.25997478,0.282119381,0.278508707,0.20461995,1.724646502,1.602810606,0.43404156,0,1.200945715,1.974566496,0.386648275,0.3820143,0.358352688,0.327441507
PE O-34:1,0.045869547,0.056560052,0.016841294,0.023080176,0.142068973,0.141510113,0.058831322,0.06210042,0.085041179,0.098765206,0.303685688,0.313836003,0,0,0,0,0.179639074,0.190884836,0.027015369,0.024935916,0.136195113,0.124511705
PE O-36:6,0,0,0,1.839879499,0,0,0,0.286193788,0,0,0,3.092251365,4.883218359,7.322005176,0,0,0,0,0,0,0,0.410563235
PE O-36:5,0.770930298,0.76303568,0.5728046,0.578342504,0.720444288,0.88080587,1.048542751,0.999318014,1.348406317,1.352278482,0.576829038,0.573275774,1.223022144,1.172108458,0.698480406,0.065125166,1.267823213,1.4929245,0.931794572,0.920323635,1.417828873,1.312167613
PE O-36:4,0.198411699,0.198773838,0.096212506,0.094140254,0.179177916,0.252623498,0.184096055,0.172700607,0.236872672,0.242546194,0.0753896,0.077784877,0.181511819,0.124152121,0.023190959,0,0.304293282,0.405646835,0.122747419,0.134266883,0.287864308,0.269089082
PE O-36:3,1.215391646,1.184751553,0.513626993,0.511846557,0.796426288,1.105940971,0.38886784,0.373891863,0.238986205,0.249028435,0.31298252,0.283511716,0.998874694,0.88515967,0.397624559,0,0.959141624,1.338463972,0.278678352,0.279222296,0.311409046,0.292124982
PE O-36:2,0.219158162,0,0.927397289,0.88902121,0,0.290286264,0.396346778,0.370743268,0,0,0.297902566,0.280756087,0.108107846,0.077803641,0.888088251,0,0.259588249,0.402677287,0.344283972,0.358297008,0.182894696,0.183664955
PE O-38:8,0,0,0,0,0,0,0,0,0,0,0.088746339,0,0,0,0,0,0,0,0,0,0,0
PE O-38:7,0,0,0,0,0,0,0,0,0.951451191,0.937588295,0,0,0.428784938,0,0,0,0,0,0,0,0.984384893,0.917282573
PE O-38:6,0.689011164,0.706758964,0.723180325,0.735399804,0.607744326,0.860877413,0.733199597,0.707963496,1.347000307,1.328992949,0.625004858,0.632872146,0.945935092,0.693680159,0.942359446,0.164203558,1.075908314,1.437940605,0.489551922,0.486590404,1.471949486,1.367549829
PE O-38:5,0.17915366,0.174431075,1.365177718,1.329353287,0.14028536,0.203177089,1.082592794,1.048483714,0.89650682,0.886433537,0.850427313,0.864149425,0.197712666,1.156021182,1.993194354,0.505972007,0.278970428,0.342459335,1.182308002,1.216613782,1.066008267,0.999992899
PE O-38:4,0.069855662,0.076750468,0.202694091,0.20509643,0,0.082249563,0.231708798,0.218596532,0,0.178676898,0.076069445,0.070882664,0.005275907,0.008677208,0,0.007987867,0.160314856,0.119799911,0.192585616,0.223538301,0.222942364,0.203565082
PE O-38:3,0.045527945,0.049062391,0.032158258,0,0,0.119332476,0.100843413,0.096685227,0,0,0,0,0,0,0,0,0.14592283,0.126053162,0,0,0,0
PE O-40:8,0.168337398,0.169010108,0.319789063,0.303006444,0.210340079,0.308944017,0.297316575,0.290792163,0.48587919,0.469460772,0.32423557,0.358010708,0,0.300793012,0.649313397,0.094385107,0.392164874,0.467512801,0.484213278,0.500175295,0.572821956,0.533497161
PE O-40:7,0.129933769,0.138844803,0.672401701,0.642610549,0.124601237,0.211006852,0.60647945,0.600056017,0.621656836,0.602711739,0.384089117,0.363041954,0.444564413,0.432733947,1.216323988,0.125642886,0.256603429,0.387750969,0.682491922,0.729879438,0.788071901,0.73242029
PE O-40:6,0.068413772,0.06433234,0.29131978,0.286917066,0.019791174,0.080153352,0.188616626,0.17981184,0.33495748,0.334975038,0.383350075,0.398324827,0.001758636,0.005992034,0.377222873,0,0.112843215,0.150167674,0.168411992,0.160717902,0.452893825,0.419630341
PE O-40:5,0.008291094,0.005646747,0.146105295,0.131616204,0,0.020270186,0.239186421,0.238662509,0,0.162586682,0.370483857,0.396709711,0,0,0.149750684,0.00695605,0.078187113,0.058613154,0.237591966,0.253994014,0.201391971,0.185070836
PE 28:0,0.00550034,0.006729871,0,0,0,0.010368522,0.002071288,0.002332883,0.00127261,0,0,0,0,0,0,0,0.077923866,0.002444715,0,0,0,0
PE 30:1,0.085780777,0.089325932,0,0,0.047085897,0.021641801,0.004240667,0.0038336,0.004861112,0.00551227,0,0,0.001536472,0.006450377,0,0,0.032989839,0.018212555,0,0,0.001099502,0
PE 30:0,0,0,0,0,0.018248294,0,0.004647163,0.002433304,0.011098392,0.012874006,0,0,0,0,0,0,0,0,0,0,0,0
PE 32:1,0.891092605,0.915923085,0.125828556,0.131594427,0.384343778,0.403072602,0.134099471,0.129460591,0.194929247,0.201154771,0.023422342,0.001093362,0.383723791,0.327359556,0.006381697,0,0.326663454,0.36647678,0.019477944,0.019582678,0.133995219,0.123706328
PE 32:0,0.487253414,0.514171424,0.052300405,0.05900747,0.44641194,0.409866439,0.077572836,0.074413559,0.269355183,0.314057768,0.121950037,0.050552653,0.184131097,0.169500924,0,0,0.278011798,0.243882378,0.001612465,0.009439061,0.167892171,0.156386429
PE 34:3,0.089272357,0.090311171,0.021351295,0.018686376,0,0.068145577,0.043149778,0.040715101,0.063558675,0.066785214,0,0,0,0.001487446,0,0,0.104638044,0.055208455,0,0,0.048558194,0.044261744
PE 34:2,2.634528947,2.686869229,0.40294622,0.402668319,1.27691963,1.434688736,0.441844081,0.435883824,0.480145569,0.499892854,0.064253507,0.004885154,0.716351435,0.680138102,0.090764328,0.002481502,0.935648223,1.071525904,0.192156273,0.202329855,0.327672484,0.305949037
PE 34:1,3.63967253,3.740112328,1.069128632,1.082526785,2.33653153,2.495835651,1.313798042,1.268915294,1.882823848,2.013086926,0.493602697,0.280537144,1.292758661,1.201272657,0.555991538,0.029011573,2.019520553,2.263725273,0.752972511,0.800231795,1.334239373,1.246871207
PE 36:5,0.375380034,0.400976771,0.134645395,0.13047909,0.509079971,0.246869354,0.104302252,0.103934596,0.168653044,0.160852235,0,0,0.106725838,0.208673223,0.010536325,0,0.370265263,0.183372299,0.040059856,0.05540135,0.099968392,0.095553891
PE 36:4,0.521894029,0.543706487,0.312122268,0.29766847,0.83834891,0.403647575,0.322159956,0.308519515,0.682557281,0.675797502,0.115074128,0.02514154,0.294706869,0.323410638,0.074008609,0,0.772343405,0.389063809,0.287389173,0.306655655,0.434458029,0.40779424
PE 36:3,0.513364378,0.534392465,0.364931551,0.369095842,0.771947552,0.573612429,0.453955828,0.431144515,0.775495947,0.801940048,0.161860659,0.123164251,0.164083039,0.169651819,0.097959215,0.003324647,0.605216552,0.450988437,0.241674436,0.271237209,0.593136434,0.557292941
PE 36:2,6.494892062,6.777276008,2.835859435,2.783702603,4.810135279,5.69488735,2.582941778,2.533878947,2.608645613,2.689204891,0.618562883,0.423118918,2.174573198,2.041014114,1.803505358,0.410935043,3.713948498,4.32458349,1.579216239,1.635744825,1.947194224,1.819708472
PE 36:1,0,0,4.501598545,4.479248887,0,0,4.392399542,4.247901261,5.374654259,0,2.392642138,1.903135591,0,0,3.705256053,0.571927245,0,0,2.984874864,3.116030958,4.003559519,3.761618875
PE 38:6,0.216697437,0.226458129,0.293231989,0.281329143,0.203479468,0.172831073,0.305787636,0.305510042,0.698016773,0.678771773,0.027574564,0.002940368,0.002707209,0.006826482,0.020353162,0,0.189974813,0.153876105,0.170750772,0.14508122,0.415525585,0.387932012
PE 38:4,1.184350319,1.221448544,1.839645217,1.82756002,1.398754962,0.801188539,1.909991337,1.848344954,2.19506638,2.225562579,0.638176185,0.508551922,0.443035334,0.414960044,1.255949406,0.236057757,1.069680919,0.622967201,1.419146569,1.420858966,1.496557319,1.400626246
PE 38:2,0.768740189,0.807388662,0.644849443,0.642428289,0.761276878,0.750542681,0.882299072,0.877108424,0.966452384,1.034872211,0.3318839,0.285895741,0.188054955,0.166609024,0.367447867,0.021943104,0.4311802,0.419336025,0.408029935,0.428797043,0.643997771,0.610613393
PE 40:7,0.335659723,0.358042221,0.470959357,0.47726735,0.476236464,0.320610713,0.399409273,0.409581678,0.679304438,0.64703667,0.114427141,0.097288778,0.020678754,0.045635125,0.362386348,0.009395286,0.362432944,0.208029874,0.396417288,0.397998492,0.470913972,0.428195925
PE 40:6,0.461936877,0.489154212,0.687515138,0.661693487,0.29711817,0.375015322,0.678713155,0.678519879,1.001952504,0.984057612,0.149553026,0.10496937,0.031847646,0,0.334602374,0.005790898,0.202798694,0.267821918,0.407251359,0.422747848,0.730042975,0.692235628
PE 40:5,0.308901786,0.305706082,0.344072265,0.339632679,0.477945164,0.260513455,0.318420815,0.314505233,0.62643494,0.645026051,0.183156755,0.235683967,0.071427842,0.053791746,0.211999837,0,0.320898159,0.187742215,0.201619539,0.226122855,0.49581313,0.472817146
PE 40:4,0,0,0.33743148,0,0,0,0.369198104,0.357935631,0,0,0.30774742,0.293215164,0,0,0,0,0,0,0.318736301,0.340022683,0,0
PE 40:3,0.076967957,0.081568412,0.195027538,0.195480476,0.052670315,0.087800259,0.275464679,0.27369242,0.386091234,0.428624537,0.107337656,0.087955969,0,0,0.017665956,0,0.02855685,0.055273405,0.138483162,0.147527816,0.270566315,0.250021735
PE 40:2,0.444458772,0.471906685,0,0,0.477749322,0.476297462,0.677687862,0.665416846,0,0,0,0,0,0,0,0.002979546,0.269529484,0.267935443,0.284417537,0.33767404,0,0
PE 40:1,0,0,0.202225869,0.209678177,0,0,0.186451761,0.175309634,0.085847107,0.095301262,0,0.046375343,0,0,0.094721516,0,0,0,0.091899823,0.104800613,0.079240312,0.074675467
PE 42:8,0.014193922,0.007312494,0,0.005117153,0.028864117,0,0.001600942,0.002922562,0.054294373,0.050743976,0.001535716,0.013212333,0,0,0,0,0.048188205,0.021452115,0.003459914,0.016416572,0.053625841,0.051356686
PE 42:7,0.010758934,0.008763728,0,0.00245205,0.004022879,0.001320718,0.076675017,0.076433839,0.122564274,0.127002344,0,0.00360512,0,0,0,0,0.006054834,0.003264966,0,0,0.078023916,0.069879505
PE 42:6,0,0.036194313,0.295034484,0.155745277,0,0.040109864,0.10079786,0.100702284,0.152716744,0.165392532,0,0,0,0,0,0,0,0.04763405,0.718502877,0,0.114196266,0.109250207
PE 42:5,0.046450195,0.044447979,0.052259748,0.063846517,0.118745363,0.049259229,0.122928639,0.115537719,0.132694426,0.143967841,0.037482006,0,0,0,0,0,0.074203181,0.033037925,0,0,0.108630379,0.102854897
PE 42:3,0,0,0,0,0,0.001443103,0.041360106,0.040283813,0.032245653,0.035892793,0,0,0,0,0,0,0,0,0,0,0,0
PE 42:2,0.014816361,0.022116922,0.022137247,0.01843615,0.032823306,0.051114202,0.040380866,0.039800009,0.014368494,0.013953414,0,0,0,0,0,0,0.025789978,0.037013963,0.005389188,0.004111994,0.014027422,0.011848325
PE 42:1,0,0,0.087999452,0.089867822,0,0,0.046520158,0.040279902,0.010291651,0.011576251,0,0,0,0,0,0,0,0,0,0,0.011803232,0.010583969
PE 44:9,0,0,0,0,0,0,0,0,0,0,0,0,0,0,0,0,0,0,0,0,0,0
PE 44:8,0,0,0,0,0,0,0,0,0.006096964,0.006592573,0,0,0,0,0,0,0,0,0,0,0.004103877,0.002727659
PE 44:7,0,0,0,0,0,0,0.013412171,0.015347641,0.018211808,0.019488593,0,0,0,0,0,0,0,0,0,0,0.007464449,0.008021446
PE 44:6,0,0,0,0,0,0,0.010957267,0.006622746,0.014624376,0,0,0,0,0,0,0,0.001392382,0,0,0,0.009767042,0.011687647
PE 44:5,0,0,0.00396083,0.004660255,0.012016451,0.002465272,0.031310757,0.034329853,0.036170726,0.031048676,0,0,0,0,0,0,0.004178937,0.003757977,0,0,0.028111585,0.027003801
PE 44:4,0,0,0.018397785,0.006275351,0,0,0.029106703,0.024333825,0.017222504,0,0,0,0,0,0,0,0,0,0.002563846,0,0.018221755,0.021239053
PE 44:3,0,0,0,0,0,0,0.001714304,0,0.001055964,0.002387537,0,0,0,0,0,0,0,0,0,0,0.003132773,0.002318097
PE 44:2,0,0,0.01224294,0.007104815,0.00242641,0.01994268,0.018757304,0.016559834,0.005693435,0,0,0,0,0,0,0,0.002675363,0.010369445,0,0,0.002619997,0.002746144
PE 44:1,0,0,0.011245086,0.011715135,0,0,0,0,0,0,0,0,0,0,0,0,0,0,0,0,0,0.001007074
SM 32:2;2,0.003624174,0.003520359,0.012311451,0.011809019,0.039541597,0.031190227,0.005163299,0.004966748,0.004026948,0.002370073,0.002698824,0.013801696,0.002829061,0.006407785,0.010096084,0.073114617,0.031491246,0.005251856,0.003451361,0.005301002,0.011737792,0.01171293
SM 32:1;2,0.051036195,0.050695802,0.139202473,0.135948827,0.115481067,0.135685012,0.075332467,0.072508075,0.070578762,0.074525962,0.057435536,0.032306164,0,0.002402126,0.213006776,0.003609973,0.12495014,0.153396612,0.076942157,0.04790836,0.101281522,0.096549627
SM 32:0;2,0.015625873,0.017230605,0.002180349,0,0.001069006,0.005312361,0.002349639,0.002047226,0.003548564,0.004164377,0,0,0.004153612,0,0.005158588,0,0,0.003886162,0.00115123,0,0.007515048,0.006520302
SM 34:2;2,0.021515273,0.022530149,0.180132755,0.181148124,0.085003525,0.089924915,0.171693074,0.166336445,0.051587898,0.050707725,0.077298195,0.066298461,0.149930331,0.131083013,0.337870796,0.02785846,0.116589492,0.138225805,0.187480899,0.205520396,0.093292213,0.091408396
SM 34:1;2,1.91619887,1.948398334,1.760155003,1.773133094,2.0419923,2.376480695,2.194071309,2.118238443,1.179280131,1.243234893,1.334679006,1.140338956,4.636726855,4.578047883,2.860567867,0.582128154,2.323833006,0,2.985988806,3.120106782,0,0
SM 34:0;2,0.750638909,0.764649513,0.108934658,0.108293501,0.099553692,0.138049416,0.218210359,0.206401623,0.082854563,0.088237153,0.025918831,0.003874062,1.151528868,1.150394975,0.044858603,0.039719623,0.078978099,0,0.219459448,0.229061925,0,0
SM 36:2;2,0.006138213,0.002760606,0.03737312,0.035242153,0.014976802,0.026221346,0.133118636,0.128768858,0.051439177,0.052979574,0.067644858,0.051428247,0.002900358,0.013846525,0.169435046,0.029034843,0.039733799,0.042753925,0.152764078,0.151978538,0.089444401,0.087407943
SM 36:1;2,0.037427795,0.037141684,0.1060984,0.104756918,0.042243585,0.072225947,0.226543085,0.228873279,0.083315488,0.08225913,0.115296242,0.080780124,0.049780727,0.046469921,0.178964507,0,0.076869591,0,0.342409477,0.35349097,0,0
SM 36:0;2,0,0,0,0,0,0,0,0,0,0,0,0.030825137,0.003135861,0.008175873,0,0.18656931,0,0,0,0,0,0
SM 38:2;2,0,0,0,0,0.001764724,0.003182927,0.01135574,0.010716078,0.005050021,0.00437993,0.002808219,0,0,0,0,0.001329163,0.001507967,0,0.001191547,0,0,0
SM 40:2;2,0.054759343,0.057756003,0.090369206,0.08445572,0.119603914,0.166463527,0.128967732,0.126608862,0.087109698,0.082573472,0.075318599,0.039980616,0.061467796,0.043938925,0.120898041,0,0.142892772,0,0.126212138,0.128100513,0,0
SM 40:1;2,0.158520634,0.163458027,0.398056662,0.388030475,0,0,0.386859309,0.365323124,0.213004708,0.217014437,0.175617482,0.142556634,0.398432842,0.372072619,0.508715359,0.069354144,0.067563507,0.084398654,0.447529629,0.469317481,0.356270444,0.334775523
SM 40:0;2,0.00929166,0.014587468,0,0,0,0,0.003355288,0.001053881,0.006998889,0.005759707,0,0.007765792,0.002301705,0,0,0.042953811,0,0,0,0.00221641,0,0
SM 42:2;2,0.646492763,0.678337244,0.788702438,0.769040862,1.001850084,1.227052451,1.620424499,1.588911334,0.993354073,1.004906132,0.515321892,0.422956301,1.10721005,1.102921306,0.973292746,0.234028493,1.222554138,1.532947466,1.592929761,1.678514009,1.625661575,1.525082749
SM 42:1;2,0.430077419,0.443262884,1.488078774,1.446116029,0,0.084988688,1.522958488,1.487434442,0.622739281,0.631935539,0.282905668,0.185157133,0.871187964,0.855783439,1.730837312,0.374196681,0.142223616,0,1.505407121,1.542916369,0,0
SM 42:0;2,0,0,0,0,0,0,0,0,0,0,0,0.001193223,0,0,0,0.035907929,0,0,0,0,0,0
SM 44:2;2,0.20862853,0.218209096,0.059152434,0.049387651,0.01695729,0.04939305,0.066745821,0.066237225,0.114088942,0.115922658,0.009635757,0,0.431730002,0.455121632,0,0,0.018909149,0,0.013525792,0.010990709,0,0
SM 44:1;2,0.091922831,0.095659971,0.072147639,0.069042655,0,0,0.019457442,0.016467612,0.056688218,0.053375739,0.002096599,0.001753735,0.235949374,0.221823153,0.022563687,0,0,0,0,0,0.117711455,0.108626371
TAG 42:0,0.004685471,0.004135357,0,0,0,0,0,0,0.002327836,0.002473205,0,0,0,0,0,0.026530384,0.014077865,0,0,0,0,0
TAG 44:1,0.013488556,0.01415442,0,0,0,0,0,0,0.012433178,0.012626809,0,0.05939773,0,0,0,0.020299613,0.022060213,0.014615118,0,0,0.007407669,0.007259536
TAG 44:0,0.02576231,0.027678314,0,0,0.004117124,0.00551222,0.001341022,0.002483615,0.014527149,0.015855021,0,0.029955396,0,0,0,0.008927764,0.024231904,0.005816109,0,0,0.004108275,0.004375761
TAG 46:2,0.013831183,0.01506145,0,0,0,0.002691718,0,0,0.025507402,0.022419054,0,0.10307706,0,0,0,0,0.034897573,0.029048068,0,0,0.018601748,0.017651989
TAG 46:1,0.061956375,0.062289257,0.019092476,0.034070214,0.021164144,0.021623069,0.005976563,0.006136931,0.048191025,0.044626916,0,0.173232396,0.217536114,0.143785558,0,0,0.066445921,0.042766329,0.030677385,0.031811234,0.034425161,0.032870635
TAG 46:0,0.05128868,0.050896746,0,0,0.015972946,0,0.018204535,0.01697448,0.037241697,0.038793676,0,0.034046392,0,0,0,0.004076077,0.028272329,0,0,0,0.016664878,0.016430494
TAG 48:3,0.009041875,0.009061863,0,0,0,0,0.006734966,0.006514964,0.032055369,0.030247588,0,0.090241959,0,0,0,0.027011942,0.023118397,0.022642915,0,0,0.042742077,0.040888708
TAG 48:2,0.070990477,0.071023515,0,0,0.04930507,0.054509073,0.015234687,0.015178256,0.082636447,0.078974574,0,0.188085654,0,0,0,0,0.113133047,0.094748797,0,0,0.092854657,0.08891729
TAG 48:1,0.179715287,0.178911458,0,0,0.124774263,0.126560041,0.078345718,0.076355488,0.149611942,0.145004532,0,0.205751444,0,0,0,0,0.143489936,0.118998499,0,0,0.150606727,0.144890753
TAG 48:0,0.064114554,0.067229497,0,0,0.004483768,0.005370663,0.07547273,0.072783554,0.056873662,0.057841447,0,0.074695839,0,0,0,0,0.030423448,0.012616006,0,0,0.044549772,0.042738365
TAG 50:3,0.031142869,0.030852409,0,0,0.030249353,0.037331578,0.019188904,0.01870521,0.08331564,0.075100738,0.02645602,0.173278324,0,0,0,0.018320019,0.089720263,0.084906168,0,0,0.144997153,0.139788814
TAG 50:2,0.186229522,0.191061995,0,0.009203599,0.182105916,0.194950035,0.107955026,0.107564561,0.214170141,0.204498686,0.093027884,0.331543009,0,0,0,0,0.293934258,0.268651187,0.115365516,0.117513352,0.313391725,0.304148689
TAG 50:1,0.174411535,0.177252062,0.025515457,0.039716537,0.124651659,0.121302559,0.290701333,0.280544351,0.184182016,0.184707316,0.0544693,0.223092516,0,0,0,0,0.14476787,0.122939303,0.307736114,0.323901686,0.221068004,0.213911033
TAG 52:5,0,0,0,0,0,0,0.006609886,0.006723947,0.027163143,0.025087373,0.08548828,0.117065633,0,0,0,0,0,0.011629266,0.011194262,0,0.090936108,0.086780204
TAG 52:4,0,0,0,0,0.047076328,0.002662493,0.018407447,0.018519599,0.063541407,0.058641191,0.096493674,0.250160198,0,0,0.025137797,0.063947194,0.062450475,0.038894904,0.01399495,0.018274385,0.175646276,0.170895527
TAG 52:3,0.077803458,0.079885106,0.010251491,0.02877216,0.10226926,0.120567387,0.087326166,0.086093045,0.165383278,0.157565504,0.17509519,0.384766163,0,0,0,0,0.234621058,0.222258937,0.150420847,0.149579915,0.31989431,0.30724627
TAG 52:2,0.212512552,0.212770652,0.054563311,0.083648195,0.256802181,0.274146882,0.325180086,0.315887743,0.267698216,0.259324094,0.230175705,0.476690977,0,0,0,0,0.39613593,0.365797622,0.574184152,0.582542243,0.40452732,0.388175475
TAG 52:1,0.03416519,0.034347934,0.149292102,0.156330611,0,0,0.233808391,0.227016868,0,0,0.058054105,0.156250006,0,0,0.243425751,0,0,0,0.327753689,0.334010729,0,0
TAG 54:6,0,0,0.022366497,0.028312606,0,0,0.021046106,0.020731986,0.030904461,0.028273061,0.175356009,0.252242117,0,0,0.061101545,0.0283221,0.00688819,0.021669085,0.08869769,0.086389501,0.12255871,0.117765455
TAG 54:5,0,0.001322674,0.021859219,0.029883303,0,0,0.026714036,0.026855432,0.054529782,0.050868484,0.302632917,0.417589063,0,0,0.076150045,0.035375224,0.038865986,0.046405914,0.106537662,0.108636371,0.195332162,0.189813686
TAG 54:4,0.008795023,0.008131087,0.008561182,0.017587617,0.015204259,0.01337351,0.049585692,0.050187137,0.087671068,0.082693474,0.181743771,0.301543055,0,0,0,0.045160672,0.082929627,0.068607485,0.105140897,0.111172608,0.230380583,0.221619348
TAG 54:3,0.067099931,0.071259876,0.047705346,0.062247581,0.133102233,0.151278762,0.164263028,0.162116167,0.138551421,0.131178071,0.171699378,0.296558148,0,0,0,0.029968238,0.246549075,0.234682852,0.324684948,0.319809984,0.208380106,0.200471133
TAG 54:2,0.055770667,0.0548624,0.06592053,0.077059196,0,0,0.162340555,0.160818431,0.02427733,0.024617299,0.073162135,0.157538782,0,0,0,0,0.026303686,0.022241172,0.298837428,0.319640003,0.040982042,0.038230732
TAG 54:1,0,0,0.045533089,0.045125786,0,0,0.074425965,0.071762678,0,0,0,0,0,0,0,0.017573235,0,0,0,0.021683328,0,0
TAG 56:7,0,0,0,0.03427564,0,0,0.037483688,0.038671164,0.029439631,0.026898159,0.241035312,0.23736643,0,0,0,0,0,0.00681681,0.138250486,0.14559766,0.120978751,0.114631239
TAG 56:6,0,0,0.040289527,0.045815283,0,0,0.03801182,0.039950635,0.042272293,0.039274401,0.380106675,0.391907096,0,0,0,0,0,0.013444263,0.119816989,0.125874125,0.156223784,0.146929421
TAG 56:5,0,0,0.021383534,0.028727675,0,0,0.036063398,0.036942917,0.041777657,0.037461209,0.306030056,0.31279133,0,0,0,0,0.006954764,0.013698145,0.116601771,0.133196723,0.124493305,0.117568389
TAG 56:4,0,0,0.021876158,0.021600938,0,0.002913268,0.029906436,0.030361895,0.027183081,0.023818866,0.071268737,0.086997223,0,0,0,0,0.012251521,0.011543948,0.081342999,0.076633255,0.053842711,0.050619439
TAG 56:3,0.02634663,0.024624678,0.022003727,0.021593994,0.033611702,0.041234239,0.038274535,0.041204024,0.017729994,0.015865858,0.040564183,0.058904989,0,0,0,0,0.037898741,0.036635008,0.07993553,0.085770484,0.023724347,0.0233692
TAG 56:2,0.030952777,0.033236045,0.053272288,0.055590058,0,0,0.040902993,0.043136605,0.015128505,0.012541637,0,0.050376602,0,0,0,0,0.034106644,0.031857443,0.090089905,0.087061806,0.014910203,0.013523831
TAG 58:8,0,0,0,0,0,0,0.024427042,0.02531317,0.019118129,0.017062264,0.249714913,0.225904072,0,0,0,0,0,0,0,0,0.077668653,0.076323109
TAG 58:7,0,0,0.020015737,0.025119823,0,0,0.028043038,0.029204996,0.017646754,0.01590828,0.223083123,0.230083555,0,0,0,0,0,0,0.095647805,0.09734493,0.068825106,0.066968606
TAG 58:6,0,0,0.007045741,0,0,0,0.021963197,0.022115329,0.013663828,0.011383981,0.228610401,0.248987716,0,0,0,0,0,0,0.059680433,0.063424725,0.04993251,0.048703159
TAG 60:12,0,0,0,0,0,0,0,0,0,0,0.007470003,0.001292523,0,0,0,0,0,0,0,0,0,0.002126586
TAG 60:8,0,0,0,0,0,0,0.007886705,0.008854608,0.003622289,0,0.149922158,0.12717817,0,0,0,0,0,0,0,0,0.029307769,0.028512579
LPA,0.019621699,0.017939711,0.037406763,0.044317484,0.007503037,0.004299643,0.00896578,0.008954127,0.010692988,0.009212083,0.189277584,0.160989238,0.04428525,0,0,0,0.003670073,0.00443464,0.004482686,0.008648719,0.007329696,0.007715365
LPI O-,0.007340399,0.005898005,0,0.004855055,0.0210042,0.020148073,0,0.001111099,0,0,0,0.001090944,0.001318321,0.003488624,0.083439907,0.010117376,0.003962666,0.002788676,0.047783794,0.03910598,0,0
LPI,0.735697229,0.712114194,0.45446746,0.470521027,0.644497528,0.657374214,0.849121707,0.829023456,0.544534965,0.567914635,0.067741047,0.033300817,0,0,0.019643298,0.015983715,0.287703021,0.334381004,0.226363576,0.219658935,0.249529147,0.239614086
LPS O-,0,0.012178407,0,0,0,0,0,0,0,0,0,0,0,0,0,0,0,0,0,0,0,0
LPS,0.094541421,0.093239478,0.119474659,0.119381467,0.105661854,0.107772549,0.072054812,0.07025115,0.039981122,0.03860651,0,0,0.505338823,0.477454739,0,0,0.107701565,0.122104052,0.030423464,0,0.077281146,0.075191766
PA,0.09505259,0.077725644,0.257320347,0.246769935,0.126083795,0.104764242,0.120023251,0.114066213,0.155116962,0.161838295,0.03712526,0.027262169,0.009502466,0.010332264,0,0,0.057721993,0.066281277,0.022266419,0.022688421,0.016101109,0.015484072
PA O-,0,0,0,0,0,0,0,0,0,0,0,0,0,0,0,0,0,0,0,0,0,0
PI O-,0.14133001,0.108253698,0,0,0.349906486,0.282337592,0.038714723,0.022977599,0.014507129,0.012631444,0,0,0,0,0,0,0.392126185,0.440270221,0,0,0.018082682,0.016529015
PI,10.62982342,8.877723945,7.779405526,7.845173915,9.162239238,7.388153197,9.315440198,9.132087676,9.103526236,8.991378978,7.157155326,6.697510329,5.309643447,4.426094775,4.257063694,1.288362929,10.8555791,11.35666106,6.855649883,7.132306821,15.06245415,14.66331826
PS,2.037813409,1.385223163,2.321594858,2.299927428,1.97826268,1.581171344,2.675951577,2.638031958,1.712326552,1.775290773,2.080996026,1.908362199,3.743552242,3.407997182,3.702685226,1.016178226,4.354675657,4.675681278,2.908985728,3.031674007,3.13919176,3.03890744
diHexCer,0,0.001009041,0.654418781,0.614431106,0.099755126,0.046729237,0.032848834,0.056145914,0.030152733,0.028645464,0.357269693,0.305258606,0,0,0.091057777,0.033785773,0.048331792,0.044592966,0.002416583,0.017215348,0.039751722,0.037970505
triHexCer,0,0,0.389881393,0.36945286,0.025714164,0.647955055,0.309633542,0.228651914,0.555783836,0.072604074,14.70311737,14.15622886,0,0,0,0,0,0,0.019529275,0,0,0.085059534
LPC O-,0.043874314,0.057641101,0.033575436,0.035343813,0.148635042,0.173403965,0.064127231,0.063741312,0.023897315,0.030669515,0.38242571,0.41293858,0.346736731,0.360527734,1.131433572,0.262693107,0.002823339,0.128781509,0.609228686,0.584591188,0,0.107428267
LPC,1.15067682,1.283491509,0.818282093,0.796092163,1.087422081,1.257124366,0.470622711,0.479757451,0.415262114,0.534111206,1.386566072,0.945931168,1.152172955,0.933356456,0.132394695,0.049283853,0.163549372,0.894905547,0.833241136,0.952071665,0.063917464,0.531026043
LPE O-,0.273193815,0.280994076,0.318295177,0.305390412,0.285807401,0.289842615,0.177558308,0.169007141,0.119749317,0.085347609,0.083055786,0.108499902,0.508299894,0.747750642,0.189670133,0.043037154,0.050021876,0.161487011,0.27459172,0.306203684,0.088326923,0.182518846
LPE,1.005878569,1.012674399,2.022569416,2.041841415,1.077673524,1.16063688,0.695066433,0.685018131,1.008664929,2.616037763,7.633986049,7.332435059,5.995371863,6.077266546,11.63579735,2.461351884,0.345939551,3.645703635,9.954621221,10.68185571,0.353931875,3.590492026
LPG,0,0,0,0,0,0,0,0,0,0,0,0,0,0,0.275450017,0.122980439,0,0,0,0,0,0
PG,0.143602639,0.093042992,0.077288125,0.073552406,0.06305712,0.046789295,0.554892313,0.578705761,0.324773332,0.437249379,0.103355034,0.058077512,0.248659356,0.101011569,0.279356903,0.003169646,1.276843878,0.801867716,0.108521854,0.133472752,2.886757128,1.85627824
Chol,18.32604447,19.3959613,26.15939257,25.93416327,22.73776683,22.93614008,22.94738722,24.0739009,24.58232607,27.18640648,32.40832883,30.72389327,36.89358086,34.64981501,34.99893136,59.64385086,31.36945428,38.54606645,29.65643307,27.88579168,37.06143045,36.56068252
Cer,0.215682328,0.200298254,1.098655294,1.030482806,0.126267139,0.195782345,0.307668437,0.300218439,0.363272065,0.36654633,0.306653894,0.544883146,2.035435752,2.366649533,0.711112082,3.402370212,1.206922854,1.511020792,1.28873897,1.196195619,0.853742688,0.806242078
CE,0,0,0.337340166,0.427384096,0.426567029,0,1.465468432,1.438418286,0.110378415,0.106717088,1.294798007,4.244794869,0.004395944,0.011080163,0.335591293,22.04243179,0.50908451,0.259458375,1.037305205,1.033285555,0.293052546,0.295567725
DAG,1.301579455,1.324766068,1.507093926,1.582951446,1.445007292,1.812385053,1.068094788,1.035612538,0.922506803,0.898475632,0,0.365992732,2.058999244,1.972566782,0.044374842,0.250600455,1.646078235,1.471141966,0.403799997,0.45111727,0.321339446,0.308002532
HexCer,0.038207604,0.042530714,0.763588281,0.760518953,0.027895569,0.08008576,0.193277438,0.187601217,0.128366609,0.128314815,0.322504198,0.325549983,0.0428587,0.037141324,1.307609124,0.312882154,0.127958389,0.076767301,0.340277756,0.342048146,0.127950562,0.125990807
PC O-,0.954726035,1.023603536,2.936231449,2.872104831,6.091719447,6.098953593,3.127179487,3.090176882,1.289281269,1.365415629,2.619784487,2.457753694,0.90011743,1.302848043,2.044413469,0.579064684,4.72200638,1.706975158,2.263908663,2.287946686,0.679292707,0.647382015
PC,31.3520992,31.90821962,24.27316343,23.25588888,29.47024876,28.05687526,24.07833203,23.94796788,26.18158208,26.90469318,11.60918878,8.079042294,13.05930185,13.93762741,14.39877465,4.172418842,16.50980242,8.672858252,16.02062008,16.3094466,9.910447935,9.403710557
PE O-,6.008647218,5.766921451,6.402163911,8.11340097,3.983194815,6.295986967,6.133010393,6.189524162,6.931808092,7.247456138,5.000092453,7.929274098,11.73728521,14.22793519,7.769590479,0.97027264,7.080713181,9.441982556,5.531673471,5.670569174,8.59905236,8.409873784
PE,19.62256394,20.38030315,15.33894817,14.75496842,15.78318205,15.17309061,16.41612847,16.00244576,19.77546793,14.78845771,5.89024276,4.491322691,6.07634214,5.816781278,9.00952959,1.293846601,12.27470444,11.70899672,10.66610187,10.40881353,14.14815945,13.26878523
SM,4.401898481,4.518197745,5.242895361,5.156405027,3.580037586,4.406170564,6.786606186,6.590893254,3.625665362,3.714346502,2.74467571,2.221016282,9.109265406,8.988489176,7.176265412,1.699805201,4.388096522,1.96086048,7.656443444,7.945423464,2.402914449,2.262083841
TAG,1.400104922,1.420048794,0.656547409,0.844680816,1.144890206,1.176027497,2.091825695,2.065709784,2.030375773,1.931632769,3.621659928,6.468591563,0.217536114,0.143785558,0.405815138,0.325512461,2.214528721,1.963931352,3.236591457,3.339869044,3.599962603,3.464145454
